# ************************************************************
# Sequel Ace SQL dump
# Version 20046
#
# https://sequel-ace.com/
# https://github.com/Sequel-Ace/Sequel-Ace
#
# Host: 127.0.0.1 (MySQL 5.5.5-10.6.3-MariaDB)
# Database: strapi_boilerplate
# Generation Time: 2023-04-15 15:08:40 +0000
# ************************************************************


/*!40101 SET @OLD_CHARACTER_SET_CLIENT=@@CHARACTER_SET_CLIENT */;
/*!40101 SET @OLD_CHARACTER_SET_RESULTS=@@CHARACTER_SET_RESULTS */;
/*!40101 SET @OLD_COLLATION_CONNECTION=@@COLLATION_CONNECTION */;
SET NAMES utf8mb4;
/*!40014 SET @OLD_FOREIGN_KEY_CHECKS=@@FOREIGN_KEY_CHECKS, FOREIGN_KEY_CHECKS=0 */;
/*!40101 SET @OLD_SQL_MODE='NO_AUTO_VALUE_ON_ZERO', SQL_MODE='NO_AUTO_VALUE_ON_ZERO' */;
/*!40111 SET @OLD_SQL_NOTES=@@SQL_NOTES, SQL_NOTES=0 */;


# Dump of table admin_permissions
# ------------------------------------------------------------

DROP TABLE IF EXISTS `admin_permissions`;

CREATE TABLE `admin_permissions` (
  `id` int(10) unsigned NOT NULL AUTO_INCREMENT,
  `action` varchar(255) DEFAULT NULL,
  `subject` varchar(255) DEFAULT NULL,
  `properties` longtext CHARACTER SET utf8mb4 COLLATE utf8mb4_bin DEFAULT NULL CHECK (json_valid(`properties`)),
  `conditions` longtext CHARACTER SET utf8mb4 COLLATE utf8mb4_bin DEFAULT NULL CHECK (json_valid(`conditions`)),
  `created_at` datetime(6) DEFAULT NULL,
  `updated_at` datetime(6) DEFAULT NULL,
  `created_by_id` int(10) unsigned DEFAULT NULL,
  `updated_by_id` int(10) unsigned DEFAULT NULL,
  PRIMARY KEY (`id`),
  KEY `admin_permissions_created_by_id_fk` (`created_by_id`),
  KEY `admin_permissions_updated_by_id_fk` (`updated_by_id`),
  CONSTRAINT `admin_permissions_created_by_id_fk` FOREIGN KEY (`created_by_id`) REFERENCES `admin_users` (`id`) ON DELETE SET NULL,
  CONSTRAINT `admin_permissions_updated_by_id_fk` FOREIGN KEY (`updated_by_id`) REFERENCES `admin_users` (`id`) ON DELETE SET NULL
) ENGINE=InnoDB DEFAULT CHARSET=utf8mb4;

LOCK TABLES `admin_permissions` WRITE;
/*!40000 ALTER TABLE `admin_permissions` DISABLE KEYS */;

INSERT INTO `admin_permissions` (`id`, `action`, `subject`, `properties`, `conditions`, `created_at`, `updated_at`, `created_by_id`, `updated_by_id`)
VALUES
	(1,'plugin::content-manager.explorer.create','plugin::block-gallery.block',X'7B226669656C6473223A5B22696D616765222C22646973706C61794E616D65222C22626C6F636B4E616D65222C2265787465726E616C55726C225D7D',X'5B5D','2023-04-15 16:42:12.811000','2023-04-15 16:42:12.811000',NULL,NULL),
	(2,'plugin::content-manager.explorer.create','api::article.article',X'7B226669656C6473223A5B227469746C65222C226D61696E496D616765222C227075626C69736844617465222C22636F6E74656E74222C22736C7567222C227065726578222C22617574686F72222C2273656F2E6D6574615469746C65222C2273656F2E6D6574614465736372697074696F6E222C2273656F2E6D657461536F6369616C2E736F6369616C4E6574776F726B222C2273656F2E6D657461536F6369616C2E7469746C65222C2273656F2E6D657461536F6369616C2E6465736372697074696F6E222C2273656F2E6D657461536F6369616C2E696D616765222C2273656F2E6B6579776F726473222C2273656F2E6D657461526F626F7473222C2273656F2E7374727563747572656444617461222C2273656F2E6D65746156696577706F7274222C2273656F2E63616E6F6E6963616C55524C222C2273656F2E70726576656E74496E646578696E67222C2273656F2E6D6574612E6E616D65222C2273656F2E6D6574612E636F6E74656E74222C2273656F2E7469746C65222C22736974656D61702E656E61626C6564222C22736974656D61702E6368616E67654672657175656E6379222C22736974656D61702E7072696F72697479225D7D',X'5B5D','2023-04-15 16:42:12.823000','2023-04-15 16:42:12.823000',NULL,NULL),
	(3,'plugin::content-manager.explorer.create','api::icon.icon',X'7B226669656C6473223A5B227469746C65222C22636F64656E616D65225D7D',X'5B5D','2023-04-15 16:42:12.828000','2023-04-15 16:42:12.828000',NULL,NULL),
	(4,'plugin::content-manager.explorer.create','api::menu.menu',X'7B226669656C6473223A5B227469746C65222C226974656D732E6C6162656C222C226974656D732E70616765222C226974656D732E65787465726E616C55726C222C226974656D732E6F70656E496E4E6577546162225D7D',X'5B5D','2023-04-15 16:42:12.832000','2023-04-15 16:42:12.832000',NULL,NULL),
	(5,'plugin::content-manager.explorer.create','api::message.message',X'7B226669656C6473223A5B226E616D65222C2270686F6E65222C22656D61696C222C226D657373616765222C2263697479225D7D',X'5B5D','2023-04-15 16:42:12.839000','2023-04-15 16:42:12.839000',NULL,NULL),
	(6,'plugin::content-manager.explorer.create','api::newsletter-subscriber.newsletter-subscriber',X'7B226669656C6473223A5B22656D61696C225D7D',X'5B5D','2023-04-15 16:42:12.844000','2023-04-15 16:42:12.844000',NULL,NULL),
	(7,'plugin::content-manager.explorer.create','api::page.page',X'7B226669656C6473223A5B227469746C65222C2275726C222C22626C6F636B73222C227061676573222C22706172656E74222C2273656F2E6D6574615469746C65222C2273656F2E6D6574614465736372697074696F6E222C2273656F2E6D657461536F6369616C2E736F6369616C4E6574776F726B222C2273656F2E6D657461536F6369616C2E7469746C65222C2273656F2E6D657461536F6369616C2E6465736372697074696F6E222C2273656F2E6D657461536F6369616C2E696D616765222C2273656F2E6B6579776F726473222C2273656F2E6D657461526F626F7473222C2273656F2E7374727563747572656444617461222C2273656F2E6D65746156696577706F7274222C2273656F2E63616E6F6E6963616C55524C222C2273656F2E70726576656E74496E646578696E67222C2273656F2E6D6574612E6E616D65222C2273656F2E6D6574612E636F6E74656E74222C2273656F2E7469746C65222C22736974656D61702E656E61626C6564222C22736974656D61702E6368616E67654672657175656E6379222C22736974656D61702E7072696F72697479225D7D',X'5B5D','2023-04-15 16:42:12.848000','2023-04-15 16:42:12.848000',NULL,NULL),
	(8,'plugin::content-manager.explorer.create','api::redirect.redirect',X'7B226669656C6473223A5B22726564697265637446726F6D222C227265646972656374546F222C22737461747573436F6465225D7D',X'5B5D','2023-04-15 16:42:12.852000','2023-04-15 16:42:12.852000',NULL,NULL),
	(9,'plugin::content-manager.explorer.create','api::system-resource.system-resource',X'7B226669656C6473223A5B226E616D65222C22636F64656E616D65222C2276616C7565225D7D',X'5B5D','2023-04-15 16:42:12.863000','2023-04-15 16:42:12.863000',NULL,NULL),
	(10,'plugin::content-manager.explorer.create','api::template.template',X'7B226669656C6473223A5B227469746C65222C22636F6E74656E74225D7D',X'5B5D','2023-04-15 16:42:12.866000','2023-04-15 16:42:12.866000',NULL,NULL),
	(11,'plugin::content-manager.explorer.create','api::web-setting.web-setting',X'7B226669656C6473223A5B2267746D436F6465222C2266616365626F6F6B222C2274776974746572222C22696E7374616772616D222C2270696E746572657374222C22796F7574756265222C22686F6D6550616765222C2261727469636C6544657461696C50616765222C226D61696C46726F6D222C226D61696C546F222C226D61696C5375626A656374222C226D61696E4D656E75222C2261727469636C657350616765222C2273656F2E6D6574615469746C65222C2273656F2E6D6574614465736372697074696F6E222C2273656F2E6D657461536F6369616C2E736F6369616C4E6574776F726B222C2273656F2E6D657461536F6369616C2E7469746C65222C2273656F2E6D657461536F6369616C2E6465736372697074696F6E222C2273656F2E6D657461536F6369616C2E696D616765222C2273656F2E6B6579776F726473222C2273656F2E6D657461526F626F7473222C2273656F2E7374727563747572656444617461222C2273656F2E6D65746156696577706F7274222C2273656F2E63616E6F6E6963616C55524C222C2273656F2E70726576656E74496E646578696E67222C2273656F2E6D6574612E6E616D65222C2273656F2E6D6574612E636F6E74656E74222C2273656F2E7469746C65222C22666F6F7465724D656E75225D7D',X'5B5D','2023-04-15 16:42:12.883000','2023-04-15 16:42:12.883000',NULL,NULL),
	(12,'plugin::content-manager.explorer.read','plugin::block-gallery.block',X'7B226669656C6473223A5B22696D616765222C22646973706C61794E616D65222C22626C6F636B4E616D65222C2265787465726E616C55726C225D7D',X'5B5D','2023-04-15 16:42:12.888000','2023-04-15 16:42:12.888000',NULL,NULL),
	(13,'plugin::content-manager.explorer.read','api::article.article',X'7B226669656C6473223A5B227469746C65222C226D61696E496D616765222C227075626C69736844617465222C22636F6E74656E74222C22736C7567222C227065726578222C22617574686F72222C2273656F2E6D6574615469746C65222C2273656F2E6D6574614465736372697074696F6E222C2273656F2E6D657461536F6369616C2E736F6369616C4E6574776F726B222C2273656F2E6D657461536F6369616C2E7469746C65222C2273656F2E6D657461536F6369616C2E6465736372697074696F6E222C2273656F2E6D657461536F6369616C2E696D616765222C2273656F2E6B6579776F726473222C2273656F2E6D657461526F626F7473222C2273656F2E7374727563747572656444617461222C2273656F2E6D65746156696577706F7274222C2273656F2E63616E6F6E6963616C55524C222C2273656F2E70726576656E74496E646578696E67222C2273656F2E6D6574612E6E616D65222C2273656F2E6D6574612E636F6E74656E74222C2273656F2E7469746C65222C22736974656D61702E656E61626C6564222C22736974656D61702E6368616E67654672657175656E6379222C22736974656D61702E7072696F72697479225D7D',X'5B5D','2023-04-15 16:42:12.891000','2023-04-15 16:42:12.891000',NULL,NULL),
	(14,'plugin::content-manager.explorer.read','api::icon.icon',X'7B226669656C6473223A5B227469746C65222C22636F64656E616D65225D7D',X'5B5D','2023-04-15 16:42:12.894000','2023-04-15 16:42:12.894000',NULL,NULL),
	(15,'plugin::content-manager.explorer.read','api::menu.menu',X'7B226669656C6473223A5B227469746C65222C226974656D732E6C6162656C222C226974656D732E70616765222C226974656D732E65787465726E616C55726C222C226974656D732E6F70656E496E4E6577546162225D7D',X'5B5D','2023-04-15 16:42:12.897000','2023-04-15 16:42:12.897000',NULL,NULL),
	(16,'plugin::content-manager.explorer.read','api::message.message',X'7B226669656C6473223A5B226E616D65222C2270686F6E65222C22656D61696C222C226D657373616765222C2263697479225D7D',X'5B5D','2023-04-15 16:42:12.899000','2023-04-15 16:42:12.899000',NULL,NULL),
	(17,'plugin::content-manager.explorer.read','api::newsletter-subscriber.newsletter-subscriber',X'7B226669656C6473223A5B22656D61696C225D7D',X'5B5D','2023-04-15 16:42:12.906000','2023-04-15 16:42:12.906000',NULL,NULL),
	(18,'plugin::content-manager.explorer.read','api::page.page',X'7B226669656C6473223A5B227469746C65222C2275726C222C22626C6F636B73222C227061676573222C22706172656E74222C2273656F2E6D6574615469746C65222C2273656F2E6D6574614465736372697074696F6E222C2273656F2E6D657461536F6369616C2E736F6369616C4E6574776F726B222C2273656F2E6D657461536F6369616C2E7469746C65222C2273656F2E6D657461536F6369616C2E6465736372697074696F6E222C2273656F2E6D657461536F6369616C2E696D616765222C2273656F2E6B6579776F726473222C2273656F2E6D657461526F626F7473222C2273656F2E7374727563747572656444617461222C2273656F2E6D65746156696577706F7274222C2273656F2E63616E6F6E6963616C55524C222C2273656F2E70726576656E74496E646578696E67222C2273656F2E6D6574612E6E616D65222C2273656F2E6D6574612E636F6E74656E74222C2273656F2E7469746C65222C22736974656D61702E656E61626C6564222C22736974656D61702E6368616E67654672657175656E6379222C22736974656D61702E7072696F72697479225D7D',X'5B5D','2023-04-15 16:42:12.911000','2023-04-15 16:42:12.911000',NULL,NULL),
	(19,'plugin::content-manager.explorer.read','api::redirect.redirect',X'7B226669656C6473223A5B22726564697265637446726F6D222C227265646972656374546F222C22737461747573436F6465225D7D',X'5B5D','2023-04-15 16:42:12.918000','2023-04-15 16:42:12.918000',NULL,NULL),
	(20,'plugin::content-manager.explorer.read','api::system-resource.system-resource',X'7B226669656C6473223A5B226E616D65222C22636F64656E616D65222C2276616C7565225D7D',X'5B5D','2023-04-15 16:42:12.927000','2023-04-15 16:42:12.927000',NULL,NULL),
	(21,'plugin::content-manager.explorer.read','api::template.template',X'7B226669656C6473223A5B227469746C65222C22636F6E74656E74225D7D',X'5B5D','2023-04-15 16:42:12.932000','2023-04-15 16:42:12.932000',NULL,NULL),
	(22,'plugin::content-manager.explorer.read','api::web-setting.web-setting',X'7B226669656C6473223A5B2267746D436F6465222C2266616365626F6F6B222C2274776974746572222C22696E7374616772616D222C2270696E746572657374222C22796F7574756265222C22686F6D6550616765222C2261727469636C6544657461696C50616765222C226D61696C46726F6D222C226D61696C546F222C226D61696C5375626A656374222C226D61696E4D656E75222C2261727469636C657350616765222C2273656F2E6D6574615469746C65222C2273656F2E6D6574614465736372697074696F6E222C2273656F2E6D657461536F6369616C2E736F6369616C4E6574776F726B222C2273656F2E6D657461536F6369616C2E7469746C65222C2273656F2E6D657461536F6369616C2E6465736372697074696F6E222C2273656F2E6D657461536F6369616C2E696D616765222C2273656F2E6B6579776F726473222C2273656F2E6D657461526F626F7473222C2273656F2E7374727563747572656444617461222C2273656F2E6D65746156696577706F7274222C2273656F2E63616E6F6E6963616C55524C222C2273656F2E70726576656E74496E646578696E67222C2273656F2E6D6574612E6E616D65222C2273656F2E6D6574612E636F6E74656E74222C2273656F2E7469746C65222C22666F6F7465724D656E75225D7D',X'5B5D','2023-04-15 16:42:12.942000','2023-04-15 16:42:12.942000',NULL,NULL),
	(23,'plugin::content-manager.explorer.update','plugin::block-gallery.block',X'7B226669656C6473223A5B22696D616765222C22646973706C61794E616D65222C22626C6F636B4E616D65222C2265787465726E616C55726C225D7D',X'5B5D','2023-04-15 16:42:12.947000','2023-04-15 16:42:12.947000',NULL,NULL),
	(24,'plugin::content-manager.explorer.update','api::article.article',X'7B226669656C6473223A5B227469746C65222C226D61696E496D616765222C227075626C69736844617465222C22636F6E74656E74222C22736C7567222C227065726578222C22617574686F72222C2273656F2E6D6574615469746C65222C2273656F2E6D6574614465736372697074696F6E222C2273656F2E6D657461536F6369616C2E736F6369616C4E6574776F726B222C2273656F2E6D657461536F6369616C2E7469746C65222C2273656F2E6D657461536F6369616C2E6465736372697074696F6E222C2273656F2E6D657461536F6369616C2E696D616765222C2273656F2E6B6579776F726473222C2273656F2E6D657461526F626F7473222C2273656F2E7374727563747572656444617461222C2273656F2E6D65746156696577706F7274222C2273656F2E63616E6F6E6963616C55524C222C2273656F2E70726576656E74496E646578696E67222C2273656F2E6D6574612E6E616D65222C2273656F2E6D6574612E636F6E74656E74222C2273656F2E7469746C65222C22736974656D61702E656E61626C6564222C22736974656D61702E6368616E67654672657175656E6379222C22736974656D61702E7072696F72697479225D7D',X'5B5D','2023-04-15 16:42:12.950000','2023-04-15 16:42:12.950000',NULL,NULL),
	(25,'plugin::content-manager.explorer.update','api::icon.icon',X'7B226669656C6473223A5B227469746C65222C22636F64656E616D65225D7D',X'5B5D','2023-04-15 16:42:12.957000','2023-04-15 16:42:12.957000',NULL,NULL),
	(26,'plugin::content-manager.explorer.update','api::menu.menu',X'7B226669656C6473223A5B227469746C65222C226974656D732E6C6162656C222C226974656D732E70616765222C226974656D732E65787465726E616C55726C222C226974656D732E6F70656E496E4E6577546162225D7D',X'5B5D','2023-04-15 16:42:12.965000','2023-04-15 16:42:12.965000',NULL,NULL),
	(27,'plugin::content-manager.explorer.update','api::message.message',X'7B226669656C6473223A5B226E616D65222C2270686F6E65222C22656D61696C222C226D657373616765222C2263697479225D7D',X'5B5D','2023-04-15 16:42:12.968000','2023-04-15 16:42:12.968000',NULL,NULL),
	(28,'plugin::content-manager.explorer.update','api::newsletter-subscriber.newsletter-subscriber',X'7B226669656C6473223A5B22656D61696C225D7D',X'5B5D','2023-04-15 16:42:12.973000','2023-04-15 16:42:12.973000',NULL,NULL),
	(29,'plugin::content-manager.explorer.update','api::page.page',X'7B226669656C6473223A5B227469746C65222C2275726C222C22626C6F636B73222C227061676573222C22706172656E74222C2273656F2E6D6574615469746C65222C2273656F2E6D6574614465736372697074696F6E222C2273656F2E6D657461536F6369616C2E736F6369616C4E6574776F726B222C2273656F2E6D657461536F6369616C2E7469746C65222C2273656F2E6D657461536F6369616C2E6465736372697074696F6E222C2273656F2E6D657461536F6369616C2E696D616765222C2273656F2E6B6579776F726473222C2273656F2E6D657461526F626F7473222C2273656F2E7374727563747572656444617461222C2273656F2E6D65746156696577706F7274222C2273656F2E63616E6F6E6963616C55524C222C2273656F2E70726576656E74496E646578696E67222C2273656F2E6D6574612E6E616D65222C2273656F2E6D6574612E636F6E74656E74222C2273656F2E7469746C65222C22736974656D61702E656E61626C6564222C22736974656D61702E6368616E67654672657175656E6379222C22736974656D61702E7072696F72697479225D7D',X'5B5D','2023-04-15 16:42:12.977000','2023-04-15 16:42:12.977000',NULL,NULL),
	(30,'plugin::content-manager.explorer.update','api::redirect.redirect',X'7B226669656C6473223A5B22726564697265637446726F6D222C227265646972656374546F222C22737461747573436F6465225D7D',X'5B5D','2023-04-15 16:42:12.980000','2023-04-15 16:42:12.980000',NULL,NULL),
	(31,'plugin::content-manager.explorer.update','api::system-resource.system-resource',X'7B226669656C6473223A5B226E616D65222C22636F64656E616D65222C2276616C7565225D7D',X'5B5D','2023-04-15 16:42:12.984000','2023-04-15 16:42:12.984000',NULL,NULL),
	(32,'plugin::content-manager.explorer.update','api::template.template',X'7B226669656C6473223A5B227469746C65222C22636F6E74656E74225D7D',X'5B5D','2023-04-15 16:42:12.991000','2023-04-15 16:42:12.991000',NULL,NULL),
	(33,'plugin::content-manager.explorer.update','api::web-setting.web-setting',X'7B226669656C6473223A5B2267746D436F6465222C2266616365626F6F6B222C2274776974746572222C22696E7374616772616D222C2270696E746572657374222C22796F7574756265222C22686F6D6550616765222C2261727469636C6544657461696C50616765222C226D61696C46726F6D222C226D61696C546F222C226D61696C5375626A656374222C226D61696E4D656E75222C2261727469636C657350616765222C2273656F2E6D6574615469746C65222C2273656F2E6D6574614465736372697074696F6E222C2273656F2E6D657461536F6369616C2E736F6369616C4E6574776F726B222C2273656F2E6D657461536F6369616C2E7469746C65222C2273656F2E6D657461536F6369616C2E6465736372697074696F6E222C2273656F2E6D657461536F6369616C2E696D616765222C2273656F2E6B6579776F726473222C2273656F2E6D657461526F626F7473222C2273656F2E7374727563747572656444617461222C2273656F2E6D65746156696577706F7274222C2273656F2E63616E6F6E6963616C55524C222C2273656F2E70726576656E74496E646578696E67222C2273656F2E6D6574612E6E616D65222C2273656F2E6D6574612E636F6E74656E74222C2273656F2E7469746C65222C22666F6F7465724D656E75225D7D',X'5B5D','2023-04-15 16:42:12.996000','2023-04-15 16:42:12.996000',NULL,NULL),
	(34,'plugin::content-manager.explorer.delete','plugin::block-gallery.block',X'7B7D',X'5B5D','2023-04-15 16:42:12.998000','2023-04-15 16:42:12.998000',NULL,NULL),
	(36,'plugin::content-manager.explorer.delete','api::icon.icon',X'7B7D',X'5B5D','2023-04-15 16:42:13.014000','2023-04-15 16:42:13.014000',NULL,NULL),
	(38,'plugin::content-manager.explorer.delete','api::message.message',X'7B7D',X'5B5D','2023-04-15 16:42:13.032000','2023-04-15 16:42:13.032000',NULL,NULL),
	(39,'plugin::content-manager.explorer.delete','api::newsletter-subscriber.newsletter-subscriber',X'7B7D',X'5B5D','2023-04-15 16:42:13.042000','2023-04-15 16:42:13.042000',NULL,NULL),
	(41,'plugin::content-manager.explorer.delete','api::redirect.redirect',X'7B7D',X'5B5D','2023-04-15 16:42:13.048000','2023-04-15 16:42:13.048000',NULL,NULL),
	(46,'plugin::content-manager.explorer.publish','api::icon.icon',X'7B7D',X'5B5D','2023-04-15 16:42:13.079000','2023-04-15 16:42:13.079000',NULL,NULL),
	(48,'plugin::content-manager.explorer.publish','api::message.message',X'7B7D',X'5B5D','2023-04-15 16:42:13.086000','2023-04-15 16:42:13.086000',NULL,NULL),
	(49,'plugin::content-manager.explorer.publish','api::newsletter-subscriber.newsletter-subscriber',X'7B7D',X'5B5D','2023-04-15 16:42:13.090000','2023-04-15 16:42:13.090000',NULL,NULL),
	(51,'plugin::content-manager.explorer.publish','api::redirect.redirect',X'7B7D',X'5B5D','2023-04-15 16:42:13.096000','2023-04-15 16:42:13.096000',NULL,NULL),
	(55,'plugin::upload.read',NULL,X'7B7D',X'5B5D','2023-04-15 16:42:13.113000','2023-04-15 16:42:13.113000',NULL,NULL),
	(56,'plugin::upload.configure-view',NULL,X'7B7D',X'5B5D','2023-04-15 16:42:13.116000','2023-04-15 16:42:13.116000',NULL,NULL),
	(57,'plugin::upload.assets.create',NULL,X'7B7D',X'5B5D','2023-04-15 16:42:13.131000','2023-04-15 16:42:13.131000',NULL,NULL),
	(58,'plugin::upload.assets.update',NULL,X'7B7D',X'5B5D','2023-04-15 16:42:13.135000','2023-04-15 16:42:13.135000',NULL,NULL),
	(59,'plugin::upload.assets.download',NULL,X'7B7D',X'5B5D','2023-04-15 16:42:13.138000','2023-04-15 16:42:13.138000',NULL,NULL),
	(60,'plugin::upload.assets.copy-link',NULL,X'7B7D',X'5B5D','2023-04-15 16:42:13.148000','2023-04-15 16:42:13.148000',NULL,NULL),
	(61,'plugin::content-manager.explorer.create','plugin::block-gallery.block',X'7B226669656C6473223A5B22696D616765222C22646973706C61794E616D65222C22626C6F636B4E616D65222C2265787465726E616C55726C225D7D',X'5B2261646D696E3A3A69732D63726561746F72225D','2023-04-15 16:42:13.161000','2023-04-15 16:42:13.161000',NULL,NULL),
	(62,'plugin::content-manager.explorer.create','api::article.article',X'7B226669656C6473223A5B227469746C65222C226D61696E496D616765222C227075626C69736844617465222C22636F6E74656E74222C22736C7567222C227065726578222C22617574686F72222C2273656F2E6D6574615469746C65222C2273656F2E6D6574614465736372697074696F6E222C2273656F2E6D657461536F6369616C2E736F6369616C4E6574776F726B222C2273656F2E6D657461536F6369616C2E7469746C65222C2273656F2E6D657461536F6369616C2E6465736372697074696F6E222C2273656F2E6D657461536F6369616C2E696D616765222C2273656F2E6B6579776F726473222C2273656F2E6D657461526F626F7473222C2273656F2E7374727563747572656444617461222C2273656F2E6D65746156696577706F7274222C2273656F2E63616E6F6E6963616C55524C222C2273656F2E70726576656E74496E646578696E67222C2273656F2E6D6574612E6E616D65222C2273656F2E6D6574612E636F6E74656E74222C2273656F2E7469746C65222C22736974656D61702E656E61626C6564222C22736974656D61702E6368616E67654672657175656E6379222C22736974656D61702E7072696F72697479225D7D',X'5B2261646D696E3A3A69732D63726561746F72225D','2023-04-15 16:42:13.166000','2023-04-15 16:42:13.166000',NULL,NULL),
	(63,'plugin::content-manager.explorer.create','api::icon.icon',X'7B226669656C6473223A5B227469746C65222C22636F64656E616D65225D7D',X'5B2261646D696E3A3A69732D63726561746F72225D','2023-04-15 16:42:13.169000','2023-04-15 16:42:13.169000',NULL,NULL),
	(64,'plugin::content-manager.explorer.create','api::menu.menu',X'7B226669656C6473223A5B227469746C65222C226974656D732E6C6162656C222C226974656D732E70616765222C226974656D732E65787465726E616C55726C222C226974656D732E6F70656E496E4E6577546162225D7D',X'5B2261646D696E3A3A69732D63726561746F72225D','2023-04-15 16:42:13.172000','2023-04-15 16:42:13.172000',NULL,NULL),
	(65,'plugin::content-manager.explorer.create','api::message.message',X'7B226669656C6473223A5B226E616D65222C2270686F6E65222C22656D61696C222C226D657373616765222C2263697479225D7D',X'5B2261646D696E3A3A69732D63726561746F72225D','2023-04-15 16:42:13.174000','2023-04-15 16:42:13.174000',NULL,NULL),
	(66,'plugin::content-manager.explorer.create','api::newsletter-subscriber.newsletter-subscriber',X'7B226669656C6473223A5B22656D61696C225D7D',X'5B2261646D696E3A3A69732D63726561746F72225D','2023-04-15 16:42:13.177000','2023-04-15 16:42:13.177000',NULL,NULL),
	(67,'plugin::content-manager.explorer.create','api::page.page',X'7B226669656C6473223A5B227469746C65222C2275726C222C22626C6F636B73222C227061676573222C22706172656E74222C2273656F2E6D6574615469746C65222C2273656F2E6D6574614465736372697074696F6E222C2273656F2E6D657461536F6369616C2E736F6369616C4E6574776F726B222C2273656F2E6D657461536F6369616C2E7469746C65222C2273656F2E6D657461536F6369616C2E6465736372697074696F6E222C2273656F2E6D657461536F6369616C2E696D616765222C2273656F2E6B6579776F726473222C2273656F2E6D657461526F626F7473222C2273656F2E7374727563747572656444617461222C2273656F2E6D65746156696577706F7274222C2273656F2E63616E6F6E6963616C55524C222C2273656F2E70726576656E74496E646578696E67222C2273656F2E6D6574612E6E616D65222C2273656F2E6D6574612E636F6E74656E74222C2273656F2E7469746C65222C22736974656D61702E656E61626C6564222C22736974656D61702E6368616E67654672657175656E6379222C22736974656D61702E7072696F72697479225D7D',X'5B2261646D696E3A3A69732D63726561746F72225D','2023-04-15 16:42:13.180000','2023-04-15 16:42:13.180000',NULL,NULL),
	(68,'plugin::content-manager.explorer.create','api::redirect.redirect',X'7B226669656C6473223A5B22726564697265637446726F6D222C227265646972656374546F222C22737461747573436F6465225D7D',X'5B2261646D696E3A3A69732D63726561746F72225D','2023-04-15 16:42:13.182000','2023-04-15 16:42:13.182000',NULL,NULL),
	(69,'plugin::content-manager.explorer.create','api::system-resource.system-resource',X'7B226669656C6473223A5B226E616D65222C22636F64656E616D65222C2276616C7565225D7D',X'5B2261646D696E3A3A69732D63726561746F72225D','2023-04-15 16:42:13.184000','2023-04-15 16:42:13.184000',NULL,NULL),
	(70,'plugin::content-manager.explorer.create','api::template.template',X'7B226669656C6473223A5B227469746C65222C22636F6E74656E74225D7D',X'5B2261646D696E3A3A69732D63726561746F72225D','2023-04-15 16:42:13.189000','2023-04-15 16:42:13.189000',NULL,NULL),
	(71,'plugin::content-manager.explorer.create','api::web-setting.web-setting',X'7B226669656C6473223A5B2267746D436F6465222C2266616365626F6F6B222C2274776974746572222C22696E7374616772616D222C2270696E746572657374222C22796F7574756265222C22686F6D6550616765222C2261727469636C6544657461696C50616765222C226D61696C46726F6D222C226D61696C546F222C226D61696C5375626A656374222C226D61696E4D656E75222C2261727469636C657350616765222C2273656F2E6D6574615469746C65222C2273656F2E6D6574614465736372697074696F6E222C2273656F2E6D657461536F6369616C2E736F6369616C4E6574776F726B222C2273656F2E6D657461536F6369616C2E7469746C65222C2273656F2E6D657461536F6369616C2E6465736372697074696F6E222C2273656F2E6D657461536F6369616C2E696D616765222C2273656F2E6B6579776F726473222C2273656F2E6D657461526F626F7473222C2273656F2E7374727563747572656444617461222C2273656F2E6D65746156696577706F7274222C2273656F2E63616E6F6E6963616C55524C222C2273656F2E70726576656E74496E646578696E67222C2273656F2E6D6574612E6E616D65222C2273656F2E6D6574612E636F6E74656E74222C2273656F2E7469746C65222C22666F6F7465724D656E75225D7D',X'5B2261646D696E3A3A69732D63726561746F72225D','2023-04-15 16:42:13.203000','2023-04-15 16:42:13.203000',NULL,NULL),
	(72,'plugin::content-manager.explorer.read','plugin::block-gallery.block',X'7B226669656C6473223A5B22696D616765222C22646973706C61794E616D65222C22626C6F636B4E616D65222C2265787465726E616C55726C225D7D',X'5B2261646D696E3A3A69732D63726561746F72225D','2023-04-15 16:42:13.208000','2023-04-15 16:42:13.208000',NULL,NULL),
	(73,'plugin::content-manager.explorer.read','api::article.article',X'7B226669656C6473223A5B227469746C65222C226D61696E496D616765222C227075626C69736844617465222C22636F6E74656E74222C22736C7567222C227065726578222C22617574686F72222C2273656F2E6D6574615469746C65222C2273656F2E6D6574614465736372697074696F6E222C2273656F2E6D657461536F6369616C2E736F6369616C4E6574776F726B222C2273656F2E6D657461536F6369616C2E7469746C65222C2273656F2E6D657461536F6369616C2E6465736372697074696F6E222C2273656F2E6D657461536F6369616C2E696D616765222C2273656F2E6B6579776F726473222C2273656F2E6D657461526F626F7473222C2273656F2E7374727563747572656444617461222C2273656F2E6D65746156696577706F7274222C2273656F2E63616E6F6E6963616C55524C222C2273656F2E70726576656E74496E646578696E67222C2273656F2E6D6574612E6E616D65222C2273656F2E6D6574612E636F6E74656E74222C2273656F2E7469746C65222C22736974656D61702E656E61626C6564222C22736974656D61702E6368616E67654672657175656E6379222C22736974656D61702E7072696F72697479225D7D',X'5B2261646D696E3A3A69732D63726561746F72225D','2023-04-15 16:42:13.211000','2023-04-15 16:42:13.211000',NULL,NULL),
	(74,'plugin::content-manager.explorer.read','api::icon.icon',X'7B226669656C6473223A5B227469746C65222C22636F64656E616D65225D7D',X'5B2261646D696E3A3A69732D63726561746F72225D','2023-04-15 16:42:13.215000','2023-04-15 16:42:13.215000',NULL,NULL),
	(75,'plugin::content-manager.explorer.read','api::menu.menu',X'7B226669656C6473223A5B227469746C65222C226974656D732E6C6162656C222C226974656D732E70616765222C226974656D732E65787465726E616C55726C222C226974656D732E6F70656E496E4E6577546162225D7D',X'5B2261646D696E3A3A69732D63726561746F72225D','2023-04-15 16:42:13.218000','2023-04-15 16:42:13.218000',NULL,NULL),
	(76,'plugin::content-manager.explorer.read','api::message.message',X'7B226669656C6473223A5B226E616D65222C2270686F6E65222C22656D61696C222C226D657373616765222C2263697479225D7D',X'5B2261646D696E3A3A69732D63726561746F72225D','2023-04-15 16:42:13.226000','2023-04-15 16:42:13.226000',NULL,NULL),
	(77,'plugin::content-manager.explorer.read','api::newsletter-subscriber.newsletter-subscriber',X'7B226669656C6473223A5B22656D61696C225D7D',X'5B2261646D696E3A3A69732D63726561746F72225D','2023-04-15 16:42:13.229000','2023-04-15 16:42:13.229000',NULL,NULL),
	(78,'plugin::content-manager.explorer.read','api::page.page',X'7B226669656C6473223A5B227469746C65222C2275726C222C22626C6F636B73222C227061676573222C22706172656E74222C2273656F2E6D6574615469746C65222C2273656F2E6D6574614465736372697074696F6E222C2273656F2E6D657461536F6369616C2E736F6369616C4E6574776F726B222C2273656F2E6D657461536F6369616C2E7469746C65222C2273656F2E6D657461536F6369616C2E6465736372697074696F6E222C2273656F2E6D657461536F6369616C2E696D616765222C2273656F2E6B6579776F726473222C2273656F2E6D657461526F626F7473222C2273656F2E7374727563747572656444617461222C2273656F2E6D65746156696577706F7274222C2273656F2E63616E6F6E6963616C55524C222C2273656F2E70726576656E74496E646578696E67222C2273656F2E6D6574612E6E616D65222C2273656F2E6D6574612E636F6E74656E74222C2273656F2E7469746C65222C22736974656D61702E656E61626C6564222C22736974656D61702E6368616E67654672657175656E6379222C22736974656D61702E7072696F72697479225D7D',X'5B2261646D696E3A3A69732D63726561746F72225D','2023-04-15 16:42:13.237000','2023-04-15 16:42:13.237000',NULL,NULL),
	(79,'plugin::content-manager.explorer.read','api::redirect.redirect',X'7B226669656C6473223A5B22726564697265637446726F6D222C227265646972656374546F222C22737461747573436F6465225D7D',X'5B2261646D696E3A3A69732D63726561746F72225D','2023-04-15 16:42:13.250000','2023-04-15 16:42:13.250000',NULL,NULL),
	(80,'plugin::content-manager.explorer.read','api::system-resource.system-resource',X'7B226669656C6473223A5B226E616D65222C22636F64656E616D65222C2276616C7565225D7D',X'5B2261646D696E3A3A69732D63726561746F72225D','2023-04-15 16:42:13.254000','2023-04-15 16:42:13.254000',NULL,NULL),
	(81,'plugin::content-manager.explorer.read','api::template.template',X'7B226669656C6473223A5B227469746C65222C22636F6E74656E74225D7D',X'5B2261646D696E3A3A69732D63726561746F72225D','2023-04-15 16:42:13.258000','2023-04-15 16:42:13.258000',NULL,NULL),
	(82,'plugin::content-manager.explorer.read','api::web-setting.web-setting',X'7B226669656C6473223A5B2267746D436F6465222C2266616365626F6F6B222C2274776974746572222C22696E7374616772616D222C2270696E746572657374222C22796F7574756265222C22686F6D6550616765222C2261727469636C6544657461696C50616765222C226D61696C46726F6D222C226D61696C546F222C226D61696C5375626A656374222C226D61696E4D656E75222C2261727469636C657350616765222C2273656F2E6D6574615469746C65222C2273656F2E6D6574614465736372697074696F6E222C2273656F2E6D657461536F6369616C2E736F6369616C4E6574776F726B222C2273656F2E6D657461536F6369616C2E7469746C65222C2273656F2E6D657461536F6369616C2E6465736372697074696F6E222C2273656F2E6D657461536F6369616C2E696D616765222C2273656F2E6B6579776F726473222C2273656F2E6D657461526F626F7473222C2273656F2E7374727563747572656444617461222C2273656F2E6D65746156696577706F7274222C2273656F2E63616E6F6E6963616C55524C222C2273656F2E70726576656E74496E646578696E67222C2273656F2E6D6574612E6E616D65222C2273656F2E6D6574612E636F6E74656E74222C2273656F2E7469746C65222C22666F6F7465724D656E75225D7D',X'5B2261646D696E3A3A69732D63726561746F72225D','2023-04-15 16:42:13.267000','2023-04-15 16:42:13.267000',NULL,NULL),
	(83,'plugin::content-manager.explorer.update','plugin::block-gallery.block',X'7B226669656C6473223A5B22696D616765222C22646973706C61794E616D65222C22626C6F636B4E616D65222C2265787465726E616C55726C225D7D',X'5B2261646D696E3A3A69732D63726561746F72225D','2023-04-15 16:42:13.277000','2023-04-15 16:42:13.277000',NULL,NULL),
	(84,'plugin::content-manager.explorer.update','api::article.article',X'7B226669656C6473223A5B227469746C65222C226D61696E496D616765222C227075626C69736844617465222C22636F6E74656E74222C22736C7567222C227065726578222C22617574686F72222C2273656F2E6D6574615469746C65222C2273656F2E6D6574614465736372697074696F6E222C2273656F2E6D657461536F6369616C2E736F6369616C4E6574776F726B222C2273656F2E6D657461536F6369616C2E7469746C65222C2273656F2E6D657461536F6369616C2E6465736372697074696F6E222C2273656F2E6D657461536F6369616C2E696D616765222C2273656F2E6B6579776F726473222C2273656F2E6D657461526F626F7473222C2273656F2E7374727563747572656444617461222C2273656F2E6D65746156696577706F7274222C2273656F2E63616E6F6E6963616C55524C222C2273656F2E70726576656E74496E646578696E67222C2273656F2E6D6574612E6E616D65222C2273656F2E6D6574612E636F6E74656E74222C2273656F2E7469746C65222C22736974656D61702E656E61626C6564222C22736974656D61702E6368616E67654672657175656E6379222C22736974656D61702E7072696F72697479225D7D',X'5B2261646D696E3A3A69732D63726561746F72225D','2023-04-15 16:42:13.281000','2023-04-15 16:42:13.281000',NULL,NULL),
	(85,'plugin::content-manager.explorer.update','api::icon.icon',X'7B226669656C6473223A5B227469746C65222C22636F64656E616D65225D7D',X'5B2261646D696E3A3A69732D63726561746F72225D','2023-04-15 16:42:13.283000','2023-04-15 16:42:13.283000',NULL,NULL),
	(86,'plugin::content-manager.explorer.update','api::menu.menu',X'7B226669656C6473223A5B227469746C65222C226974656D732E6C6162656C222C226974656D732E70616765222C226974656D732E65787465726E616C55726C222C226974656D732E6F70656E496E4E6577546162225D7D',X'5B2261646D696E3A3A69732D63726561746F72225D','2023-04-15 16:42:13.286000','2023-04-15 16:42:13.286000',NULL,NULL),
	(87,'plugin::content-manager.explorer.update','api::message.message',X'7B226669656C6473223A5B226E616D65222C2270686F6E65222C22656D61696C222C226D657373616765222C2263697479225D7D',X'5B2261646D696E3A3A69732D63726561746F72225D','2023-04-15 16:42:13.290000','2023-04-15 16:42:13.290000',NULL,NULL),
	(88,'plugin::content-manager.explorer.update','api::newsletter-subscriber.newsletter-subscriber',X'7B226669656C6473223A5B22656D61696C225D7D',X'5B2261646D696E3A3A69732D63726561746F72225D','2023-04-15 16:42:13.299000','2023-04-15 16:42:13.299000',NULL,NULL),
	(89,'plugin::content-manager.explorer.update','api::page.page',X'7B226669656C6473223A5B227469746C65222C2275726C222C22626C6F636B73222C227061676573222C22706172656E74222C2273656F2E6D6574615469746C65222C2273656F2E6D6574614465736372697074696F6E222C2273656F2E6D657461536F6369616C2E736F6369616C4E6574776F726B222C2273656F2E6D657461536F6369616C2E7469746C65222C2273656F2E6D657461536F6369616C2E6465736372697074696F6E222C2273656F2E6D657461536F6369616C2E696D616765222C2273656F2E6B6579776F726473222C2273656F2E6D657461526F626F7473222C2273656F2E7374727563747572656444617461222C2273656F2E6D65746156696577706F7274222C2273656F2E63616E6F6E6963616C55524C222C2273656F2E70726576656E74496E646578696E67222C2273656F2E6D6574612E6E616D65222C2273656F2E6D6574612E636F6E74656E74222C2273656F2E7469746C65222C22736974656D61702E656E61626C6564222C22736974656D61702E6368616E67654672657175656E6379222C22736974656D61702E7072696F72697479225D7D',X'5B2261646D696E3A3A69732D63726561746F72225D','2023-04-15 16:42:13.301000','2023-04-15 16:42:13.301000',NULL,NULL),
	(90,'plugin::content-manager.explorer.update','api::redirect.redirect',X'7B226669656C6473223A5B22726564697265637446726F6D222C227265646972656374546F222C22737461747573436F6465225D7D',X'5B2261646D696E3A3A69732D63726561746F72225D','2023-04-15 16:42:13.305000','2023-04-15 16:42:13.305000',NULL,NULL),
	(91,'plugin::content-manager.explorer.update','api::system-resource.system-resource',X'7B226669656C6473223A5B226E616D65222C22636F64656E616D65222C2276616C7565225D7D',X'5B2261646D696E3A3A69732D63726561746F72225D','2023-04-15 16:42:13.307000','2023-04-15 16:42:13.307000',NULL,NULL),
	(92,'plugin::content-manager.explorer.update','api::template.template',X'7B226669656C6473223A5B227469746C65222C22636F6E74656E74225D7D',X'5B2261646D696E3A3A69732D63726561746F72225D','2023-04-15 16:42:13.311000','2023-04-15 16:42:13.311000',NULL,NULL),
	(93,'plugin::content-manager.explorer.update','api::web-setting.web-setting',X'7B226669656C6473223A5B2267746D436F6465222C2266616365626F6F6B222C2274776974746572222C22696E7374616772616D222C2270696E746572657374222C22796F7574756265222C22686F6D6550616765222C2261727469636C6544657461696C50616765222C226D61696C46726F6D222C226D61696C546F222C226D61696C5375626A656374222C226D61696E4D656E75222C2261727469636C657350616765222C2273656F2E6D6574615469746C65222C2273656F2E6D6574614465736372697074696F6E222C2273656F2E6D657461536F6369616C2E736F6369616C4E6574776F726B222C2273656F2E6D657461536F6369616C2E7469746C65222C2273656F2E6D657461536F6369616C2E6465736372697074696F6E222C2273656F2E6D657461536F6369616C2E696D616765222C2273656F2E6B6579776F726473222C2273656F2E6D657461526F626F7473222C2273656F2E7374727563747572656444617461222C2273656F2E6D65746156696577706F7274222C2273656F2E63616E6F6E6963616C55524C222C2273656F2E70726576656E74496E646578696E67222C2273656F2E6D6574612E6E616D65222C2273656F2E6D6574612E636F6E74656E74222C2273656F2E7469746C65222C22666F6F7465724D656E75225D7D',X'5B2261646D696E3A3A69732D63726561746F72225D','2023-04-15 16:42:13.313000','2023-04-15 16:42:13.313000',NULL,NULL),
	(94,'plugin::content-manager.explorer.delete','plugin::block-gallery.block',X'7B7D',X'5B2261646D696E3A3A69732D63726561746F72225D','2023-04-15 16:42:13.315000','2023-04-15 16:42:13.315000',NULL,NULL),
	(96,'plugin::content-manager.explorer.delete','api::icon.icon',X'7B7D',X'5B2261646D696E3A3A69732D63726561746F72225D','2023-04-15 16:42:13.327000','2023-04-15 16:42:13.327000',NULL,NULL),
	(98,'plugin::content-manager.explorer.delete','api::message.message',X'7B7D',X'5B2261646D696E3A3A69732D63726561746F72225D','2023-04-15 16:42:13.332000','2023-04-15 16:42:13.332000',NULL,NULL),
	(99,'plugin::content-manager.explorer.delete','api::newsletter-subscriber.newsletter-subscriber',X'7B7D',X'5B2261646D696E3A3A69732D63726561746F72225D','2023-04-15 16:42:13.334000','2023-04-15 16:42:13.334000',NULL,NULL),
	(101,'plugin::content-manager.explorer.delete','api::redirect.redirect',X'7B7D',X'5B2261646D696E3A3A69732D63726561746F72225D','2023-04-15 16:42:13.339000','2023-04-15 16:42:13.339000',NULL,NULL),
	(105,'plugin::upload.read',NULL,X'7B7D',X'5B2261646D696E3A3A69732D63726561746F72225D','2023-04-15 16:42:13.364000','2023-04-15 16:42:13.364000',NULL,NULL),
	(106,'plugin::upload.configure-view',NULL,X'7B7D',X'5B5D','2023-04-15 16:42:13.371000','2023-04-15 16:42:13.371000',NULL,NULL),
	(107,'plugin::upload.assets.create',NULL,X'7B7D',X'5B5D','2023-04-15 16:42:13.374000','2023-04-15 16:42:13.374000',NULL,NULL),
	(108,'plugin::upload.assets.update',NULL,X'7B7D',X'5B2261646D696E3A3A69732D63726561746F72225D','2023-04-15 16:42:13.376000','2023-04-15 16:42:13.376000',NULL,NULL),
	(109,'plugin::upload.assets.download',NULL,X'7B7D',X'5B5D','2023-04-15 16:42:13.379000','2023-04-15 16:42:13.379000',NULL,NULL),
	(110,'plugin::upload.assets.copy-link',NULL,X'7B7D',X'5B5D','2023-04-15 16:42:13.387000','2023-04-15 16:42:13.387000',NULL,NULL),
	(111,'plugin::content-manager.explorer.create','plugin::block-gallery.block',X'7B226669656C6473223A5B22696D616765222C22646973706C61794E616D65222C22626C6F636B4E616D65222C2265787465726E616C55726C225D7D',X'5B5D','2023-04-15 16:42:13.443000','2023-04-15 16:42:13.443000',NULL,NULL),
	(112,'plugin::content-manager.explorer.create','plugin::users-permissions.user',X'7B226669656C6473223A5B22757365726E616D65222C22656D61696C222C2270726F7669646572222C2270617373776F7264222C22726573657450617373776F7264546F6B656E222C22636F6E6669726D6174696F6E546F6B656E222C22636F6E6669726D6564222C22626C6F636B6564222C22726F6C65225D7D',X'5B5D','2023-04-15 16:42:13.449000','2023-04-15 16:42:13.449000',NULL,NULL),
	(113,'plugin::content-manager.explorer.create','api::article.article',X'7B226669656C6473223A5B227469746C65222C226D61696E496D616765222C227075626C69736844617465222C22636F6E74656E74222C22736C7567222C227065726578222C22617574686F72222C2273656F2E6D6574615469746C65222C2273656F2E6D6574614465736372697074696F6E222C2273656F2E6D657461536F6369616C2E736F6369616C4E6574776F726B222C2273656F2E6D657461536F6369616C2E7469746C65222C2273656F2E6D657461536F6369616C2E6465736372697074696F6E222C2273656F2E6D657461536F6369616C2E696D616765222C2273656F2E6B6579776F726473222C2273656F2E6D657461526F626F7473222C2273656F2E7374727563747572656444617461222C2273656F2E6D65746156696577706F7274222C2273656F2E63616E6F6E6963616C55524C222C2273656F2E70726576656E74496E646578696E67222C2273656F2E6D6574612E6E616D65222C2273656F2E6D6574612E636F6E74656E74222C2273656F2E7469746C65222C22736974656D61702E656E61626C6564222C22736974656D61702E6368616E67654672657175656E6379222C22736974656D61702E7072696F72697479225D2C226C6F63616C6573223A5B226373225D7D',X'5B5D','2023-04-15 16:45:03.207000','2023-04-15 16:45:03.207000',NULL,NULL),
	(114,'plugin::content-manager.explorer.create','api::icon.icon',X'7B226669656C6473223A5B227469746C65222C22636F64656E616D65225D7D',X'5B5D','2023-04-15 16:42:13.456000','2023-04-15 16:42:13.456000',NULL,NULL),
	(115,'plugin::content-manager.explorer.create','api::menu.menu',X'7B226669656C6473223A5B227469746C65222C226974656D732E6C6162656C222C226974656D732E70616765222C226974656D732E65787465726E616C55726C222C226974656D732E6F70656E496E4E6577546162225D2C226C6F63616C6573223A5B226373225D7D',X'5B5D','2023-04-15 16:45:03.217000','2023-04-15 16:45:03.217000',NULL,NULL),
	(116,'plugin::content-manager.explorer.create','api::message.message',X'7B226669656C6473223A5B226E616D65222C2270686F6E65222C22656D61696C222C226D657373616765222C2263697479225D7D',X'5B5D','2023-04-15 16:42:13.461000','2023-04-15 16:42:13.461000',NULL,NULL),
	(117,'plugin::content-manager.explorer.create','api::newsletter-subscriber.newsletter-subscriber',X'7B226669656C6473223A5B22656D61696C225D7D',X'5B5D','2023-04-15 16:42:13.464000','2023-04-15 16:42:13.464000',NULL,NULL),
	(118,'plugin::content-manager.explorer.create','api::page.page',X'7B226669656C6473223A5B227469746C65222C2275726C222C22626C6F636B73222C227061676573222C22706172656E74222C2273656F2E6D6574615469746C65222C2273656F2E6D6574614465736372697074696F6E222C2273656F2E6D657461536F6369616C2E736F6369616C4E6574776F726B222C2273656F2E6D657461536F6369616C2E7469746C65222C2273656F2E6D657461536F6369616C2E6465736372697074696F6E222C2273656F2E6D657461536F6369616C2E696D616765222C2273656F2E6B6579776F726473222C2273656F2E6D657461526F626F7473222C2273656F2E7374727563747572656444617461222C2273656F2E6D65746156696577706F7274222C2273656F2E63616E6F6E6963616C55524C222C2273656F2E70726576656E74496E646578696E67222C2273656F2E6D6574612E6E616D65222C2273656F2E6D6574612E636F6E74656E74222C2273656F2E7469746C65222C22736974656D61702E656E61626C6564222C22736974656D61702E6368616E67654672657175656E6379222C22736974656D61702E7072696F72697479225D2C226C6F63616C6573223A5B226373225D7D',X'5B5D','2023-04-15 16:45:03.222000','2023-04-15 16:45:03.222000',NULL,NULL),
	(119,'plugin::content-manager.explorer.create','api::redirect.redirect',X'7B226669656C6473223A5B22726564697265637446726F6D222C227265646972656374546F222C22737461747573436F6465225D7D',X'5B5D','2023-04-15 16:42:13.470000','2023-04-15 16:42:13.470000',NULL,NULL),
	(120,'plugin::content-manager.explorer.create','api::system-resource.system-resource',X'7B226669656C6473223A5B226E616D65222C22636F64656E616D65222C2276616C7565225D2C226C6F63616C6573223A5B226373225D7D',X'5B5D','2023-04-15 16:45:03.234000','2023-04-15 16:45:03.234000',NULL,NULL),
	(121,'plugin::content-manager.explorer.create','api::template.template',X'7B226669656C6473223A5B227469746C65222C22636F6E74656E74225D2C226C6F63616C6573223A5B226373225D7D',X'5B5D','2023-04-15 16:45:03.237000','2023-04-15 16:45:03.237000',NULL,NULL),
	(122,'plugin::content-manager.explorer.create','api::web-setting.web-setting',X'7B226669656C6473223A5B2267746D436F6465222C2266616365626F6F6B222C2274776974746572222C22696E7374616772616D222C2270696E746572657374222C22796F7574756265222C22686F6D6550616765222C2261727469636C6544657461696C50616765222C226D61696C46726F6D222C226D61696C546F222C226D61696C5375626A656374222C226D61696E4D656E75222C2261727469636C657350616765222C2273656F2E6D6574615469746C65222C2273656F2E6D6574614465736372697074696F6E222C2273656F2E6D657461536F6369616C2E736F6369616C4E6574776F726B222C2273656F2E6D657461536F6369616C2E7469746C65222C2273656F2E6D657461536F6369616C2E6465736372697074696F6E222C2273656F2E6D657461536F6369616C2E696D616765222C2273656F2E6B6579776F726473222C2273656F2E6D657461526F626F7473222C2273656F2E7374727563747572656444617461222C2273656F2E6D65746156696577706F7274222C2273656F2E63616E6F6E6963616C55524C222C2273656F2E70726576656E74496E646578696E67222C2273656F2E6D6574612E6E616D65222C2273656F2E6D6574612E636F6E74656E74222C2273656F2E7469746C65222C22666F6F7465724D656E75225D2C226C6F63616C6573223A5B226373225D7D',X'5B5D','2023-04-15 16:45:03.240000','2023-04-15 16:45:03.240000',NULL,NULL),
	(123,'plugin::content-manager.explorer.read','plugin::block-gallery.block',X'7B226669656C6473223A5B22696D616765222C22646973706C61794E616D65222C22626C6F636B4E616D65222C2265787465726E616C55726C225D7D',X'5B5D','2023-04-15 16:42:13.482000','2023-04-15 16:42:13.482000',NULL,NULL),
	(124,'plugin::content-manager.explorer.read','plugin::users-permissions.user',X'7B226669656C6473223A5B22757365726E616D65222C22656D61696C222C2270726F7669646572222C2270617373776F7264222C22726573657450617373776F7264546F6B656E222C22636F6E6669726D6174696F6E546F6B656E222C22636F6E6669726D6564222C22626C6F636B6564222C22726F6C65225D7D',X'5B5D','2023-04-15 16:42:13.485000','2023-04-15 16:42:13.485000',NULL,NULL),
	(125,'plugin::content-manager.explorer.read','api::article.article',X'7B226669656C6473223A5B227469746C65222C226D61696E496D616765222C227075626C69736844617465222C22636F6E74656E74222C22736C7567222C227065726578222C22617574686F72222C2273656F2E6D6574615469746C65222C2273656F2E6D6574614465736372697074696F6E222C2273656F2E6D657461536F6369616C2E736F6369616C4E6574776F726B222C2273656F2E6D657461536F6369616C2E7469746C65222C2273656F2E6D657461536F6369616C2E6465736372697074696F6E222C2273656F2E6D657461536F6369616C2E696D616765222C2273656F2E6B6579776F726473222C2273656F2E6D657461526F626F7473222C2273656F2E7374727563747572656444617461222C2273656F2E6D65746156696577706F7274222C2273656F2E63616E6F6E6963616C55524C222C2273656F2E70726576656E74496E646578696E67222C2273656F2E6D6574612E6E616D65222C2273656F2E6D6574612E636F6E74656E74222C2273656F2E7469746C65222C22736974656D61702E656E61626C6564222C22736974656D61702E6368616E67654672657175656E6379222C22736974656D61702E7072696F72697479225D2C226C6F63616C6573223A5B226373225D7D',X'5B5D','2023-04-15 16:45:03.250000','2023-04-15 16:45:03.250000',NULL,NULL),
	(126,'plugin::content-manager.explorer.read','api::icon.icon',X'7B226669656C6473223A5B227469746C65222C22636F64656E616D65225D7D',X'5B5D','2023-04-15 16:42:13.496000','2023-04-15 16:42:13.496000',NULL,NULL),
	(127,'plugin::content-manager.explorer.read','api::menu.menu',X'7B226669656C6473223A5B227469746C65222C226974656D732E6C6162656C222C226974656D732E70616765222C226974656D732E65787465726E616C55726C222C226974656D732E6F70656E496E4E6577546162225D2C226C6F63616C6573223A5B226373225D7D',X'5B5D','2023-04-15 16:45:03.263000','2023-04-15 16:45:03.263000',NULL,NULL),
	(128,'plugin::content-manager.explorer.read','api::message.message',X'7B226669656C6473223A5B226E616D65222C2270686F6E65222C22656D61696C222C226D657373616765222C2263697479225D7D',X'5B5D','2023-04-15 16:42:13.500000','2023-04-15 16:42:13.500000',NULL,NULL),
	(129,'plugin::content-manager.explorer.read','api::newsletter-subscriber.newsletter-subscriber',X'7B226669656C6473223A5B22656D61696C225D7D',X'5B5D','2023-04-15 16:42:13.502000','2023-04-15 16:42:13.502000',NULL,NULL),
	(130,'plugin::content-manager.explorer.read','api::page.page',X'7B226669656C6473223A5B227469746C65222C2275726C222C22626C6F636B73222C227061676573222C22706172656E74222C2273656F2E6D6574615469746C65222C2273656F2E6D6574614465736372697074696F6E222C2273656F2E6D657461536F6369616C2E736F6369616C4E6574776F726B222C2273656F2E6D657461536F6369616C2E7469746C65222C2273656F2E6D657461536F6369616C2E6465736372697074696F6E222C2273656F2E6D657461536F6369616C2E696D616765222C2273656F2E6B6579776F726473222C2273656F2E6D657461526F626F7473222C2273656F2E7374727563747572656444617461222C2273656F2E6D65746156696577706F7274222C2273656F2E63616E6F6E6963616C55524C222C2273656F2E70726576656E74496E646578696E67222C2273656F2E6D6574612E6E616D65222C2273656F2E6D6574612E636F6E74656E74222C2273656F2E7469746C65222C22736974656D61702E656E61626C6564222C22736974656D61702E6368616E67654672657175656E6379222C22736974656D61702E7072696F72697479225D2C226C6F63616C6573223A5B226373225D7D',X'5B5D','2023-04-15 16:45:03.269000','2023-04-15 16:45:03.269000',NULL,NULL),
	(131,'plugin::content-manager.explorer.read','api::redirect.redirect',X'7B226669656C6473223A5B22726564697265637446726F6D222C227265646972656374546F222C22737461747573436F6465225D7D',X'5B5D','2023-04-15 16:42:13.510000','2023-04-15 16:42:13.510000',NULL,NULL),
	(132,'plugin::content-manager.explorer.read','api::system-resource.system-resource',X'7B226669656C6473223A5B226E616D65222C22636F64656E616D65222C2276616C7565225D2C226C6F63616C6573223A5B226373225D7D',X'5B5D','2023-04-15 16:45:03.282000','2023-04-15 16:45:03.282000',NULL,NULL),
	(133,'plugin::content-manager.explorer.read','api::template.template',X'7B226669656C6473223A5B227469746C65222C22636F6E74656E74225D2C226C6F63616C6573223A5B226373225D7D',X'5B5D','2023-04-15 16:45:03.286000','2023-04-15 16:45:03.286000',NULL,NULL),
	(134,'plugin::content-manager.explorer.read','api::web-setting.web-setting',X'7B226669656C6473223A5B2267746D436F6465222C2266616365626F6F6B222C2274776974746572222C22696E7374616772616D222C2270696E746572657374222C22796F7574756265222C22686F6D6550616765222C2261727469636C6544657461696C50616765222C226D61696C46726F6D222C226D61696C546F222C226D61696C5375626A656374222C226D61696E4D656E75222C2261727469636C657350616765222C2273656F2E6D6574615469746C65222C2273656F2E6D6574614465736372697074696F6E222C2273656F2E6D657461536F6369616C2E736F6369616C4E6574776F726B222C2273656F2E6D657461536F6369616C2E7469746C65222C2273656F2E6D657461536F6369616C2E6465736372697074696F6E222C2273656F2E6D657461536F6369616C2E696D616765222C2273656F2E6B6579776F726473222C2273656F2E6D657461526F626F7473222C2273656F2E7374727563747572656444617461222C2273656F2E6D65746156696577706F7274222C2273656F2E63616E6F6E6963616C55524C222C2273656F2E70726576656E74496E646578696E67222C2273656F2E6D6574612E6E616D65222C2273656F2E6D6574612E636F6E74656E74222C2273656F2E7469746C65222C22666F6F7465724D656E75225D2C226C6F63616C6573223A5B226373225D7D',X'5B5D','2023-04-15 16:45:03.289000','2023-04-15 16:45:03.289000',NULL,NULL),
	(135,'plugin::content-manager.explorer.update','plugin::block-gallery.block',X'7B226669656C6473223A5B22696D616765222C22646973706C61794E616D65222C22626C6F636B4E616D65222C2265787465726E616C55726C225D7D',X'5B5D','2023-04-15 16:42:13.519000','2023-04-15 16:42:13.519000',NULL,NULL),
	(136,'plugin::content-manager.explorer.update','plugin::users-permissions.user',X'7B226669656C6473223A5B22757365726E616D65222C22656D61696C222C2270726F7669646572222C2270617373776F7264222C22726573657450617373776F7264546F6B656E222C22636F6E6669726D6174696F6E546F6B656E222C22636F6E6669726D6564222C22626C6F636B6564222C22726F6C65225D7D',X'5B5D','2023-04-15 16:42:13.523000','2023-04-15 16:42:13.523000',NULL,NULL),
	(137,'plugin::content-manager.explorer.update','api::article.article',X'7B226669656C6473223A5B227469746C65222C226D61696E496D616765222C227075626C69736844617465222C22636F6E74656E74222C22736C7567222C227065726578222C22617574686F72222C2273656F2E6D6574615469746C65222C2273656F2E6D6574614465736372697074696F6E222C2273656F2E6D657461536F6369616C2E736F6369616C4E6574776F726B222C2273656F2E6D657461536F6369616C2E7469746C65222C2273656F2E6D657461536F6369616C2E6465736372697074696F6E222C2273656F2E6D657461536F6369616C2E696D616765222C2273656F2E6B6579776F726473222C2273656F2E6D657461526F626F7473222C2273656F2E7374727563747572656444617461222C2273656F2E6D65746156696577706F7274222C2273656F2E63616E6F6E6963616C55524C222C2273656F2E70726576656E74496E646578696E67222C2273656F2E6D6574612E6E616D65222C2273656F2E6D6574612E636F6E74656E74222C2273656F2E7469746C65222C22736974656D61702E656E61626C6564222C22736974656D61702E6368616E67654672657175656E6379222C22736974656D61702E7072696F72697479225D2C226C6F63616C6573223A5B226373225D7D',X'5B5D','2023-04-15 16:45:03.294000','2023-04-15 16:45:03.294000',NULL,NULL),
	(138,'plugin::content-manager.explorer.update','api::icon.icon',X'7B226669656C6473223A5B227469746C65222C22636F64656E616D65225D7D',X'5B5D','2023-04-15 16:42:13.528000','2023-04-15 16:42:13.528000',NULL,NULL),
	(139,'plugin::content-manager.explorer.update','api::menu.menu',X'7B226669656C6473223A5B227469746C65222C226974656D732E6C6162656C222C226974656D732E70616765222C226974656D732E65787465726E616C55726C222C226974656D732E6F70656E496E4E6577546162225D2C226C6F63616C6573223A5B226373225D7D',X'5B5D','2023-04-15 16:45:03.298000','2023-04-15 16:45:03.298000',NULL,NULL),
	(140,'plugin::content-manager.explorer.update','api::message.message',X'7B226669656C6473223A5B226E616D65222C2270686F6E65222C22656D61696C222C226D657373616765222C2263697479225D7D',X'5B5D','2023-04-15 16:42:13.532000','2023-04-15 16:42:13.532000',NULL,NULL),
	(141,'plugin::content-manager.explorer.update','api::newsletter-subscriber.newsletter-subscriber',X'7B226669656C6473223A5B22656D61696C225D7D',X'5B5D','2023-04-15 16:42:13.534000','2023-04-15 16:42:13.534000',NULL,NULL),
	(142,'plugin::content-manager.explorer.update','api::page.page',X'7B226669656C6473223A5B227469746C65222C2275726C222C22626C6F636B73222C227061676573222C22706172656E74222C2273656F2E6D6574615469746C65222C2273656F2E6D6574614465736372697074696F6E222C2273656F2E6D657461536F6369616C2E736F6369616C4E6574776F726B222C2273656F2E6D657461536F6369616C2E7469746C65222C2273656F2E6D657461536F6369616C2E6465736372697074696F6E222C2273656F2E6D657461536F6369616C2E696D616765222C2273656F2E6B6579776F726473222C2273656F2E6D657461526F626F7473222C2273656F2E7374727563747572656444617461222C2273656F2E6D65746156696577706F7274222C2273656F2E63616E6F6E6963616C55524C222C2273656F2E70726576656E74496E646578696E67222C2273656F2E6D6574612E6E616D65222C2273656F2E6D6574612E636F6E74656E74222C2273656F2E7469746C65222C22736974656D61702E656E61626C6564222C22736974656D61702E6368616E67654672657175656E6379222C22736974656D61702E7072696F72697479225D2C226C6F63616C6573223A5B226373225D7D',X'5B5D','2023-04-15 16:45:03.303000','2023-04-15 16:45:03.303000',NULL,NULL),
	(143,'plugin::content-manager.explorer.update','api::redirect.redirect',X'7B226669656C6473223A5B22726564697265637446726F6D222C227265646972656374546F222C22737461747573436F6465225D7D',X'5B5D','2023-04-15 16:42:13.540000','2023-04-15 16:42:13.540000',NULL,NULL),
	(144,'plugin::content-manager.explorer.update','api::system-resource.system-resource',X'7B226669656C6473223A5B226E616D65222C22636F64656E616D65222C2276616C7565225D2C226C6F63616C6573223A5B226373225D7D',X'5B5D','2023-04-15 16:45:03.321000','2023-04-15 16:45:03.321000',NULL,NULL),
	(145,'plugin::content-manager.explorer.update','api::template.template',X'7B226669656C6473223A5B227469746C65222C22636F6E74656E74225D2C226C6F63616C6573223A5B226373225D7D',X'5B5D','2023-04-15 16:45:03.329000','2023-04-15 16:45:03.329000',NULL,NULL),
	(146,'plugin::content-manager.explorer.update','api::web-setting.web-setting',X'7B226669656C6473223A5B2267746D436F6465222C2266616365626F6F6B222C2274776974746572222C22696E7374616772616D222C2270696E746572657374222C22796F7574756265222C22686F6D6550616765222C2261727469636C6544657461696C50616765222C226D61696C46726F6D222C226D61696C546F222C226D61696C5375626A656374222C226D61696E4D656E75222C2261727469636C657350616765222C2273656F2E6D6574615469746C65222C2273656F2E6D6574614465736372697074696F6E222C2273656F2E6D657461536F6369616C2E736F6369616C4E6574776F726B222C2273656F2E6D657461536F6369616C2E7469746C65222C2273656F2E6D657461536F6369616C2E6465736372697074696F6E222C2273656F2E6D657461536F6369616C2E696D616765222C2273656F2E6B6579776F726473222C2273656F2E6D657461526F626F7473222C2273656F2E7374727563747572656444617461222C2273656F2E6D65746156696577706F7274222C2273656F2E63616E6F6E6963616C55524C222C2273656F2E70726576656E74496E646578696E67222C2273656F2E6D6574612E6E616D65222C2273656F2E6D6574612E636F6E74656E74222C2273656F2E7469746C65222C22666F6F7465724D656E75225D2C226C6F63616C6573223A5B226373225D7D',X'5B5D','2023-04-15 16:45:03.332000','2023-04-15 16:45:03.332000',NULL,NULL),
	(147,'plugin::content-manager.explorer.delete','plugin::block-gallery.block',X'7B7D',X'5B5D','2023-04-15 16:42:13.551000','2023-04-15 16:42:13.551000',NULL,NULL),
	(148,'plugin::content-manager.explorer.delete','plugin::users-permissions.user',X'7B7D',X'5B5D','2023-04-15 16:42:13.554000','2023-04-15 16:42:13.554000',NULL,NULL),
	(149,'plugin::content-manager.explorer.delete','api::article.article',X'7B226C6F63616C6573223A5B226373225D7D',X'5B5D','2023-04-15 16:45:03.336000','2023-04-15 16:45:03.336000',NULL,NULL),
	(150,'plugin::content-manager.explorer.delete','api::icon.icon',X'7B7D',X'5B5D','2023-04-15 16:42:13.561000','2023-04-15 16:42:13.561000',NULL,NULL),
	(151,'plugin::content-manager.explorer.delete','api::menu.menu',X'7B226C6F63616C6573223A5B226373225D7D',X'5B5D','2023-04-15 16:45:03.339000','2023-04-15 16:45:03.339000',NULL,NULL),
	(152,'plugin::content-manager.explorer.delete','api::message.message',X'7B7D',X'5B5D','2023-04-15 16:42:13.567000','2023-04-15 16:42:13.567000',NULL,NULL),
	(153,'plugin::content-manager.explorer.delete','api::newsletter-subscriber.newsletter-subscriber',X'7B7D',X'5B5D','2023-04-15 16:42:13.570000','2023-04-15 16:42:13.570000',NULL,NULL),
	(154,'plugin::content-manager.explorer.delete','api::page.page',X'7B226C6F63616C6573223A5B226373225D7D',X'5B5D','2023-04-15 16:45:03.351000','2023-04-15 16:45:03.351000',NULL,NULL),
	(155,'plugin::content-manager.explorer.delete','api::redirect.redirect',X'7B7D',X'5B5D','2023-04-15 16:42:13.575000','2023-04-15 16:42:13.575000',NULL,NULL),
	(156,'plugin::content-manager.explorer.delete','api::system-resource.system-resource',X'7B226C6F63616C6573223A5B226373225D7D',X'5B5D','2023-04-15 16:45:03.355000','2023-04-15 16:45:03.355000',NULL,NULL),
	(157,'plugin::content-manager.explorer.delete','api::template.template',X'7B226C6F63616C6573223A5B226373225D7D',X'5B5D','2023-04-15 16:45:03.361000','2023-04-15 16:45:03.361000',NULL,NULL),
	(158,'plugin::content-manager.explorer.delete','api::web-setting.web-setting',X'7B226C6F63616C6573223A5B226373225D7D',X'5B5D','2023-04-15 16:45:03.369000','2023-04-15 16:45:03.369000',NULL,NULL),
	(159,'plugin::content-manager.explorer.publish','api::article.article',X'7B226C6F63616C6573223A5B226373225D7D',X'5B5D','2023-04-15 16:45:03.372000','2023-04-15 16:45:03.372000',NULL,NULL),
	(160,'plugin::content-manager.explorer.publish','api::icon.icon',X'7B7D',X'5B5D','2023-04-15 16:42:13.596000','2023-04-15 16:42:13.596000',NULL,NULL),
	(161,'plugin::content-manager.explorer.publish','api::menu.menu',X'7B226C6F63616C6573223A5B226373225D7D',X'5B5D','2023-04-15 16:45:03.379000','2023-04-15 16:45:03.379000',NULL,NULL),
	(162,'plugin::content-manager.explorer.publish','api::message.message',X'7B7D',X'5B5D','2023-04-15 16:42:13.600000','2023-04-15 16:42:13.600000',NULL,NULL),
	(163,'plugin::content-manager.explorer.publish','api::newsletter-subscriber.newsletter-subscriber',X'7B7D',X'5B5D','2023-04-15 16:42:13.603000','2023-04-15 16:42:13.603000',NULL,NULL),
	(164,'plugin::content-manager.explorer.publish','api::page.page',X'7B226C6F63616C6573223A5B226373225D7D',X'5B5D','2023-04-15 16:45:03.382000','2023-04-15 16:45:03.382000',NULL,NULL),
	(165,'plugin::content-manager.explorer.publish','api::redirect.redirect',X'7B7D',X'5B5D','2023-04-15 16:42:13.609000','2023-04-15 16:42:13.609000',NULL,NULL),
	(166,'plugin::content-manager.explorer.publish','api::system-resource.system-resource',X'7B226C6F63616C6573223A5B226373225D7D',X'5B5D','2023-04-15 16:45:03.394000','2023-04-15 16:45:03.394000',NULL,NULL),
	(167,'plugin::content-manager.explorer.publish','api::template.template',X'7B226C6F63616C6573223A5B226373225D7D',X'5B5D','2023-04-15 16:45:03.399000','2023-04-15 16:45:03.399000',NULL,NULL),
	(168,'plugin::content-manager.explorer.publish','api::web-setting.web-setting',X'7B226C6F63616C6573223A5B226373225D7D',X'5B5D','2023-04-15 16:45:03.401000','2023-04-15 16:45:03.401000',NULL,NULL),
	(169,'plugin::content-manager.single-types.configure-view',NULL,X'7B7D',X'5B5D','2023-04-15 16:42:13.628000','2023-04-15 16:42:13.628000',NULL,NULL),
	(170,'plugin::content-manager.collection-types.configure-view',NULL,X'7B7D',X'5B5D','2023-04-15 16:42:13.632000','2023-04-15 16:42:13.632000',NULL,NULL),
	(171,'plugin::content-manager.components.configure-layout',NULL,X'7B7D',X'5B5D','2023-04-15 16:42:13.637000','2023-04-15 16:42:13.637000',NULL,NULL),
	(172,'plugin::content-type-builder.read',NULL,X'7B7D',X'5B5D','2023-04-15 16:42:13.644000','2023-04-15 16:42:13.644000',NULL,NULL),
	(173,'plugin::email.settings.read',NULL,X'7B7D',X'5B5D','2023-04-15 16:42:13.648000','2023-04-15 16:42:13.648000',NULL,NULL),
	(174,'plugin::upload.read',NULL,X'7B7D',X'5B5D','2023-04-15 16:42:13.650000','2023-04-15 16:42:13.650000',NULL,NULL),
	(175,'plugin::upload.assets.create',NULL,X'7B7D',X'5B5D','2023-04-15 16:42:13.653000','2023-04-15 16:42:13.653000',NULL,NULL),
	(176,'plugin::upload.assets.update',NULL,X'7B7D',X'5B5D','2023-04-15 16:42:13.657000','2023-04-15 16:42:13.657000',NULL,NULL),
	(177,'plugin::upload.assets.download',NULL,X'7B7D',X'5B5D','2023-04-15 16:42:13.659000','2023-04-15 16:42:13.659000',NULL,NULL),
	(178,'plugin::upload.assets.copy-link',NULL,X'7B7D',X'5B5D','2023-04-15 16:42:13.662000','2023-04-15 16:42:13.662000',NULL,NULL),
	(179,'plugin::upload.configure-view',NULL,X'7B7D',X'5B5D','2023-04-15 16:42:13.664000','2023-04-15 16:42:13.664000',NULL,NULL),
	(180,'plugin::upload.settings.read',NULL,X'7B7D',X'5B5D','2023-04-15 16:42:13.666000','2023-04-15 16:42:13.666000',NULL,NULL),
	(181,'plugin::content-versioning.save',NULL,X'7B7D',X'5B5D','2023-04-15 16:42:13.668000','2023-04-15 16:42:13.668000',NULL,NULL),
	(182,'plugin::tinymce.settings.read',NULL,X'7B7D',X'5B5D','2023-04-15 16:42:13.671000','2023-04-15 16:42:13.671000',NULL,NULL),
	(183,'plugin::tinymce.menu-link',NULL,X'7B7D',X'5B5D','2023-04-15 16:42:13.677000','2023-04-15 16:42:13.677000',NULL,NULL),
	(184,'plugin::i18n.locale.create',NULL,X'7B7D',X'5B5D','2023-04-15 16:42:13.679000','2023-04-15 16:42:13.679000',NULL,NULL),
	(185,'plugin::i18n.locale.read',NULL,X'7B7D',X'5B5D','2023-04-15 16:42:13.681000','2023-04-15 16:42:13.681000',NULL,NULL),
	(186,'plugin::i18n.locale.update',NULL,X'7B7D',X'5B5D','2023-04-15 16:42:13.683000','2023-04-15 16:42:13.683000',NULL,NULL),
	(187,'plugin::i18n.locale.delete',NULL,X'7B7D',X'5B5D','2023-04-15 16:42:13.686000','2023-04-15 16:42:13.686000',NULL,NULL),
	(188,'plugin::users-permissions.roles.create',NULL,X'7B7D',X'5B5D','2023-04-15 16:42:13.689000','2023-04-15 16:42:13.689000',NULL,NULL),
	(189,'plugin::users-permissions.roles.read',NULL,X'7B7D',X'5B5D','2023-04-15 16:42:13.691000','2023-04-15 16:42:13.691000',NULL,NULL),
	(190,'plugin::users-permissions.roles.update',NULL,X'7B7D',X'5B5D','2023-04-15 16:42:13.694000','2023-04-15 16:42:13.694000',NULL,NULL),
	(191,'plugin::users-permissions.roles.delete',NULL,X'7B7D',X'5B5D','2023-04-15 16:42:13.700000','2023-04-15 16:42:13.700000',NULL,NULL),
	(192,'plugin::users-permissions.providers.read',NULL,X'7B7D',X'5B5D','2023-04-15 16:42:13.703000','2023-04-15 16:42:13.703000',NULL,NULL),
	(193,'plugin::users-permissions.providers.update',NULL,X'7B7D',X'5B5D','2023-04-15 16:42:13.709000','2023-04-15 16:42:13.709000',NULL,NULL),
	(194,'plugin::users-permissions.email-templates.read',NULL,X'7B7D',X'5B5D','2023-04-15 16:42:13.713000','2023-04-15 16:42:13.713000',NULL,NULL),
	(195,'plugin::users-permissions.email-templates.update',NULL,X'7B7D',X'5B5D','2023-04-15 16:42:13.715000','2023-04-15 16:42:13.715000',NULL,NULL),
	(196,'plugin::users-permissions.advanced-settings.read',NULL,X'7B7D',X'5B5D','2023-04-15 16:42:13.718000','2023-04-15 16:42:13.718000',NULL,NULL),
	(197,'plugin::users-permissions.advanced-settings.update',NULL,X'7B7D',X'5B5D','2023-04-15 16:42:13.722000','2023-04-15 16:42:13.722000',NULL,NULL),
	(198,'admin::marketplace.read',NULL,X'7B7D',X'5B5D','2023-04-15 16:42:13.727000','2023-04-15 16:42:13.727000',NULL,NULL),
	(199,'admin::webhooks.create',NULL,X'7B7D',X'5B5D','2023-04-15 16:42:13.731000','2023-04-15 16:42:13.731000',NULL,NULL),
	(200,'admin::webhooks.read',NULL,X'7B7D',X'5B5D','2023-04-15 16:42:13.733000','2023-04-15 16:42:13.733000',NULL,NULL),
	(201,'admin::webhooks.update',NULL,X'7B7D',X'5B5D','2023-04-15 16:42:13.735000','2023-04-15 16:42:13.735000',NULL,NULL),
	(202,'admin::webhooks.delete',NULL,X'7B7D',X'5B5D','2023-04-15 16:42:13.743000','2023-04-15 16:42:13.743000',NULL,NULL),
	(203,'admin::users.create',NULL,X'7B7D',X'5B5D','2023-04-15 16:42:13.746000','2023-04-15 16:42:13.746000',NULL,NULL),
	(204,'admin::users.read',NULL,X'7B7D',X'5B5D','2023-04-15 16:42:13.748000','2023-04-15 16:42:13.748000',NULL,NULL),
	(205,'admin::users.update',NULL,X'7B7D',X'5B5D','2023-04-15 16:42:13.750000','2023-04-15 16:42:13.750000',NULL,NULL),
	(206,'admin::users.delete',NULL,X'7B7D',X'5B5D','2023-04-15 16:42:13.755000','2023-04-15 16:42:13.755000',NULL,NULL),
	(207,'admin::roles.create',NULL,X'7B7D',X'5B5D','2023-04-15 16:42:13.761000','2023-04-15 16:42:13.761000',NULL,NULL),
	(208,'admin::roles.read',NULL,X'7B7D',X'5B5D','2023-04-15 16:42:13.765000','2023-04-15 16:42:13.765000',NULL,NULL),
	(209,'admin::roles.update',NULL,X'7B7D',X'5B5D','2023-04-15 16:42:13.768000','2023-04-15 16:42:13.768000',NULL,NULL),
	(210,'admin::roles.delete',NULL,X'7B7D',X'5B5D','2023-04-15 16:42:13.773000','2023-04-15 16:42:13.773000',NULL,NULL),
	(211,'admin::api-tokens.access',NULL,X'7B7D',X'5B5D','2023-04-15 16:42:13.812000','2023-04-15 16:42:13.812000',NULL,NULL),
	(212,'admin::api-tokens.create',NULL,X'7B7D',X'5B5D','2023-04-15 16:42:13.830000','2023-04-15 16:42:13.830000',NULL,NULL),
	(213,'admin::api-tokens.read',NULL,X'7B7D',X'5B5D','2023-04-15 16:42:13.833000','2023-04-15 16:42:13.833000',NULL,NULL),
	(214,'admin::api-tokens.update',NULL,X'7B7D',X'5B5D','2023-04-15 16:42:13.836000','2023-04-15 16:42:13.836000',NULL,NULL),
	(215,'admin::api-tokens.regenerate',NULL,X'7B7D',X'5B5D','2023-04-15 16:42:13.839000','2023-04-15 16:42:13.839000',NULL,NULL),
	(216,'admin::api-tokens.delete',NULL,X'7B7D',X'5B5D','2023-04-15 16:42:13.841000','2023-04-15 16:42:13.841000',NULL,NULL),
	(217,'admin::project-settings.update',NULL,X'7B7D',X'5B5D','2023-04-15 16:42:13.844000','2023-04-15 16:42:13.844000',NULL,NULL),
	(218,'admin::project-settings.read',NULL,X'7B7D',X'5B5D','2023-04-15 16:42:13.847000','2023-04-15 16:42:13.847000',NULL,NULL),
	(219,'admin::transfer.tokens.access',NULL,X'7B7D',X'5B5D','2023-04-15 16:42:13.850000','2023-04-15 16:42:13.850000',NULL,NULL),
	(220,'admin::transfer.tokens.create',NULL,X'7B7D',X'5B5D','2023-04-15 16:42:13.853000','2023-04-15 16:42:13.853000',NULL,NULL),
	(221,'admin::transfer.tokens.read',NULL,X'7B7D',X'5B5D','2023-04-15 16:42:13.857000','2023-04-15 16:42:13.857000',NULL,NULL),
	(222,'admin::transfer.tokens.update',NULL,X'7B7D',X'5B5D','2023-04-15 16:42:13.863000','2023-04-15 16:42:13.863000',NULL,NULL),
	(223,'admin::transfer.tokens.regenerate',NULL,X'7B7D',X'5B5D','2023-04-15 16:42:13.867000','2023-04-15 16:42:13.867000',NULL,NULL),
	(224,'admin::transfer.tokens.delete',NULL,X'7B7D',X'5B5D','2023-04-15 16:42:13.870000','2023-04-15 16:42:13.870000',NULL,NULL);

/*!40000 ALTER TABLE `admin_permissions` ENABLE KEYS */;
UNLOCK TABLES;


# Dump of table admin_permissions_role_links
# ------------------------------------------------------------

DROP TABLE IF EXISTS `admin_permissions_role_links`;

CREATE TABLE `admin_permissions_role_links` (
  `id` int(10) unsigned NOT NULL AUTO_INCREMENT,
  `permission_id` int(10) unsigned DEFAULT NULL,
  `role_id` int(10) unsigned DEFAULT NULL,
  `permission_order` double unsigned DEFAULT NULL,
  PRIMARY KEY (`id`),
  UNIQUE KEY `admin_permissions_role_links_unique` (`permission_id`,`role_id`),
  KEY `admin_permissions_role_links_fk` (`permission_id`),
  KEY `admin_permissions_role_links_inv_fk` (`role_id`),
  KEY `admin_permissions_role_links_order_inv_fk` (`permission_order`),
  CONSTRAINT `admin_permissions_role_links_fk` FOREIGN KEY (`permission_id`) REFERENCES `admin_permissions` (`id`) ON DELETE CASCADE,
  CONSTRAINT `admin_permissions_role_links_inv_fk` FOREIGN KEY (`role_id`) REFERENCES `admin_roles` (`id`) ON DELETE CASCADE
) ENGINE=InnoDB DEFAULT CHARSET=utf8mb4;

LOCK TABLES `admin_permissions_role_links` WRITE;
/*!40000 ALTER TABLE `admin_permissions_role_links` DISABLE KEYS */;

INSERT INTO `admin_permissions_role_links` (`id`, `permission_id`, `role_id`, `permission_order`)
VALUES
	(1,1,2,1),
	(2,2,2,2),
	(3,3,2,3),
	(4,4,2,4),
	(5,5,2,5),
	(6,6,2,6),
	(7,7,2,7),
	(8,8,2,8),
	(9,9,2,9),
	(10,10,2,10),
	(11,11,2,11),
	(12,12,2,12),
	(13,13,2,13),
	(14,14,2,14),
	(15,15,2,15),
	(16,16,2,16),
	(17,17,2,17),
	(18,18,2,18),
	(19,19,2,19),
	(20,20,2,20),
	(21,21,2,21),
	(22,22,2,22),
	(23,23,2,23),
	(24,24,2,24),
	(25,25,2,25),
	(26,26,2,26),
	(27,27,2,27),
	(28,28,2,28),
	(29,29,2,29),
	(30,30,2,30),
	(31,31,2,31),
	(32,32,2,32),
	(33,33,2,33),
	(34,34,2,34),
	(36,36,2,36),
	(38,38,2,38),
	(39,39,2,39),
	(41,41,2,41),
	(46,46,2,46),
	(48,48,2,48),
	(49,49,2,49),
	(51,51,2,51),
	(55,55,2,55),
	(56,56,2,56),
	(57,57,2,57),
	(58,58,2,58),
	(59,59,2,59),
	(60,60,2,60),
	(61,61,3,1),
	(62,62,3,2),
	(63,63,3,3),
	(64,64,3,4),
	(65,65,3,5),
	(66,66,3,6),
	(67,67,3,7),
	(68,68,3,8),
	(69,69,3,9),
	(70,70,3,10),
	(71,71,3,11),
	(72,72,3,12),
	(73,73,3,13),
	(74,74,3,14),
	(75,75,3,15),
	(76,76,3,16),
	(77,77,3,17),
	(78,78,3,18),
	(79,79,3,19),
	(80,80,3,20),
	(81,81,3,21),
	(82,82,3,22),
	(83,83,3,23),
	(84,84,3,24),
	(85,85,3,25),
	(86,86,3,26),
	(87,87,3,27),
	(88,88,3,28),
	(89,89,3,29),
	(90,90,3,30),
	(91,91,3,31),
	(92,92,3,32),
	(93,93,3,33),
	(94,94,3,34),
	(96,96,3,36),
	(98,98,3,38),
	(99,99,3,39),
	(101,101,3,41),
	(105,105,3,45),
	(106,106,3,46),
	(107,107,3,47),
	(108,108,3,48),
	(109,109,3,49),
	(110,110,3,50),
	(111,111,1,1),
	(112,112,1,2),
	(114,114,1,4),
	(116,116,1,6),
	(117,117,1,7),
	(119,119,1,9),
	(123,123,1,13),
	(124,124,1,14),
	(126,126,1,16),
	(128,128,1,18),
	(129,129,1,19),
	(131,131,1,21),
	(135,135,1,25),
	(136,136,1,26),
	(138,138,1,28),
	(140,140,1,30),
	(141,141,1,31),
	(143,143,1,33),
	(147,147,1,37),
	(148,148,1,38),
	(150,150,1,40),
	(152,152,1,42),
	(153,153,1,43),
	(155,155,1,45),
	(160,160,1,50),
	(162,162,1,52),
	(163,163,1,53),
	(165,165,1,55),
	(169,169,1,59),
	(170,170,1,60),
	(171,171,1,61),
	(172,172,1,62),
	(173,173,1,63),
	(174,174,1,64),
	(175,175,1,65),
	(176,176,1,66),
	(177,177,1,67),
	(178,178,1,68),
	(179,179,1,69),
	(180,180,1,70),
	(181,181,1,71),
	(182,182,1,72),
	(183,183,1,73),
	(184,184,1,74),
	(185,185,1,75),
	(186,186,1,76),
	(187,187,1,77),
	(188,188,1,78),
	(189,189,1,79),
	(190,190,1,80),
	(191,191,1,81),
	(192,192,1,82),
	(193,193,1,83),
	(194,194,1,84),
	(195,195,1,85),
	(196,196,1,86),
	(197,197,1,87),
	(198,198,1,88),
	(199,199,1,89),
	(200,200,1,90),
	(201,201,1,91),
	(202,202,1,92),
	(203,203,1,93),
	(204,204,1,94),
	(205,205,1,95),
	(206,206,1,96),
	(207,207,1,97),
	(208,208,1,98),
	(209,209,1,99),
	(210,210,1,100),
	(211,211,1,101),
	(212,212,1,102),
	(213,213,1,103),
	(214,214,1,104),
	(215,215,1,105),
	(216,216,1,106),
	(217,217,1,107),
	(218,218,1,108),
	(219,219,1,109),
	(220,220,1,110),
	(221,221,1,111),
	(222,222,1,112),
	(223,223,1,113),
	(224,224,1,114),
	(315,113,1,115),
	(316,115,1,116),
	(317,118,1,117),
	(318,120,1,118),
	(319,121,1,119),
	(320,122,1,120),
	(321,125,1,121),
	(322,127,1,122),
	(323,130,1,123),
	(324,132,1,124),
	(325,133,1,125),
	(326,134,1,126),
	(327,137,1,127),
	(328,139,1,128),
	(329,142,1,129),
	(330,144,1,130),
	(331,145,1,131),
	(332,146,1,132),
	(333,149,1,133),
	(334,151,1,134),
	(335,154,1,135),
	(336,156,1,136),
	(337,157,1,137),
	(338,158,1,138),
	(339,159,1,139),
	(340,161,1,140),
	(341,164,1,141),
	(342,166,1,142),
	(343,167,1,143),
	(344,168,1,144);

/*!40000 ALTER TABLE `admin_permissions_role_links` ENABLE KEYS */;
UNLOCK TABLES;


# Dump of table admin_roles
# ------------------------------------------------------------

DROP TABLE IF EXISTS `admin_roles`;

CREATE TABLE `admin_roles` (
  `id` int(10) unsigned NOT NULL AUTO_INCREMENT,
  `name` varchar(255) DEFAULT NULL,
  `code` varchar(255) DEFAULT NULL,
  `description` varchar(255) DEFAULT NULL,
  `created_at` datetime(6) DEFAULT NULL,
  `updated_at` datetime(6) DEFAULT NULL,
  `created_by_id` int(10) unsigned DEFAULT NULL,
  `updated_by_id` int(10) unsigned DEFAULT NULL,
  PRIMARY KEY (`id`),
  KEY `admin_roles_created_by_id_fk` (`created_by_id`),
  KEY `admin_roles_updated_by_id_fk` (`updated_by_id`),
  CONSTRAINT `admin_roles_created_by_id_fk` FOREIGN KEY (`created_by_id`) REFERENCES `admin_users` (`id`) ON DELETE SET NULL,
  CONSTRAINT `admin_roles_updated_by_id_fk` FOREIGN KEY (`updated_by_id`) REFERENCES `admin_users` (`id`) ON DELETE SET NULL
) ENGINE=InnoDB DEFAULT CHARSET=utf8mb4;

LOCK TABLES `admin_roles` WRITE;
/*!40000 ALTER TABLE `admin_roles` DISABLE KEYS */;

INSERT INTO `admin_roles` (`id`, `name`, `code`, `description`, `created_at`, `updated_at`, `created_by_id`, `updated_by_id`)
VALUES
	(1,'Super Admin','strapi-super-admin','Super Admins can access and manage all features and settings.','2023-04-15 16:42:12.773000','2023-04-15 16:42:12.773000',NULL,NULL),
	(2,'Editor','strapi-editor','Editors can manage and publish contents including those of other users.','2023-04-15 16:42:12.789000','2023-04-15 16:42:12.789000',NULL,NULL),
	(3,'Author','strapi-author','Authors can manage the content they have created.','2023-04-15 16:42:12.794000','2023-04-15 16:42:12.794000',NULL,NULL);

/*!40000 ALTER TABLE `admin_roles` ENABLE KEYS */;
UNLOCK TABLES;


# Dump of table admin_users
# ------------------------------------------------------------

DROP TABLE IF EXISTS `admin_users`;

CREATE TABLE `admin_users` (
  `id` int(10) unsigned NOT NULL AUTO_INCREMENT,
  `firstname` varchar(255) DEFAULT NULL,
  `lastname` varchar(255) DEFAULT NULL,
  `username` varchar(255) DEFAULT NULL,
  `email` varchar(255) DEFAULT NULL,
  `password` varchar(255) DEFAULT NULL,
  `reset_password_token` varchar(255) DEFAULT NULL,
  `registration_token` varchar(255) DEFAULT NULL,
  `is_active` tinyint(1) DEFAULT NULL,
  `blocked` tinyint(1) DEFAULT NULL,
  `prefered_language` varchar(255) DEFAULT NULL,
  `created_at` datetime(6) DEFAULT NULL,
  `updated_at` datetime(6) DEFAULT NULL,
  `created_by_id` int(10) unsigned DEFAULT NULL,
  `updated_by_id` int(10) unsigned DEFAULT NULL,
  PRIMARY KEY (`id`),
  KEY `admin_users_created_by_id_fk` (`created_by_id`),
  KEY `admin_users_updated_by_id_fk` (`updated_by_id`),
  CONSTRAINT `admin_users_created_by_id_fk` FOREIGN KEY (`created_by_id`) REFERENCES `admin_users` (`id`) ON DELETE SET NULL,
  CONSTRAINT `admin_users_updated_by_id_fk` FOREIGN KEY (`updated_by_id`) REFERENCES `admin_users` (`id`) ON DELETE SET NULL
) ENGINE=InnoDB DEFAULT CHARSET=utf8mb4;

LOCK TABLES `admin_users` WRITE;
/*!40000 ALTER TABLE `admin_users` DISABLE KEYS */;

INSERT INTO `admin_users` (`id`, `firstname`, `lastname`, `username`, `email`, `password`, `reset_password_token`, `registration_token`, `is_active`, `blocked`, `prefered_language`, `created_at`, `updated_at`, `created_by_id`, `updated_by_id`)
VALUES
	(1,'SKLINET','DEV',NULL,'dev@sklinet.com','$2a$10$7JYLuice5qUjLtJ8zjIAfOEQ10eK0hrjfl.PfEDisVZzGQ34CbgeG',NULL,NULL,1,0,NULL,'2023-04-15 16:42:35.993000','2023-04-15 16:42:35.993000',NULL,NULL);

/*!40000 ALTER TABLE `admin_users` ENABLE KEYS */;
UNLOCK TABLES;


# Dump of table admin_users_roles_links
# ------------------------------------------------------------

DROP TABLE IF EXISTS `admin_users_roles_links`;

CREATE TABLE `admin_users_roles_links` (
  `id` int(10) unsigned NOT NULL AUTO_INCREMENT,
  `user_id` int(10) unsigned DEFAULT NULL,
  `role_id` int(10) unsigned DEFAULT NULL,
  `role_order` double unsigned DEFAULT NULL,
  `user_order` double unsigned DEFAULT NULL,
  PRIMARY KEY (`id`),
  UNIQUE KEY `admin_users_roles_links_unique` (`user_id`,`role_id`),
  KEY `admin_users_roles_links_fk` (`user_id`),
  KEY `admin_users_roles_links_inv_fk` (`role_id`),
  KEY `admin_users_roles_links_order_fk` (`role_order`),
  KEY `admin_users_roles_links_order_inv_fk` (`user_order`),
  CONSTRAINT `admin_users_roles_links_fk` FOREIGN KEY (`user_id`) REFERENCES `admin_users` (`id`) ON DELETE CASCADE,
  CONSTRAINT `admin_users_roles_links_inv_fk` FOREIGN KEY (`role_id`) REFERENCES `admin_roles` (`id`) ON DELETE CASCADE
) ENGINE=InnoDB DEFAULT CHARSET=utf8mb4;

LOCK TABLES `admin_users_roles_links` WRITE;
/*!40000 ALTER TABLE `admin_users_roles_links` DISABLE KEYS */;

INSERT INTO `admin_users_roles_links` (`id`, `user_id`, `role_id`, `role_order`, `user_order`)
VALUES
	(1,1,1,1,1);

/*!40000 ALTER TABLE `admin_users_roles_links` ENABLE KEYS */;
UNLOCK TABLES;


# Dump of table articles
# ------------------------------------------------------------

DROP TABLE IF EXISTS `articles`;

CREATE TABLE `articles` (
  `id` int(10) unsigned NOT NULL AUTO_INCREMENT,
  `title` varchar(255) DEFAULT NULL,
  `publish_date` datetime(6) DEFAULT NULL,
  `content` longtext DEFAULT NULL,
  `slug` varchar(255) DEFAULT NULL,
  `perex` longtext DEFAULT NULL,
  `author` varchar(255) DEFAULT NULL,
  `created_at` datetime(6) DEFAULT NULL,
  `updated_at` datetime(6) DEFAULT NULL,
  `published_at` datetime(6) DEFAULT NULL,
  `created_by_id` int(10) unsigned DEFAULT NULL,
  `updated_by_id` int(10) unsigned DEFAULT NULL,
  `vuid` varchar(255) DEFAULT NULL,
  `version_number` int(11) DEFAULT NULL,
  `is_visible_in_list_view` tinyint(1) DEFAULT NULL,
  `locale` varchar(255) DEFAULT NULL,
  PRIMARY KEY (`id`),
  UNIQUE KEY `articles_slug_unique` (`slug`),
  KEY `articles_created_by_id_fk` (`created_by_id`),
  KEY `articles_updated_by_id_fk` (`updated_by_id`),
  CONSTRAINT `articles_created_by_id_fk` FOREIGN KEY (`created_by_id`) REFERENCES `admin_users` (`id`) ON DELETE SET NULL,
  CONSTRAINT `articles_updated_by_id_fk` FOREIGN KEY (`updated_by_id`) REFERENCES `admin_users` (`id`) ON DELETE SET NULL
) ENGINE=InnoDB DEFAULT CHARSET=utf8mb4;

LOCK TABLES `articles` WRITE;
/*!40000 ALTER TABLE `articles` DISABLE KEYS */;

INSERT INTO `articles` (`id`, `title`, `publish_date`, `content`, `slug`, `perex`, `author`, `created_at`, `updated_at`, `published_at`, `created_by_id`, `updated_by_id`, `vuid`, `version_number`, `is_visible_in_list_view`, `locale`)
VALUES
	(1,'Testovac lnek','2023-04-12 00:00:00.000000','<p>test content lnku</p>','testovaci-clanek',NULL,NULL,'2023-04-15 16:58:34.099000','2023-04-15 16:58:35.180000','2023-04-15 16:58:35.171000',1,1,'62ec124d-fcf8-4e09-8761-0bd9977e9f96',1,1,'cs');

/*!40000 ALTER TABLE `articles` ENABLE KEYS */;
UNLOCK TABLES;


# Dump of table articles_components
# ------------------------------------------------------------

DROP TABLE IF EXISTS `articles_components`;

CREATE TABLE `articles_components` (
  `id` int(10) unsigned NOT NULL AUTO_INCREMENT,
  `entity_id` int(10) unsigned DEFAULT NULL,
  `component_id` int(10) unsigned DEFAULT NULL,
  `component_type` varchar(255) DEFAULT NULL,
  `field` varchar(255) DEFAULT NULL,
  `order` double unsigned DEFAULT NULL,
  PRIMARY KEY (`id`),
  UNIQUE KEY `articles_unique` (`entity_id`,`component_id`,`field`,`component_type`),
  KEY `articles_field_index` (`field`),
  KEY `articles_component_type_index` (`component_type`),
  KEY `articles_entity_fk` (`entity_id`),
  CONSTRAINT `articles_entity_fk` FOREIGN KEY (`entity_id`) REFERENCES `articles` (`id`) ON DELETE CASCADE
) ENGINE=InnoDB DEFAULT CHARSET=utf8mb4;



# Dump of table articles_localizations_links
# ------------------------------------------------------------

DROP TABLE IF EXISTS `articles_localizations_links`;

CREATE TABLE `articles_localizations_links` (
  `id` int(10) unsigned NOT NULL AUTO_INCREMENT,
  `article_id` int(10) unsigned DEFAULT NULL,
  `inv_article_id` int(10) unsigned DEFAULT NULL,
  `article_order` double unsigned DEFAULT NULL,
  PRIMARY KEY (`id`),
  UNIQUE KEY `articles_localizations_links_unique` (`article_id`,`inv_article_id`),
  KEY `articles_localizations_links_fk` (`article_id`),
  KEY `articles_localizations_links_inv_fk` (`inv_article_id`),
  KEY `articles_localizations_links_order_fk` (`article_order`),
  CONSTRAINT `articles_localizations_links_fk` FOREIGN KEY (`article_id`) REFERENCES `articles` (`id`) ON DELETE CASCADE,
  CONSTRAINT `articles_localizations_links_inv_fk` FOREIGN KEY (`inv_article_id`) REFERENCES `articles` (`id`) ON DELETE CASCADE
) ENGINE=InnoDB DEFAULT CHARSET=utf8mb4;



# Dump of table articles_versions_links
# ------------------------------------------------------------

DROP TABLE IF EXISTS `articles_versions_links`;

CREATE TABLE `articles_versions_links` (
  `id` int(10) unsigned NOT NULL AUTO_INCREMENT,
  `article_id` int(10) unsigned DEFAULT NULL,
  `inv_article_id` int(10) unsigned DEFAULT NULL,
  `article_order` double unsigned DEFAULT NULL,
  PRIMARY KEY (`id`),
  UNIQUE KEY `articles_versions_links_unique` (`article_id`,`inv_article_id`),
  KEY `articles_versions_links_fk` (`article_id`),
  KEY `articles_versions_links_inv_fk` (`inv_article_id`),
  KEY `articles_versions_links_order_fk` (`article_order`),
  CONSTRAINT `articles_versions_links_fk` FOREIGN KEY (`article_id`) REFERENCES `articles` (`id`) ON DELETE CASCADE,
  CONSTRAINT `articles_versions_links_inv_fk` FOREIGN KEY (`inv_article_id`) REFERENCES `articles` (`id`) ON DELETE CASCADE
) ENGINE=InnoDB DEFAULT CHARSET=utf8mb4;



# Dump of table blocks
# ------------------------------------------------------------

DROP TABLE IF EXISTS `blocks`;

CREATE TABLE `blocks` (
  `id` int(10) unsigned NOT NULL AUTO_INCREMENT,
  `display_name` varchar(255) DEFAULT NULL,
  `block_name` varchar(255) DEFAULT NULL,
  `external_url` varchar(255) DEFAULT NULL,
  `created_at` datetime(6) DEFAULT NULL,
  `updated_at` datetime(6) DEFAULT NULL,
  `created_by_id` int(10) unsigned DEFAULT NULL,
  `updated_by_id` int(10) unsigned DEFAULT NULL,
  PRIMARY KEY (`id`),
  KEY `blocks_created_by_id_fk` (`created_by_id`),
  KEY `blocks_updated_by_id_fk` (`updated_by_id`),
  CONSTRAINT `blocks_created_by_id_fk` FOREIGN KEY (`created_by_id`) REFERENCES `admin_users` (`id`) ON DELETE SET NULL,
  CONSTRAINT `blocks_updated_by_id_fk` FOREIGN KEY (`updated_by_id`) REFERENCES `admin_users` (`id`) ON DELETE SET NULL
) ENGINE=InnoDB DEFAULT CHARSET=utf8mb4;

LOCK TABLES `blocks` WRITE;
/*!40000 ALTER TABLE `blocks` DISABLE KEYS */;

INSERT INTO `blocks` (`id`, `display_name`, `block_name`, `external_url`, `created_at`, `updated_at`, `created_by_id`, `updated_by_id`)
VALUES
	(1,'Detail lnku','components_block_article_detail_blocks',NULL,'2023-04-15 16:42:54.353000','2023-04-15 16:42:54.353000',NULL,NULL),
	(2,'Vpis lnk','components_block_articles_list_blocks',NULL,'2023-04-15 16:42:54.382000','2023-04-15 16:42:54.382000',NULL,NULL),
	(3,'Tlatko','components_block_button_blocks',NULL,'2023-04-15 16:42:54.394000','2023-04-15 16:42:54.394000',NULL,NULL),
	(4,'Posuvnk','components_block_carousel_blocks',NULL,'2023-04-15 16:42:54.403000','2023-04-15 16:42:54.403000',NULL,NULL),
	(5,'Chyba','components_block_error_page_blocks',NULL,'2023-04-15 16:42:54.412000','2023-04-15 16:42:54.412000',NULL,NULL),
	(6,'Galerie','components_block_gallery_blocks',NULL,'2023-04-15 16:42:54.420000','2023-04-15 16:42:54.420000',NULL,NULL),
	(7,'Obrzek','components_block_image_blocks',NULL,'2023-04-15 16:42:54.426000','2023-04-15 16:42:54.426000',NULL,NULL),
	(8,'Vpis nejnovjch lnk','components_block_latest_articles_blocks',NULL,'2023-04-15 16:42:54.432000','2023-04-15 16:42:54.432000',NULL,NULL),
	(9,'Mapa','components_block_map_blocks',NULL,'2023-04-15 16:42:54.442000','2023-04-15 16:42:54.442000',NULL,NULL),
	(10,'Formtovan text','components_block_rich_text_blocks',NULL,'2023-04-15 16:42:54.450000','2023-04-15 16:42:54.450000',NULL,NULL),
	(11,'Znovupouiteln obsah','components_block_template_blocks',NULL,'2023-04-15 16:42:54.458000','2023-04-15 16:42:54.458000',NULL,NULL),
	(12,'Test','components_block_test_blocks',NULL,'2023-04-15 16:42:54.479000','2023-04-15 16:42:54.479000',NULL,NULL),
	(13,'Video','components_block_video_blocks',NULL,'2023-04-15 16:42:54.488000','2023-04-15 16:42:54.488000',NULL,NULL),
	(14,'Youtube/Vimeo video','components_block_youtube_vimeo_blocks',NULL,'2023-04-15 16:42:54.512000','2023-04-15 16:42:54.512000',NULL,NULL);

/*!40000 ALTER TABLE `blocks` ENABLE KEYS */;
UNLOCK TABLES;


# Dump of table components_block_article_detail_blocks
# ------------------------------------------------------------

DROP TABLE IF EXISTS `components_block_article_detail_blocks`;

CREATE TABLE `components_block_article_detail_blocks` (
  `id` int(10) unsigned NOT NULL AUTO_INCREMENT,
  `section_id` varchar(255) DEFAULT NULL,
  PRIMARY KEY (`id`)
) ENGINE=InnoDB DEFAULT CHARSET=utf8mb4;

LOCK TABLES `components_block_article_detail_blocks` WRITE;
/*!40000 ALTER TABLE `components_block_article_detail_blocks` DISABLE KEYS */;

INSERT INTO `components_block_article_detail_blocks` (`id`, `section_id`)
VALUES
	(1,NULL);

/*!40000 ALTER TABLE `components_block_article_detail_blocks` ENABLE KEYS */;
UNLOCK TABLES;


# Dump of table components_block_articles_list_blocks
# ------------------------------------------------------------

DROP TABLE IF EXISTS `components_block_articles_list_blocks`;

CREATE TABLE `components_block_articles_list_blocks` (
  `id` int(10) unsigned NOT NULL AUTO_INCREMENT,
  `section_id` varchar(255) DEFAULT NULL,
  PRIMARY KEY (`id`)
) ENGINE=InnoDB DEFAULT CHARSET=utf8mb4;

LOCK TABLES `components_block_articles_list_blocks` WRITE;
/*!40000 ALTER TABLE `components_block_articles_list_blocks` DISABLE KEYS */;

INSERT INTO `components_block_articles_list_blocks` (`id`, `section_id`)
VALUES
	(1,NULL);

/*!40000 ALTER TABLE `components_block_articles_list_blocks` ENABLE KEYS */;
UNLOCK TABLES;


# Dump of table components_block_button_blocks
# ------------------------------------------------------------

DROP TABLE IF EXISTS `components_block_button_blocks`;

CREATE TABLE `components_block_button_blocks` (
  `id` int(10) unsigned NOT NULL AUTO_INCREMENT,
  `label` varchar(255) DEFAULT NULL,
  PRIMARY KEY (`id`)
) ENGINE=InnoDB DEFAULT CHARSET=utf8mb4;



# Dump of table components_block_button_blocks_icon_links
# ------------------------------------------------------------

DROP TABLE IF EXISTS `components_block_button_blocks_icon_links`;

CREATE TABLE `components_block_button_blocks_icon_links` (
  `id` int(10) unsigned NOT NULL AUTO_INCREMENT,
  `button_block_id` int(10) unsigned DEFAULT NULL,
  `icon_id` int(10) unsigned DEFAULT NULL,
  PRIMARY KEY (`id`),
  UNIQUE KEY `components_block_button_blocks_icon_links_unique` (`button_block_id`,`icon_id`),
  KEY `components_block_button_blocks_icon_links_fk` (`button_block_id`),
  KEY `components_block_button_blocks_icon_links_inv_fk` (`icon_id`),
  CONSTRAINT `components_block_button_blocks_icon_links_fk` FOREIGN KEY (`button_block_id`) REFERENCES `components_block_button_blocks` (`id`) ON DELETE CASCADE,
  CONSTRAINT `components_block_button_blocks_icon_links_inv_fk` FOREIGN KEY (`icon_id`) REFERENCES `icons` (`id`) ON DELETE CASCADE
) ENGINE=InnoDB DEFAULT CHARSET=utf8mb4;



# Dump of table components_block_button_blocks_page_links
# ------------------------------------------------------------

DROP TABLE IF EXISTS `components_block_button_blocks_page_links`;

CREATE TABLE `components_block_button_blocks_page_links` (
  `id` int(10) unsigned NOT NULL AUTO_INCREMENT,
  `button_block_id` int(10) unsigned DEFAULT NULL,
  `page_id` int(10) unsigned DEFAULT NULL,
  PRIMARY KEY (`id`),
  UNIQUE KEY `components_block_button_blocks_page_links_unique` (`button_block_id`,`page_id`),
  KEY `components_block_button_blocks_page_links_fk` (`button_block_id`),
  KEY `components_block_button_blocks_page_links_inv_fk` (`page_id`),
  CONSTRAINT `components_block_button_blocks_page_links_fk` FOREIGN KEY (`button_block_id`) REFERENCES `components_block_button_blocks` (`id`) ON DELETE CASCADE,
  CONSTRAINT `components_block_button_blocks_page_links_inv_fk` FOREIGN KEY (`page_id`) REFERENCES `pages` (`id`) ON DELETE CASCADE
) ENGINE=InnoDB DEFAULT CHARSET=utf8mb4;



# Dump of table components_block_carousel_blocks
# ------------------------------------------------------------

DROP TABLE IF EXISTS `components_block_carousel_blocks`;

CREATE TABLE `components_block_carousel_blocks` (
  `id` int(10) unsigned NOT NULL AUTO_INCREMENT,
  `text_align` varchar(255) DEFAULT NULL,
  `autoplay` tinyint(1) DEFAULT NULL,
  `interval` int(11) DEFAULT NULL,
  PRIMARY KEY (`id`)
) ENGINE=InnoDB DEFAULT CHARSET=utf8mb4;



# Dump of table components_block_carousel_blocks_components
# ------------------------------------------------------------

DROP TABLE IF EXISTS `components_block_carousel_blocks_components`;

CREATE TABLE `components_block_carousel_blocks_components` (
  `id` int(10) unsigned NOT NULL AUTO_INCREMENT,
  `entity_id` int(10) unsigned DEFAULT NULL,
  `component_id` int(10) unsigned DEFAULT NULL,
  `component_type` varchar(255) DEFAULT NULL,
  `field` varchar(255) DEFAULT NULL,
  `order` double unsigned DEFAULT NULL,
  PRIMARY KEY (`id`),
  UNIQUE KEY `components_block_carousel_blocks_unique` (`entity_id`,`component_id`,`field`,`component_type`),
  KEY `components_block_carousel_blocks_field_index` (`field`),
  KEY `components_block_carousel_blocks_component_type_index` (`component_type`),
  KEY `components_block_carousel_blocks_entity_fk` (`entity_id`),
  CONSTRAINT `components_block_carousel_blocks_entity_fk` FOREIGN KEY (`entity_id`) REFERENCES `components_block_carousel_blocks` (`id`) ON DELETE CASCADE
) ENGINE=InnoDB DEFAULT CHARSET=utf8mb4;



# Dump of table components_block_error_page_blocks
# ------------------------------------------------------------

DROP TABLE IF EXISTS `components_block_error_page_blocks`;

CREATE TABLE `components_block_error_page_blocks` (
  `id` int(10) unsigned NOT NULL AUTO_INCREMENT,
  `headline` varchar(255) DEFAULT NULL,
  `description` longtext DEFAULT NULL,
  PRIMARY KEY (`id`)
) ENGINE=InnoDB DEFAULT CHARSET=utf8mb4;

LOCK TABLES `components_block_error_page_blocks` WRITE;
/*!40000 ALTER TABLE `components_block_error_page_blocks` DISABLE KEYS */;

INSERT INTO `components_block_error_page_blocks` (`id`, `headline`, `description`)
VALUES
	(1,'Strnka nenalezena','Strnka nebyla nalezena');

/*!40000 ALTER TABLE `components_block_error_page_blocks` ENABLE KEYS */;
UNLOCK TABLES;


# Dump of table components_block_gallery_blocks
# ------------------------------------------------------------

DROP TABLE IF EXISTS `components_block_gallery_blocks`;

CREATE TABLE `components_block_gallery_blocks` (
  `id` int(10) unsigned NOT NULL AUTO_INCREMENT,
  PRIMARY KEY (`id`)
) ENGINE=InnoDB DEFAULT CHARSET=utf8mb4;



# Dump of table components_block_image_blocks
# ------------------------------------------------------------

DROP TABLE IF EXISTS `components_block_image_blocks`;

CREATE TABLE `components_block_image_blocks` (
  `id` int(10) unsigned NOT NULL AUTO_INCREMENT,
  PRIMARY KEY (`id`)
) ENGINE=InnoDB DEFAULT CHARSET=utf8mb4;



# Dump of table components_block_latest_articles_blocks
# ------------------------------------------------------------

DROP TABLE IF EXISTS `components_block_latest_articles_blocks`;

CREATE TABLE `components_block_latest_articles_blocks` (
  `id` int(10) unsigned NOT NULL AUTO_INCREMENT,
  `heading` varchar(255) DEFAULT NULL,
  `button_label` varchar(255) DEFAULT NULL,
  PRIMARY KEY (`id`)
) ENGINE=InnoDB DEFAULT CHARSET=utf8mb4;



# Dump of table components_block_map_blocks
# ------------------------------------------------------------

DROP TABLE IF EXISTS `components_block_map_blocks`;

CREATE TABLE `components_block_map_blocks` (
  `id` int(10) unsigned NOT NULL AUTO_INCREMENT,
  `bubble_text` longtext DEFAULT NULL,
  PRIMARY KEY (`id`)
) ENGINE=InnoDB DEFAULT CHARSET=utf8mb4;



# Dump of table components_block_map_blocks_components
# ------------------------------------------------------------

DROP TABLE IF EXISTS `components_block_map_blocks_components`;

CREATE TABLE `components_block_map_blocks_components` (
  `id` int(10) unsigned NOT NULL AUTO_INCREMENT,
  `entity_id` int(10) unsigned DEFAULT NULL,
  `component_id` int(10) unsigned DEFAULT NULL,
  `component_type` varchar(255) DEFAULT NULL,
  `field` varchar(255) DEFAULT NULL,
  `order` double unsigned DEFAULT NULL,
  PRIMARY KEY (`id`),
  UNIQUE KEY `components_block_map_blocks_unique` (`entity_id`,`component_id`,`field`,`component_type`),
  KEY `components_block_map_blocks_field_index` (`field`),
  KEY `components_block_map_blocks_component_type_index` (`component_type`),
  KEY `components_block_map_blocks_entity_fk` (`entity_id`),
  CONSTRAINT `components_block_map_blocks_entity_fk` FOREIGN KEY (`entity_id`) REFERENCES `components_block_map_blocks` (`id`) ON DELETE CASCADE
) ENGINE=InnoDB DEFAULT CHARSET=utf8mb4;



# Dump of table components_block_rich_text_blocks
# ------------------------------------------------------------

DROP TABLE IF EXISTS `components_block_rich_text_blocks`;

CREATE TABLE `components_block_rich_text_blocks` (
  `id` int(10) unsigned NOT NULL AUTO_INCREMENT,
  `content` longtext DEFAULT NULL,
  PRIMARY KEY (`id`)
) ENGINE=InnoDB DEFAULT CHARSET=utf8mb4;

LOCK TABLES `components_block_rich_text_blocks` WRITE;
/*!40000 ALTER TABLE `components_block_rich_text_blocks` DISABLE KEYS */;

INSERT INTO `components_block_rich_text_blocks` (`id`, `content`)
VALUES
	(1,'<p>HP testovac text</p>');

/*!40000 ALTER TABLE `components_block_rich_text_blocks` ENABLE KEYS */;
UNLOCK TABLES;


# Dump of table components_block_template_blocks
# ------------------------------------------------------------

DROP TABLE IF EXISTS `components_block_template_blocks`;

CREATE TABLE `components_block_template_blocks` (
  `id` int(10) unsigned NOT NULL AUTO_INCREMENT,
  PRIMARY KEY (`id`)
) ENGINE=InnoDB DEFAULT CHARSET=utf8mb4;



# Dump of table components_block_template_blocks_template_links
# ------------------------------------------------------------

DROP TABLE IF EXISTS `components_block_template_blocks_template_links`;

CREATE TABLE `components_block_template_blocks_template_links` (
  `id` int(10) unsigned NOT NULL AUTO_INCREMENT,
  `template_block_id` int(10) unsigned DEFAULT NULL,
  `template_id` int(10) unsigned DEFAULT NULL,
  PRIMARY KEY (`id`),
  UNIQUE KEY `components_block_template_blocks_template_links_unique` (`template_block_id`,`template_id`),
  KEY `components_block_template_blocks_template_links_fk` (`template_block_id`),
  KEY `components_block_template_blocks_template_links_inv_fk` (`template_id`),
  CONSTRAINT `components_block_template_blocks_template_links_fk` FOREIGN KEY (`template_block_id`) REFERENCES `components_block_template_blocks` (`id`) ON DELETE CASCADE,
  CONSTRAINT `components_block_template_blocks_template_links_inv_fk` FOREIGN KEY (`template_id`) REFERENCES `templates` (`id`) ON DELETE CASCADE
) ENGINE=InnoDB DEFAULT CHARSET=utf8mb4;



# Dump of table components_block_test_blocks
# ------------------------------------------------------------

DROP TABLE IF EXISTS `components_block_test_blocks`;

CREATE TABLE `components_block_test_blocks` (
  `id` int(10) unsigned NOT NULL AUTO_INCREMENT,
  `test_text` varchar(255) DEFAULT NULL,
  PRIMARY KEY (`id`)
) ENGINE=InnoDB DEFAULT CHARSET=utf8mb4;



# Dump of table components_block_test_blocks_article_links
# ------------------------------------------------------------

DROP TABLE IF EXISTS `components_block_test_blocks_article_links`;

CREATE TABLE `components_block_test_blocks_article_links` (
  `id` int(10) unsigned NOT NULL AUTO_INCREMENT,
  `test_block_id` int(10) unsigned DEFAULT NULL,
  `article_id` int(10) unsigned DEFAULT NULL,
  PRIMARY KEY (`id`),
  UNIQUE KEY `components_block_test_blocks_article_links_unique` (`test_block_id`,`article_id`),
  KEY `components_block_test_blocks_article_links_fk` (`test_block_id`),
  KEY `components_block_test_blocks_article_links_inv_fk` (`article_id`),
  CONSTRAINT `components_block_test_blocks_article_links_fk` FOREIGN KEY (`test_block_id`) REFERENCES `components_block_test_blocks` (`id`) ON DELETE CASCADE,
  CONSTRAINT `components_block_test_blocks_article_links_inv_fk` FOREIGN KEY (`article_id`) REFERENCES `articles` (`id`) ON DELETE CASCADE
) ENGINE=InnoDB DEFAULT CHARSET=utf8mb4;



# Dump of table components_block_test_blocks_components
# ------------------------------------------------------------

DROP TABLE IF EXISTS `components_block_test_blocks_components`;

CREATE TABLE `components_block_test_blocks_components` (
  `id` int(10) unsigned NOT NULL AUTO_INCREMENT,
  `entity_id` int(10) unsigned DEFAULT NULL,
  `component_id` int(10) unsigned DEFAULT NULL,
  `component_type` varchar(255) DEFAULT NULL,
  `field` varchar(255) DEFAULT NULL,
  `order` double unsigned DEFAULT NULL,
  PRIMARY KEY (`id`),
  UNIQUE KEY `components_block_test_blocks_unique` (`entity_id`,`component_id`,`field`,`component_type`),
  KEY `components_block_test_blocks_field_index` (`field`),
  KEY `components_block_test_blocks_component_type_index` (`component_type`),
  KEY `components_block_test_blocks_entity_fk` (`entity_id`),
  CONSTRAINT `components_block_test_blocks_entity_fk` FOREIGN KEY (`entity_id`) REFERENCES `components_block_test_blocks` (`id`) ON DELETE CASCADE
) ENGINE=InnoDB DEFAULT CHARSET=utf8mb4;



# Dump of table components_block_video_blocks
# ------------------------------------------------------------

DROP TABLE IF EXISTS `components_block_video_blocks`;

CREATE TABLE `components_block_video_blocks` (
  `id` int(10) unsigned NOT NULL AUTO_INCREMENT,
  `autoplay` tinyint(1) DEFAULT NULL,
  `video_id` varchar(255) DEFAULT NULL,
  `url` varchar(255) DEFAULT NULL,
  `thumbnail_url` varchar(255) DEFAULT NULL,
  PRIMARY KEY (`id`)
) ENGINE=InnoDB DEFAULT CHARSET=utf8mb4;



# Dump of table components_block_youtube_vimeo_blocks
# ------------------------------------------------------------

DROP TABLE IF EXISTS `components_block_youtube_vimeo_blocks`;

CREATE TABLE `components_block_youtube_vimeo_blocks` (
  `id` int(10) unsigned NOT NULL AUTO_INCREMENT,
  `url` varchar(255) DEFAULT NULL,
  `provider` varchar(255) DEFAULT NULL,
  `provider_uid` varchar(255) DEFAULT NULL,
  `width` int(11) DEFAULT NULL,
  `height` int(11) DEFAULT NULL,
  `title` varchar(255) DEFAULT NULL,
  `thumbnail_url` varchar(255) DEFAULT NULL,
  PRIMARY KEY (`id`)
) ENGINE=InnoDB DEFAULT CHARSET=utf8mb4;



# Dump of table components_complementary_buttons
# ------------------------------------------------------------

DROP TABLE IF EXISTS `components_complementary_buttons`;

CREATE TABLE `components_complementary_buttons` (
  `id` int(10) unsigned NOT NULL AUTO_INCREMENT,
  `label` varchar(255) DEFAULT NULL,
  `link_external` varchar(255) DEFAULT NULL,
  `open_in_new_tab` tinyint(1) DEFAULT NULL,
  PRIMARY KEY (`id`)
) ENGINE=InnoDB DEFAULT CHARSET=utf8mb4;



# Dump of table components_complementary_buttons_page_links
# ------------------------------------------------------------

DROP TABLE IF EXISTS `components_complementary_buttons_page_links`;

CREATE TABLE `components_complementary_buttons_page_links` (
  `id` int(10) unsigned NOT NULL AUTO_INCREMENT,
  `button_id` int(10) unsigned DEFAULT NULL,
  `page_id` int(10) unsigned DEFAULT NULL,
  PRIMARY KEY (`id`),
  UNIQUE KEY `components_complementary_buttons_page_links_unique` (`button_id`,`page_id`),
  KEY `components_complementary_buttons_page_links_fk` (`button_id`),
  KEY `components_complementary_buttons_page_links_inv_fk` (`page_id`),
  CONSTRAINT `components_complementary_buttons_page_links_fk` FOREIGN KEY (`button_id`) REFERENCES `components_complementary_buttons` (`id`) ON DELETE CASCADE,
  CONSTRAINT `components_complementary_buttons_page_links_inv_fk` FOREIGN KEY (`page_id`) REFERENCES `pages` (`id`) ON DELETE CASCADE
) ENGINE=InnoDB DEFAULT CHARSET=utf8mb4;



# Dump of table components_complementary_carousel_banners
# ------------------------------------------------------------

DROP TABLE IF EXISTS `components_complementary_carousel_banners`;

CREATE TABLE `components_complementary_carousel_banners` (
  `id` int(10) unsigned NOT NULL AUTO_INCREMENT,
  `headline` varchar(255) DEFAULT NULL,
  `description` longtext DEFAULT NULL,
  `text_align` varchar(255) DEFAULT NULL,
  PRIMARY KEY (`id`)
) ENGINE=InnoDB DEFAULT CHARSET=utf8mb4;



# Dump of table components_complementary_ecomails
# ------------------------------------------------------------

DROP TABLE IF EXISTS `components_complementary_ecomails`;

CREATE TABLE `components_complementary_ecomails` (
  `id` int(10) unsigned NOT NULL AUTO_INCREMENT,
  `api_key` varchar(255) DEFAULT NULL,
  `list_id` varchar(255) DEFAULT NULL,
  PRIMARY KEY (`id`)
) ENGINE=InnoDB DEFAULT CHARSET=utf8mb4;



# Dump of table components_complementary_gallery_items
# ------------------------------------------------------------

DROP TABLE IF EXISTS `components_complementary_gallery_items`;

CREATE TABLE `components_complementary_gallery_items` (
  `id` int(10) unsigned NOT NULL AUTO_INCREMENT,
  PRIMARY KEY (`id`)
) ENGINE=InnoDB DEFAULT CHARSET=utf8mb4;



# Dump of table components_complementary_gps_coordinates
# ------------------------------------------------------------

DROP TABLE IF EXISTS `components_complementary_gps_coordinates`;

CREATE TABLE `components_complementary_gps_coordinates` (
  `id` int(10) unsigned NOT NULL AUTO_INCREMENT,
  `latitude` varchar(255) DEFAULT NULL,
  `longitude` varchar(255) DEFAULT NULL,
  PRIMARY KEY (`id`)
) ENGINE=InnoDB DEFAULT CHARSET=utf8mb4;



# Dump of table components_complementary_links
# ------------------------------------------------------------

DROP TABLE IF EXISTS `components_complementary_links`;

CREATE TABLE `components_complementary_links` (
  `id` int(10) unsigned NOT NULL AUTO_INCREMENT,
  `text` varchar(255) DEFAULT NULL,
  `link_external` varchar(255) DEFAULT NULL,
  PRIMARY KEY (`id`)
) ENGINE=InnoDB DEFAULT CHARSET=utf8mb4;



# Dump of table components_complementary_links_page_links
# ------------------------------------------------------------

DROP TABLE IF EXISTS `components_complementary_links_page_links`;

CREATE TABLE `components_complementary_links_page_links` (
  `id` int(10) unsigned NOT NULL AUTO_INCREMENT,
  `link_id` int(10) unsigned DEFAULT NULL,
  `page_id` int(10) unsigned DEFAULT NULL,
  PRIMARY KEY (`id`),
  UNIQUE KEY `components_complementary_links_page_links_unique` (`link_id`,`page_id`),
  KEY `components_complementary_links_page_links_fk` (`link_id`),
  KEY `components_complementary_links_page_links_inv_fk` (`page_id`),
  CONSTRAINT `components_complementary_links_page_links_fk` FOREIGN KEY (`link_id`) REFERENCES `components_complementary_links` (`id`) ON DELETE CASCADE,
  CONSTRAINT `components_complementary_links_page_links_inv_fk` FOREIGN KEY (`page_id`) REFERENCES `pages` (`id`) ON DELETE CASCADE
) ENGINE=InnoDB DEFAULT CHARSET=utf8mb4;



# Dump of table components_complementary_mailchimps
# ------------------------------------------------------------

DROP TABLE IF EXISTS `components_complementary_mailchimps`;

CREATE TABLE `components_complementary_mailchimps` (
  `id` int(10) unsigned NOT NULL AUTO_INCREMENT,
  `server_prefix` varchar(255) DEFAULT NULL,
  `api_key` varchar(255) DEFAULT NULL,
  `list_id` varchar(255) DEFAULT NULL,
  PRIMARY KEY (`id`)
) ENGINE=InnoDB DEFAULT CHARSET=utf8mb4;



# Dump of table components_complementary_test_components
# ------------------------------------------------------------

DROP TABLE IF EXISTS `components_complementary_test_components`;

CREATE TABLE `components_complementary_test_components` (
  `id` int(10) unsigned NOT NULL AUTO_INCREMENT,
  `text` varchar(255) DEFAULT NULL,
  PRIMARY KEY (`id`)
) ENGINE=InnoDB DEFAULT CHARSET=utf8mb4;



# Dump of table components_complementary_test_components_icon_links
# ------------------------------------------------------------

DROP TABLE IF EXISTS `components_complementary_test_components_icon_links`;

CREATE TABLE `components_complementary_test_components_icon_links` (
  `id` int(10) unsigned NOT NULL AUTO_INCREMENT,
  `test_component_id` int(10) unsigned DEFAULT NULL,
  `icon_id` int(10) unsigned DEFAULT NULL,
  PRIMARY KEY (`id`),
  UNIQUE KEY `components_complementary_test_components_icon_links_unique` (`test_component_id`,`icon_id`),
  KEY `components_complementary_test_components_icon_links_fk` (`test_component_id`),
  KEY `components_complementary_test_components_icon_links_inv_fk` (`icon_id`),
  CONSTRAINT `components_complementary_test_components_icon_links_fk` FOREIGN KEY (`test_component_id`) REFERENCES `components_complementary_test_components` (`id`) ON DELETE CASCADE,
  CONSTRAINT `components_complementary_test_components_icon_links_inv_fk` FOREIGN KEY (`icon_id`) REFERENCES `icons` (`id`) ON DELETE CASCADE
) ENGINE=InnoDB DEFAULT CHARSET=utf8mb4;



# Dump of table components_menu_menu_items
# ------------------------------------------------------------

DROP TABLE IF EXISTS `components_menu_menu_items`;

CREATE TABLE `components_menu_menu_items` (
  `id` int(10) unsigned NOT NULL AUTO_INCREMENT,
  `label` varchar(255) DEFAULT NULL,
  `external_url` varchar(255) DEFAULT NULL,
  `open_in_new_tab` tinyint(1) DEFAULT NULL,
  PRIMARY KEY (`id`)
) ENGINE=InnoDB DEFAULT CHARSET=utf8mb4;

LOCK TABLES `components_menu_menu_items` WRITE;
/*!40000 ALTER TABLE `components_menu_menu_items` DISABLE KEYS */;

INSERT INTO `components_menu_menu_items` (`id`, `label`, `external_url`, `open_in_new_tab`)
VALUES
	(1,'Dom',NULL,0),
	(2,'Blog',NULL,0),
	(3,'Dom',NULL,0),
	(4,'Blog',NULL,0);

/*!40000 ALTER TABLE `components_menu_menu_items` ENABLE KEYS */;
UNLOCK TABLES;


# Dump of table components_menu_menu_items_page_links
# ------------------------------------------------------------

DROP TABLE IF EXISTS `components_menu_menu_items_page_links`;

CREATE TABLE `components_menu_menu_items_page_links` (
  `id` int(10) unsigned NOT NULL AUTO_INCREMENT,
  `menu_item_id` int(10) unsigned DEFAULT NULL,
  `page_id` int(10) unsigned DEFAULT NULL,
  PRIMARY KEY (`id`),
  UNIQUE KEY `components_menu_menu_items_page_links_unique` (`menu_item_id`,`page_id`),
  KEY `components_menu_menu_items_page_links_fk` (`menu_item_id`),
  KEY `components_menu_menu_items_page_links_inv_fk` (`page_id`),
  CONSTRAINT `components_menu_menu_items_page_links_fk` FOREIGN KEY (`menu_item_id`) REFERENCES `components_menu_menu_items` (`id`) ON DELETE CASCADE,
  CONSTRAINT `components_menu_menu_items_page_links_inv_fk` FOREIGN KEY (`page_id`) REFERENCES `pages` (`id`) ON DELETE CASCADE
) ENGINE=InnoDB DEFAULT CHARSET=utf8mb4;

LOCK TABLES `components_menu_menu_items_page_links` WRITE;
/*!40000 ALTER TABLE `components_menu_menu_items_page_links` DISABLE KEYS */;

INSERT INTO `components_menu_menu_items_page_links` (`id`, `menu_item_id`, `page_id`)
VALUES
	(1,1,1),
	(2,2,3),
	(3,3,1),
	(4,4,3);

/*!40000 ALTER TABLE `components_menu_menu_items_page_links` ENABLE KEYS */;
UNLOCK TABLES;


# Dump of table components_shared_fallback_seos
# ------------------------------------------------------------

DROP TABLE IF EXISTS `components_shared_fallback_seos`;

CREATE TABLE `components_shared_fallback_seos` (
  `id` int(10) unsigned NOT NULL AUTO_INCREMENT,
  `description` longtext DEFAULT NULL,
  `title` varchar(255) DEFAULT NULL,
  `twitter_card` varchar(255) DEFAULT NULL,
  PRIMARY KEY (`id`)
) ENGINE=InnoDB DEFAULT CHARSET=utf8mb4;



# Dump of table components_shared_favicon_meta_tags
# ------------------------------------------------------------

DROP TABLE IF EXISTS `components_shared_favicon_meta_tags`;

CREATE TABLE `components_shared_favicon_meta_tags` (
  `id` int(10) unsigned NOT NULL AUTO_INCREMENT,
  `tag` varchar(255) DEFAULT NULL,
  `attributes` longtext DEFAULT NULL,
  `content` longtext DEFAULT NULL,
  PRIMARY KEY (`id`)
) ENGINE=InnoDB DEFAULT CHARSET=utf8mb4;



# Dump of table components_shared_global_seos
# ------------------------------------------------------------

DROP TABLE IF EXISTS `components_shared_global_seos`;

CREATE TABLE `components_shared_global_seos` (
  `id` int(10) unsigned NOT NULL AUTO_INCREMENT,
  `site_name` varchar(255) DEFAULT NULL,
  `title_suffix` varchar(255) DEFAULT NULL,
  `facebook_page_url` varchar(255) DEFAULT NULL,
  `twitter_account` varchar(255) DEFAULT NULL,
  PRIMARY KEY (`id`)
) ENGINE=InnoDB DEFAULT CHARSET=utf8mb4;



# Dump of table components_shared_global_seos_components
# ------------------------------------------------------------

DROP TABLE IF EXISTS `components_shared_global_seos_components`;

CREATE TABLE `components_shared_global_seos_components` (
  `id` int(10) unsigned NOT NULL AUTO_INCREMENT,
  `entity_id` int(10) unsigned DEFAULT NULL,
  `component_id` int(10) unsigned DEFAULT NULL,
  `component_type` varchar(255) DEFAULT NULL,
  `field` varchar(255) DEFAULT NULL,
  `order` double unsigned DEFAULT NULL,
  PRIMARY KEY (`id`),
  UNIQUE KEY `components_shared_global_seos_unique` (`entity_id`,`component_id`,`field`,`component_type`),
  KEY `components_shared_global_seos_field_index` (`field`),
  KEY `components_shared_global_seos_component_type_index` (`component_type`),
  KEY `components_shared_global_seos_entity_fk` (`entity_id`),
  CONSTRAINT `components_shared_global_seos_entity_fk` FOREIGN KEY (`entity_id`) REFERENCES `components_shared_global_seos` (`id`) ON DELETE CASCADE
) ENGINE=InnoDB DEFAULT CHARSET=utf8mb4;



# Dump of table components_shared_meta_socials
# ------------------------------------------------------------

DROP TABLE IF EXISTS `components_shared_meta_socials`;

CREATE TABLE `components_shared_meta_socials` (
  `id` int(10) unsigned NOT NULL AUTO_INCREMENT,
  `social_network` varchar(255) DEFAULT NULL,
  `title` varchar(255) DEFAULT NULL,
  `description` varchar(255) DEFAULT NULL,
  PRIMARY KEY (`id`)
) ENGINE=InnoDB DEFAULT CHARSET=utf8mb4;



# Dump of table components_shared_metas
# ------------------------------------------------------------

DROP TABLE IF EXISTS `components_shared_metas`;

CREATE TABLE `components_shared_metas` (
  `id` int(10) unsigned NOT NULL AUTO_INCREMENT,
  `name` varchar(255) DEFAULT NULL,
  `content` longtext DEFAULT NULL,
  PRIMARY KEY (`id`)
) ENGINE=InnoDB DEFAULT CHARSET=utf8mb4;



# Dump of table components_shared_seos
# ------------------------------------------------------------

DROP TABLE IF EXISTS `components_shared_seos`;

CREATE TABLE `components_shared_seos` (
  `id` int(10) unsigned NOT NULL AUTO_INCREMENT,
  `meta_title` varchar(255) DEFAULT NULL,
  `meta_description` varchar(255) DEFAULT NULL,
  `keywords` longtext DEFAULT NULL,
  `meta_robots` varchar(255) DEFAULT NULL,
  `structured_data` longtext CHARACTER SET utf8mb4 COLLATE utf8mb4_bin DEFAULT NULL CHECK (json_valid(`structured_data`)),
  `meta_viewport` varchar(255) DEFAULT NULL,
  `canonical_url` varchar(255) DEFAULT NULL,
  `prevent_indexing` tinyint(1) DEFAULT NULL,
  `title` varchar(255) DEFAULT NULL,
  PRIMARY KEY (`id`)
) ENGINE=InnoDB DEFAULT CHARSET=utf8mb4;

LOCK TABLES `components_shared_seos` WRITE;
/*!40000 ALTER TABLE `components_shared_seos` DISABLE KEYS */;

INSERT INTO `components_shared_seos` (`id`, `meta_title`, `meta_description`, `keywords`, `meta_robots`, `structured_data`, `meta_viewport`, `canonical_url`, `prevent_indexing`, `title`)
VALUES
	(1,'Boilerplate','SKLINET - boilerplate pro prci na projektech',NULL,NULL,NULL,NULL,NULL,1,NULL);

/*!40000 ALTER TABLE `components_shared_seos` ENABLE KEYS */;
UNLOCK TABLES;


# Dump of table components_shared_seos_components
# ------------------------------------------------------------

DROP TABLE IF EXISTS `components_shared_seos_components`;

CREATE TABLE `components_shared_seos_components` (
  `id` int(10) unsigned NOT NULL AUTO_INCREMENT,
  `entity_id` int(10) unsigned DEFAULT NULL,
  `component_id` int(10) unsigned DEFAULT NULL,
  `component_type` varchar(255) DEFAULT NULL,
  `field` varchar(255) DEFAULT NULL,
  `order` double unsigned DEFAULT NULL,
  PRIMARY KEY (`id`),
  UNIQUE KEY `components_shared_seos_unique` (`entity_id`,`component_id`,`field`,`component_type`),
  KEY `components_shared_seos_field_index` (`field`),
  KEY `components_shared_seos_component_type_index` (`component_type`),
  KEY `components_shared_seos_entity_fk` (`entity_id`),
  CONSTRAINT `components_shared_seos_entity_fk` FOREIGN KEY (`entity_id`) REFERENCES `components_shared_seos` (`id`) ON DELETE CASCADE
) ENGINE=InnoDB DEFAULT CHARSET=utf8mb4;



# Dump of table components_shared_sitemaps
# ------------------------------------------------------------

DROP TABLE IF EXISTS `components_shared_sitemaps`;

CREATE TABLE `components_shared_sitemaps` (
  `id` int(10) unsigned NOT NULL AUTO_INCREMENT,
  `enabled` tinyint(1) DEFAULT NULL,
  `change_frequency` varchar(255) DEFAULT NULL,
  `priority` decimal(10,2) DEFAULT NULL,
  PRIMARY KEY (`id`)
) ENGINE=InnoDB DEFAULT CHARSET=utf8mb4;



# Dump of table files
# ------------------------------------------------------------

DROP TABLE IF EXISTS `files`;

CREATE TABLE `files` (
  `id` int(10) unsigned NOT NULL AUTO_INCREMENT,
  `name` varchar(255) DEFAULT NULL,
  `alternative_text` varchar(255) DEFAULT NULL,
  `caption` varchar(255) DEFAULT NULL,
  `width` int(11) DEFAULT NULL,
  `height` int(11) DEFAULT NULL,
  `formats` longtext CHARACTER SET utf8mb4 COLLATE utf8mb4_bin DEFAULT NULL CHECK (json_valid(`formats`)),
  `hash` varchar(255) DEFAULT NULL,
  `ext` varchar(255) DEFAULT NULL,
  `mime` varchar(255) DEFAULT NULL,
  `size` decimal(10,2) DEFAULT NULL,
  `url` varchar(255) DEFAULT NULL,
  `preview_url` varchar(255) DEFAULT NULL,
  `provider` varchar(255) DEFAULT NULL,
  `provider_metadata` longtext CHARACTER SET utf8mb4 COLLATE utf8mb4_bin DEFAULT NULL CHECK (json_valid(`provider_metadata`)),
  `folder_path` varchar(255) DEFAULT NULL,
  `created_at` datetime(6) DEFAULT NULL,
  `updated_at` datetime(6) DEFAULT NULL,
  `created_by_id` int(10) unsigned DEFAULT NULL,
  `updated_by_id` int(10) unsigned DEFAULT NULL,
  PRIMARY KEY (`id`),
  KEY `upload_files_folder_path_index` (`folder_path`),
  KEY `upload_files_created_at_index` (`created_at`),
  KEY `upload_files_updated_at_index` (`updated_at`),
  KEY `upload_files_name_index` (`name`),
  KEY `upload_files_size_index` (`size`),
  KEY `upload_files_ext_index` (`ext`),
  KEY `files_created_by_id_fk` (`created_by_id`),
  KEY `files_updated_by_id_fk` (`updated_by_id`),
  CONSTRAINT `files_created_by_id_fk` FOREIGN KEY (`created_by_id`) REFERENCES `admin_users` (`id`) ON DELETE SET NULL,
  CONSTRAINT `files_updated_by_id_fk` FOREIGN KEY (`updated_by_id`) REFERENCES `admin_users` (`id`) ON DELETE SET NULL
) ENGINE=InnoDB DEFAULT CHARSET=utf8mb4;



# Dump of table files_folder_links
# ------------------------------------------------------------

DROP TABLE IF EXISTS `files_folder_links`;

CREATE TABLE `files_folder_links` (
  `id` int(10) unsigned NOT NULL AUTO_INCREMENT,
  `file_id` int(10) unsigned DEFAULT NULL,
  `folder_id` int(10) unsigned DEFAULT NULL,
  `file_order` double unsigned DEFAULT NULL,
  PRIMARY KEY (`id`),
  UNIQUE KEY `files_folder_links_unique` (`file_id`,`folder_id`),
  KEY `files_folder_links_fk` (`file_id`),
  KEY `files_folder_links_inv_fk` (`folder_id`),
  KEY `files_folder_links_order_inv_fk` (`file_order`),
  CONSTRAINT `files_folder_links_fk` FOREIGN KEY (`file_id`) REFERENCES `files` (`id`) ON DELETE CASCADE,
  CONSTRAINT `files_folder_links_inv_fk` FOREIGN KEY (`folder_id`) REFERENCES `upload_folders` (`id`) ON DELETE CASCADE
) ENGINE=InnoDB DEFAULT CHARSET=utf8mb4;



# Dump of table files_related_morphs
# ------------------------------------------------------------

DROP TABLE IF EXISTS `files_related_morphs`;

CREATE TABLE `files_related_morphs` (
  `id` int(10) unsigned NOT NULL AUTO_INCREMENT,
  `file_id` int(10) unsigned DEFAULT NULL,
  `related_id` int(10) unsigned DEFAULT NULL,
  `related_type` varchar(255) DEFAULT NULL,
  `field` varchar(255) DEFAULT NULL,
  `order` double unsigned DEFAULT NULL,
  PRIMARY KEY (`id`),
  KEY `files_related_morphs_fk` (`file_id`),
  CONSTRAINT `files_related_morphs_fk` FOREIGN KEY (`file_id`) REFERENCES `files` (`id`) ON DELETE CASCADE
) ENGINE=InnoDB DEFAULT CHARSET=utf8mb4;



# Dump of table i18n_locale
# ------------------------------------------------------------

DROP TABLE IF EXISTS `i18n_locale`;

CREATE TABLE `i18n_locale` (
  `id` int(10) unsigned NOT NULL AUTO_INCREMENT,
  `name` varchar(255) DEFAULT NULL,
  `code` varchar(255) DEFAULT NULL,
  `created_at` datetime(6) DEFAULT NULL,
  `updated_at` datetime(6) DEFAULT NULL,
  `created_by_id` int(10) unsigned DEFAULT NULL,
  `updated_by_id` int(10) unsigned DEFAULT NULL,
  PRIMARY KEY (`id`),
  KEY `i18n_locale_created_by_id_fk` (`created_by_id`),
  KEY `i18n_locale_updated_by_id_fk` (`updated_by_id`),
  CONSTRAINT `i18n_locale_created_by_id_fk` FOREIGN KEY (`created_by_id`) REFERENCES `admin_users` (`id`) ON DELETE SET NULL,
  CONSTRAINT `i18n_locale_updated_by_id_fk` FOREIGN KEY (`updated_by_id`) REFERENCES `admin_users` (`id`) ON DELETE SET NULL
) ENGINE=InnoDB DEFAULT CHARSET=utf8mb4;

LOCK TABLES `i18n_locale` WRITE;
/*!40000 ALTER TABLE `i18n_locale` DISABLE KEYS */;

INSERT INTO `i18n_locale` (`id`, `name`, `code`, `created_at`, `updated_at`, `created_by_id`, `updated_by_id`)
VALUES
	(2,'Czech (cs)','cs','2023-04-15 16:44:34.549000','2023-04-15 16:44:34.549000',1,1);

/*!40000 ALTER TABLE `i18n_locale` ENABLE KEYS */;
UNLOCK TABLES;


# Dump of table icons
# ------------------------------------------------------------

DROP TABLE IF EXISTS `icons`;

CREATE TABLE `icons` (
  `id` int(10) unsigned NOT NULL AUTO_INCREMENT,
  `title` varchar(255) DEFAULT NULL,
  `codename` varchar(255) DEFAULT NULL,
  `created_at` datetime(6) DEFAULT NULL,
  `updated_at` datetime(6) DEFAULT NULL,
  `published_at` datetime(6) DEFAULT NULL,
  `created_by_id` int(10) unsigned DEFAULT NULL,
  `updated_by_id` int(10) unsigned DEFAULT NULL,
  PRIMARY KEY (`id`),
  KEY `icons_created_by_id_fk` (`created_by_id`),
  KEY `icons_updated_by_id_fk` (`updated_by_id`),
  CONSTRAINT `icons_created_by_id_fk` FOREIGN KEY (`created_by_id`) REFERENCES `admin_users` (`id`) ON DELETE SET NULL,
  CONSTRAINT `icons_updated_by_id_fk` FOREIGN KEY (`updated_by_id`) REFERENCES `admin_users` (`id`) ON DELETE SET NULL
) ENGINE=InnoDB DEFAULT CHARSET=utf8mb4;



# Dump of table menus
# ------------------------------------------------------------

DROP TABLE IF EXISTS `menus`;

CREATE TABLE `menus` (
  `id` int(10) unsigned NOT NULL AUTO_INCREMENT,
  `title` varchar(255) DEFAULT NULL,
  `created_at` datetime(6) DEFAULT NULL,
  `updated_at` datetime(6) DEFAULT NULL,
  `published_at` datetime(6) DEFAULT NULL,
  `created_by_id` int(10) unsigned DEFAULT NULL,
  `updated_by_id` int(10) unsigned DEFAULT NULL,
  `locale` varchar(255) DEFAULT NULL,
  PRIMARY KEY (`id`),
  KEY `menus_created_by_id_fk` (`created_by_id`),
  KEY `menus_updated_by_id_fk` (`updated_by_id`),
  CONSTRAINT `menus_created_by_id_fk` FOREIGN KEY (`created_by_id`) REFERENCES `admin_users` (`id`) ON DELETE SET NULL,
  CONSTRAINT `menus_updated_by_id_fk` FOREIGN KEY (`updated_by_id`) REFERENCES `admin_users` (`id`) ON DELETE SET NULL
) ENGINE=InnoDB DEFAULT CHARSET=utf8mb4;

LOCK TABLES `menus` WRITE;
/*!40000 ALTER TABLE `menus` DISABLE KEYS */;

INSERT INTO `menus` (`id`, `title`, `created_at`, `updated_at`, `published_at`, `created_by_id`, `updated_by_id`, `locale`)
VALUES
	(1,'Hlavn navigace','2023-04-15 16:48:27.004000','2023-04-15 16:49:06.155000','2023-04-15 16:49:06.149000',1,1,'cs'),
	(2,'Navigace v patice','2023-04-15 16:48:51.639000','2023-04-15 16:49:10.176000','2023-04-15 16:49:10.171000',1,1,'cs');

/*!40000 ALTER TABLE `menus` ENABLE KEYS */;
UNLOCK TABLES;


# Dump of table menus_components
# ------------------------------------------------------------

DROP TABLE IF EXISTS `menus_components`;

CREATE TABLE `menus_components` (
  `id` int(10) unsigned NOT NULL AUTO_INCREMENT,
  `entity_id` int(10) unsigned DEFAULT NULL,
  `component_id` int(10) unsigned DEFAULT NULL,
  `component_type` varchar(255) DEFAULT NULL,
  `field` varchar(255) DEFAULT NULL,
  `order` double unsigned DEFAULT NULL,
  PRIMARY KEY (`id`),
  UNIQUE KEY `menus_unique` (`entity_id`,`component_id`,`field`,`component_type`),
  KEY `menus_field_index` (`field`),
  KEY `menus_component_type_index` (`component_type`),
  KEY `menus_entity_fk` (`entity_id`),
  CONSTRAINT `menus_entity_fk` FOREIGN KEY (`entity_id`) REFERENCES `menus` (`id`) ON DELETE CASCADE
) ENGINE=InnoDB DEFAULT CHARSET=utf8mb4;

LOCK TABLES `menus_components` WRITE;
/*!40000 ALTER TABLE `menus_components` DISABLE KEYS */;

INSERT INTO `menus_components` (`id`, `entity_id`, `component_id`, `component_type`, `field`, `order`)
VALUES
	(1,1,1,'menu.menu-item','items',1),
	(2,1,2,'menu.menu-item','items',2),
	(4,2,3,'menu.menu-item','items',1),
	(5,2,4,'menu.menu-item','items',2);

/*!40000 ALTER TABLE `menus_components` ENABLE KEYS */;
UNLOCK TABLES;


# Dump of table menus_localizations_links
# ------------------------------------------------------------

DROP TABLE IF EXISTS `menus_localizations_links`;

CREATE TABLE `menus_localizations_links` (
  `id` int(10) unsigned NOT NULL AUTO_INCREMENT,
  `menu_id` int(10) unsigned DEFAULT NULL,
  `inv_menu_id` int(10) unsigned DEFAULT NULL,
  `menu_order` double unsigned DEFAULT NULL,
  PRIMARY KEY (`id`),
  UNIQUE KEY `menus_localizations_links_unique` (`menu_id`,`inv_menu_id`),
  KEY `menus_localizations_links_fk` (`menu_id`),
  KEY `menus_localizations_links_inv_fk` (`inv_menu_id`),
  KEY `menus_localizations_links_order_fk` (`menu_order`),
  CONSTRAINT `menus_localizations_links_fk` FOREIGN KEY (`menu_id`) REFERENCES `menus` (`id`) ON DELETE CASCADE,
  CONSTRAINT `menus_localizations_links_inv_fk` FOREIGN KEY (`inv_menu_id`) REFERENCES `menus` (`id`) ON DELETE CASCADE
) ENGINE=InnoDB DEFAULT CHARSET=utf8mb4;



# Dump of table messages
# ------------------------------------------------------------

DROP TABLE IF EXISTS `messages`;

CREATE TABLE `messages` (
  `id` int(10) unsigned NOT NULL AUTO_INCREMENT,
  `name` varchar(255) DEFAULT NULL,
  `phone` varchar(255) DEFAULT NULL,
  `email` varchar(255) DEFAULT NULL,
  `message` longtext DEFAULT NULL,
  `city` varchar(255) DEFAULT NULL,
  `created_at` datetime(6) DEFAULT NULL,
  `updated_at` datetime(6) DEFAULT NULL,
  `published_at` datetime(6) DEFAULT NULL,
  `created_by_id` int(10) unsigned DEFAULT NULL,
  `updated_by_id` int(10) unsigned DEFAULT NULL,
  PRIMARY KEY (`id`),
  KEY `messages_created_by_id_fk` (`created_by_id`),
  KEY `messages_updated_by_id_fk` (`updated_by_id`),
  CONSTRAINT `messages_created_by_id_fk` FOREIGN KEY (`created_by_id`) REFERENCES `admin_users` (`id`) ON DELETE SET NULL,
  CONSTRAINT `messages_updated_by_id_fk` FOREIGN KEY (`updated_by_id`) REFERENCES `admin_users` (`id`) ON DELETE SET NULL
) ENGINE=InnoDB DEFAULT CHARSET=utf8mb4;



# Dump of table newsletter_subscribers
# ------------------------------------------------------------

DROP TABLE IF EXISTS `newsletter_subscribers`;

CREATE TABLE `newsletter_subscribers` (
  `id` int(10) unsigned NOT NULL AUTO_INCREMENT,
  `email` varchar(255) DEFAULT NULL,
  `created_at` datetime(6) DEFAULT NULL,
  `updated_at` datetime(6) DEFAULT NULL,
  `published_at` datetime(6) DEFAULT NULL,
  `created_by_id` int(10) unsigned DEFAULT NULL,
  `updated_by_id` int(10) unsigned DEFAULT NULL,
  PRIMARY KEY (`id`),
  KEY `newsletter_subscribers_created_by_id_fk` (`created_by_id`),
  KEY `newsletter_subscribers_updated_by_id_fk` (`updated_by_id`),
  CONSTRAINT `newsletter_subscribers_created_by_id_fk` FOREIGN KEY (`created_by_id`) REFERENCES `admin_users` (`id`) ON DELETE SET NULL,
  CONSTRAINT `newsletter_subscribers_updated_by_id_fk` FOREIGN KEY (`updated_by_id`) REFERENCES `admin_users` (`id`) ON DELETE SET NULL
) ENGINE=InnoDB DEFAULT CHARSET=utf8mb4;



# Dump of table pages
# ------------------------------------------------------------

DROP TABLE IF EXISTS `pages`;

CREATE TABLE `pages` (
  `id` int(10) unsigned NOT NULL AUTO_INCREMENT,
  `title` varchar(255) DEFAULT NULL,
  `url` varchar(255) DEFAULT NULL,
  `created_at` datetime(6) DEFAULT NULL,
  `updated_at` datetime(6) DEFAULT NULL,
  `published_at` datetime(6) DEFAULT NULL,
  `created_by_id` int(10) unsigned DEFAULT NULL,
  `updated_by_id` int(10) unsigned DEFAULT NULL,
  `vuid` varchar(255) DEFAULT NULL,
  `version_number` int(11) DEFAULT NULL,
  `is_visible_in_list_view` tinyint(1) DEFAULT NULL,
  `locale` varchar(255) DEFAULT NULL,
  PRIMARY KEY (`id`),
  KEY `pages_created_by_id_fk` (`created_by_id`),
  KEY `pages_updated_by_id_fk` (`updated_by_id`),
  CONSTRAINT `pages_created_by_id_fk` FOREIGN KEY (`created_by_id`) REFERENCES `admin_users` (`id`) ON DELETE SET NULL,
  CONSTRAINT `pages_updated_by_id_fk` FOREIGN KEY (`updated_by_id`) REFERENCES `admin_users` (`id`) ON DELETE SET NULL
) ENGINE=InnoDB DEFAULT CHARSET=utf8mb4;

LOCK TABLES `pages` WRITE;
/*!40000 ALTER TABLE `pages` DISABLE KEYS */;

INSERT INTO `pages` (`id`, `title`, `url`, `created_at`, `updated_at`, `published_at`, `created_by_id`, `updated_by_id`, `vuid`, `version_number`, `is_visible_in_list_view`, `locale`)
VALUES
	(1,'Homepage','homepage','2023-04-15 16:45:19.573000','2023-04-15 16:46:31.866000','2023-04-15 16:46:31.856000',1,1,'78ac5a48-41f3-4535-b183-99057f446f7b',1,1,'cs'),
	(2,'Page not found','404','2023-04-15 16:45:47.000000','2023-04-15 16:46:08.783000','2023-04-15 16:46:08.771000',1,1,'90637e05-899b-46f6-a644-37a3527a1f0e',1,1,'cs'),
	(3,'Blog','blog','2023-04-15 16:47:11.794000','2023-04-15 16:47:20.500000','2023-04-15 16:47:13.232000',1,1,'f1049591-13c5-4605-9ab4-f16c17f997fe',1,1,'cs'),
	(4,'Detail lnku','blog/:slug','2023-04-15 16:47:40.852000','2023-04-15 16:47:43.041000','2023-04-15 16:47:43.033000',1,1,'1b5a33a5-4358-4266-a485-e72bf0ac7e8e',1,1,'cs');

/*!40000 ALTER TABLE `pages` ENABLE KEYS */;
UNLOCK TABLES;


# Dump of table pages_components
# ------------------------------------------------------------

DROP TABLE IF EXISTS `pages_components`;

CREATE TABLE `pages_components` (
  `id` int(10) unsigned NOT NULL AUTO_INCREMENT,
  `entity_id` int(10) unsigned DEFAULT NULL,
  `component_id` int(10) unsigned DEFAULT NULL,
  `component_type` varchar(255) DEFAULT NULL,
  `field` varchar(255) DEFAULT NULL,
  `order` double unsigned DEFAULT NULL,
  PRIMARY KEY (`id`),
  UNIQUE KEY `pages_unique` (`entity_id`,`component_id`,`field`,`component_type`),
  KEY `pages_field_index` (`field`),
  KEY `pages_component_type_index` (`component_type`),
  KEY `pages_entity_fk` (`entity_id`),
  CONSTRAINT `pages_entity_fk` FOREIGN KEY (`entity_id`) REFERENCES `pages` (`id`) ON DELETE CASCADE
) ENGINE=InnoDB DEFAULT CHARSET=utf8mb4;

LOCK TABLES `pages_components` WRITE;
/*!40000 ALTER TABLE `pages_components` DISABLE KEYS */;

INSERT INTO `pages_components` (`id`, `entity_id`, `component_id`, `component_type`, `field`, `order`)
VALUES
	(1,2,1,'block.error-page-block','blocks',1),
	(2,1,1,'block.rich-text-block','blocks',1),
	(4,3,1,'block.articles-list-block','blocks',1),
	(5,4,1,'block.article-detail-block','blocks',1);

/*!40000 ALTER TABLE `pages_components` ENABLE KEYS */;
UNLOCK TABLES;


# Dump of table pages_localizations_links
# ------------------------------------------------------------

DROP TABLE IF EXISTS `pages_localizations_links`;

CREATE TABLE `pages_localizations_links` (
  `id` int(10) unsigned NOT NULL AUTO_INCREMENT,
  `page_id` int(10) unsigned DEFAULT NULL,
  `inv_page_id` int(10) unsigned DEFAULT NULL,
  `page_order` double unsigned DEFAULT NULL,
  PRIMARY KEY (`id`),
  UNIQUE KEY `pages_localizations_links_unique` (`page_id`,`inv_page_id`),
  KEY `pages_localizations_links_fk` (`page_id`),
  KEY `pages_localizations_links_inv_fk` (`inv_page_id`),
  KEY `pages_localizations_links_order_fk` (`page_order`),
  CONSTRAINT `pages_localizations_links_fk` FOREIGN KEY (`page_id`) REFERENCES `pages` (`id`) ON DELETE CASCADE,
  CONSTRAINT `pages_localizations_links_inv_fk` FOREIGN KEY (`inv_page_id`) REFERENCES `pages` (`id`) ON DELETE CASCADE
) ENGINE=InnoDB DEFAULT CHARSET=utf8mb4;



# Dump of table pages_parent_links
# ------------------------------------------------------------

DROP TABLE IF EXISTS `pages_parent_links`;

CREATE TABLE `pages_parent_links` (
  `id` int(10) unsigned NOT NULL AUTO_INCREMENT,
  `page_id` int(10) unsigned DEFAULT NULL,
  `inv_page_id` int(10) unsigned DEFAULT NULL,
  `page_order` double unsigned DEFAULT NULL,
  PRIMARY KEY (`id`),
  UNIQUE KEY `pages_parent_links_unique` (`page_id`,`inv_page_id`),
  KEY `pages_parent_links_fk` (`page_id`),
  KEY `pages_parent_links_inv_fk` (`inv_page_id`),
  KEY `pages_parent_links_order_inv_fk` (`page_order`),
  CONSTRAINT `pages_parent_links_fk` FOREIGN KEY (`page_id`) REFERENCES `pages` (`id`) ON DELETE CASCADE,
  CONSTRAINT `pages_parent_links_inv_fk` FOREIGN KEY (`inv_page_id`) REFERENCES `pages` (`id`) ON DELETE CASCADE
) ENGINE=InnoDB DEFAULT CHARSET=utf8mb4;

LOCK TABLES `pages_parent_links` WRITE;
/*!40000 ALTER TABLE `pages_parent_links` DISABLE KEYS */;

INSERT INTO `pages_parent_links` (`id`, `page_id`, `inv_page_id`, `page_order`)
VALUES
	(1,3,1,1),
	(2,4,3,1);

/*!40000 ALTER TABLE `pages_parent_links` ENABLE KEYS */;
UNLOCK TABLES;


# Dump of table pages_versions_links
# ------------------------------------------------------------

DROP TABLE IF EXISTS `pages_versions_links`;

CREATE TABLE `pages_versions_links` (
  `id` int(10) unsigned NOT NULL AUTO_INCREMENT,
  `page_id` int(10) unsigned DEFAULT NULL,
  `inv_page_id` int(10) unsigned DEFAULT NULL,
  `page_order` double unsigned DEFAULT NULL,
  PRIMARY KEY (`id`),
  UNIQUE KEY `pages_versions_links_unique` (`page_id`,`inv_page_id`),
  KEY `pages_versions_links_fk` (`page_id`),
  KEY `pages_versions_links_inv_fk` (`inv_page_id`),
  KEY `pages_versions_links_order_fk` (`page_order`),
  CONSTRAINT `pages_versions_links_fk` FOREIGN KEY (`page_id`) REFERENCES `pages` (`id`) ON DELETE CASCADE,
  CONSTRAINT `pages_versions_links_inv_fk` FOREIGN KEY (`inv_page_id`) REFERENCES `pages` (`id`) ON DELETE CASCADE
) ENGINE=InnoDB DEFAULT CHARSET=utf8mb4;



# Dump of table redirects
# ------------------------------------------------------------

DROP TABLE IF EXISTS `redirects`;

CREATE TABLE `redirects` (
  `id` int(10) unsigned NOT NULL AUTO_INCREMENT,
  `redirect_from` varchar(255) DEFAULT NULL,
  `redirect_to` varchar(255) DEFAULT NULL,
  `status_code` varchar(255) DEFAULT NULL,
  `created_at` datetime(6) DEFAULT NULL,
  `updated_at` datetime(6) DEFAULT NULL,
  `published_at` datetime(6) DEFAULT NULL,
  `created_by_id` int(10) unsigned DEFAULT NULL,
  `updated_by_id` int(10) unsigned DEFAULT NULL,
  PRIMARY KEY (`id`),
  KEY `redirects_created_by_id_fk` (`created_by_id`),
  KEY `redirects_updated_by_id_fk` (`updated_by_id`),
  CONSTRAINT `redirects_created_by_id_fk` FOREIGN KEY (`created_by_id`) REFERENCES `admin_users` (`id`) ON DELETE SET NULL,
  CONSTRAINT `redirects_updated_by_id_fk` FOREIGN KEY (`updated_by_id`) REFERENCES `admin_users` (`id`) ON DELETE SET NULL
) ENGINE=InnoDB DEFAULT CHARSET=utf8mb4;



# Dump of table slugs
# ------------------------------------------------------------

DROP TABLE IF EXISTS `slugs`;

CREATE TABLE `slugs` (
  `id` int(10) unsigned NOT NULL AUTO_INCREMENT,
  `slug` longtext DEFAULT NULL,
  `count` int(11) DEFAULT NULL,
  `created_at` datetime(6) DEFAULT NULL,
  `updated_at` datetime(6) DEFAULT NULL,
  `created_by_id` int(10) unsigned DEFAULT NULL,
  `updated_by_id` int(10) unsigned DEFAULT NULL,
  PRIMARY KEY (`id`),
  KEY `slugs_created_by_id_fk` (`created_by_id`),
  KEY `slugs_updated_by_id_fk` (`updated_by_id`),
  CONSTRAINT `slugs_created_by_id_fk` FOREIGN KEY (`created_by_id`) REFERENCES `admin_users` (`id`) ON DELETE SET NULL,
  CONSTRAINT `slugs_updated_by_id_fk` FOREIGN KEY (`updated_by_id`) REFERENCES `admin_users` (`id`) ON DELETE SET NULL
) ENGINE=InnoDB DEFAULT CHARSET=utf8mb4;



# Dump of table strapi_api_token_permissions
# ------------------------------------------------------------

DROP TABLE IF EXISTS `strapi_api_token_permissions`;

CREATE TABLE `strapi_api_token_permissions` (
  `id` int(10) unsigned NOT NULL AUTO_INCREMENT,
  `action` varchar(255) DEFAULT NULL,
  `created_at` datetime(6) DEFAULT NULL,
  `updated_at` datetime(6) DEFAULT NULL,
  `created_by_id` int(10) unsigned DEFAULT NULL,
  `updated_by_id` int(10) unsigned DEFAULT NULL,
  PRIMARY KEY (`id`),
  KEY `strapi_api_token_permissions_created_by_id_fk` (`created_by_id`),
  KEY `strapi_api_token_permissions_updated_by_id_fk` (`updated_by_id`),
  CONSTRAINT `strapi_api_token_permissions_created_by_id_fk` FOREIGN KEY (`created_by_id`) REFERENCES `admin_users` (`id`) ON DELETE SET NULL,
  CONSTRAINT `strapi_api_token_permissions_updated_by_id_fk` FOREIGN KEY (`updated_by_id`) REFERENCES `admin_users` (`id`) ON DELETE SET NULL
) ENGINE=InnoDB DEFAULT CHARSET=utf8mb4;



# Dump of table strapi_api_token_permissions_token_links
# ------------------------------------------------------------

DROP TABLE IF EXISTS `strapi_api_token_permissions_token_links`;

CREATE TABLE `strapi_api_token_permissions_token_links` (
  `id` int(10) unsigned NOT NULL AUTO_INCREMENT,
  `api_token_permission_id` int(10) unsigned DEFAULT NULL,
  `api_token_id` int(10) unsigned DEFAULT NULL,
  `api_token_permission_order` double unsigned DEFAULT NULL,
  PRIMARY KEY (`id`),
  UNIQUE KEY `strapi_api_token_permissions_token_links_unique` (`api_token_permission_id`,`api_token_id`),
  KEY `strapi_api_token_permissions_token_links_fk` (`api_token_permission_id`),
  KEY `strapi_api_token_permissions_token_links_inv_fk` (`api_token_id`),
  KEY `strapi_api_token_permissions_token_links_order_inv_fk` (`api_token_permission_order`),
  CONSTRAINT `strapi_api_token_permissions_token_links_fk` FOREIGN KEY (`api_token_permission_id`) REFERENCES `strapi_api_token_permissions` (`id`) ON DELETE CASCADE,
  CONSTRAINT `strapi_api_token_permissions_token_links_inv_fk` FOREIGN KEY (`api_token_id`) REFERENCES `strapi_api_tokens` (`id`) ON DELETE CASCADE
) ENGINE=InnoDB DEFAULT CHARSET=utf8mb4;



# Dump of table strapi_api_tokens
# ------------------------------------------------------------

DROP TABLE IF EXISTS `strapi_api_tokens`;

CREATE TABLE `strapi_api_tokens` (
  `id` int(10) unsigned NOT NULL AUTO_INCREMENT,
  `name` varchar(255) DEFAULT NULL,
  `description` varchar(255) DEFAULT NULL,
  `type` varchar(255) DEFAULT NULL,
  `access_key` varchar(255) DEFAULT NULL,
  `last_used_at` datetime(6) DEFAULT NULL,
  `expires_at` datetime(6) DEFAULT NULL,
  `lifespan` bigint(20) DEFAULT NULL,
  `created_at` datetime(6) DEFAULT NULL,
  `updated_at` datetime(6) DEFAULT NULL,
  `created_by_id` int(10) unsigned DEFAULT NULL,
  `updated_by_id` int(10) unsigned DEFAULT NULL,
  PRIMARY KEY (`id`),
  KEY `strapi_api_tokens_created_by_id_fk` (`created_by_id`),
  KEY `strapi_api_tokens_updated_by_id_fk` (`updated_by_id`),
  CONSTRAINT `strapi_api_tokens_created_by_id_fk` FOREIGN KEY (`created_by_id`) REFERENCES `admin_users` (`id`) ON DELETE SET NULL,
  CONSTRAINT `strapi_api_tokens_updated_by_id_fk` FOREIGN KEY (`updated_by_id`) REFERENCES `admin_users` (`id`) ON DELETE SET NULL
) ENGINE=InnoDB DEFAULT CHARSET=utf8mb4;



# Dump of table strapi_core_store_settings
# ------------------------------------------------------------

DROP TABLE IF EXISTS `strapi_core_store_settings`;

CREATE TABLE `strapi_core_store_settings` (
  `id` int(10) unsigned NOT NULL AUTO_INCREMENT,
  `key` varchar(255) DEFAULT NULL,
  `value` longtext DEFAULT NULL,
  `type` varchar(255) DEFAULT NULL,
  `environment` varchar(255) DEFAULT NULL,
  `tag` varchar(255) DEFAULT NULL,
  PRIMARY KEY (`id`)
) ENGINE=InnoDB DEFAULT CHARSET=utf8mb4;

LOCK TABLES `strapi_core_store_settings` WRITE;
/*!40000 ALTER TABLE `strapi_core_store_settings` DISABLE KEYS */;

INSERT INTO `strapi_core_store_settings` (`id`, `key`, `value`, `type`, `environment`, `tag`)
VALUES
	(1,'strapi_content_types_schema','{\"admin::permission\":{\"collectionName\":\"admin_permissions\",\"info\":{\"name\":\"Permission\",\"description\":\"\",\"singularName\":\"permission\",\"pluralName\":\"permissions\",\"displayName\":\"Permission\"},\"options\":{},\"pluginOptions\":{\"content-manager\":{\"visible\":false},\"content-type-builder\":{\"visible\":false}},\"attributes\":{\"action\":{\"type\":\"string\",\"minLength\":1,\"configurable\":false,\"required\":true},\"subject\":{\"type\":\"string\",\"minLength\":1,\"configurable\":false,\"required\":false},\"properties\":{\"type\":\"json\",\"configurable\":false,\"required\":false,\"default\":{}},\"conditions\":{\"type\":\"json\",\"configurable\":false,\"required\":false,\"default\":[]},\"role\":{\"configurable\":false,\"type\":\"relation\",\"relation\":\"manyToOne\",\"inversedBy\":\"permissions\",\"target\":\"admin::role\"},\"createdAt\":{\"type\":\"datetime\"},\"updatedAt\":{\"type\":\"datetime\"},\"createdBy\":{\"type\":\"relation\",\"relation\":\"oneToOne\",\"target\":\"admin::user\",\"configurable\":false,\"writable\":false,\"visible\":false,\"useJoinTable\":false,\"private\":true},\"updatedBy\":{\"type\":\"relation\",\"relation\":\"oneToOne\",\"target\":\"admin::user\",\"configurable\":false,\"writable\":false,\"visible\":false,\"useJoinTable\":false,\"private\":true}},\"kind\":\"collectionType\",\"__schema__\":{\"collectionName\":\"admin_permissions\",\"info\":{\"name\":\"Permission\",\"description\":\"\",\"singularName\":\"permission\",\"pluralName\":\"permissions\",\"displayName\":\"Permission\"},\"options\":{},\"pluginOptions\":{\"content-manager\":{\"visible\":false},\"content-type-builder\":{\"visible\":false}},\"attributes\":{\"action\":{\"type\":\"string\",\"minLength\":1,\"configurable\":false,\"required\":true},\"subject\":{\"type\":\"string\",\"minLength\":1,\"configurable\":false,\"required\":false},\"properties\":{\"type\":\"json\",\"configurable\":false,\"required\":false,\"default\":{}},\"conditions\":{\"type\":\"json\",\"configurable\":false,\"required\":false,\"default\":[]},\"role\":{\"configurable\":false,\"type\":\"relation\",\"relation\":\"manyToOne\",\"inversedBy\":\"permissions\",\"target\":\"admin::role\"}},\"kind\":\"collectionType\"},\"modelType\":\"contentType\",\"modelName\":\"permission\",\"connection\":\"default\",\"uid\":\"admin::permission\",\"plugin\":\"admin\",\"globalId\":\"AdminPermission\"},\"admin::user\":{\"collectionName\":\"admin_users\",\"info\":{\"name\":\"User\",\"description\":\"\",\"singularName\":\"user\",\"pluralName\":\"users\",\"displayName\":\"User\"},\"pluginOptions\":{\"content-manager\":{\"visible\":false},\"content-type-builder\":{\"visible\":false}},\"attributes\":{\"firstname\":{\"type\":\"string\",\"unique\":false,\"minLength\":1,\"configurable\":false,\"required\":false},\"lastname\":{\"type\":\"string\",\"unique\":false,\"minLength\":1,\"configurable\":false,\"required\":false},\"username\":{\"type\":\"string\",\"unique\":false,\"configurable\":false,\"required\":false},\"email\":{\"type\":\"email\",\"minLength\":6,\"configurable\":false,\"required\":true,\"unique\":true,\"private\":true},\"password\":{\"type\":\"password\",\"minLength\":6,\"configurable\":false,\"required\":false,\"private\":true,\"searchable\":false},\"resetPasswordToken\":{\"type\":\"string\",\"configurable\":false,\"private\":true,\"searchable\":false},\"registrationToken\":{\"type\":\"string\",\"configurable\":false,\"private\":true,\"searchable\":false},\"isActive\":{\"type\":\"boolean\",\"default\":false,\"configurable\":false,\"private\":true},\"roles\":{\"configurable\":false,\"private\":true,\"type\":\"relation\",\"relation\":\"manyToMany\",\"inversedBy\":\"users\",\"target\":\"admin::role\",\"collectionName\":\"strapi_users_roles\"},\"blocked\":{\"type\":\"boolean\",\"default\":false,\"configurable\":false,\"private\":true},\"preferedLanguage\":{\"type\":\"string\",\"configurable\":false,\"required\":false,\"searchable\":false},\"createdAt\":{\"type\":\"datetime\"},\"updatedAt\":{\"type\":\"datetime\"},\"createdBy\":{\"type\":\"relation\",\"relation\":\"oneToOne\",\"target\":\"admin::user\",\"configurable\":false,\"writable\":false,\"visible\":false,\"useJoinTable\":false,\"private\":true},\"updatedBy\":{\"type\":\"relation\",\"relation\":\"oneToOne\",\"target\":\"admin::user\",\"configurable\":false,\"writable\":false,\"visible\":false,\"useJoinTable\":false,\"private\":true}},\"kind\":\"collectionType\",\"__schema__\":{\"collectionName\":\"admin_users\",\"info\":{\"name\":\"User\",\"description\":\"\",\"singularName\":\"user\",\"pluralName\":\"users\",\"displayName\":\"User\"},\"pluginOptions\":{\"content-manager\":{\"visible\":false},\"content-type-builder\":{\"visible\":false}},\"attributes\":{\"firstname\":{\"type\":\"string\",\"unique\":false,\"minLength\":1,\"configurable\":false,\"required\":false},\"lastname\":{\"type\":\"string\",\"unique\":false,\"minLength\":1,\"configurable\":false,\"required\":false},\"username\":{\"type\":\"string\",\"unique\":false,\"configurable\":false,\"required\":false},\"email\":{\"type\":\"email\",\"minLength\":6,\"configurable\":false,\"required\":true,\"unique\":true,\"private\":true},\"password\":{\"type\":\"password\",\"minLength\":6,\"configurable\":false,\"required\":false,\"private\":true,\"searchable\":false},\"resetPasswordToken\":{\"type\":\"string\",\"configurable\":false,\"private\":true,\"searchable\":false},\"registrationToken\":{\"type\":\"string\",\"configurable\":false,\"private\":true,\"searchable\":false},\"isActive\":{\"type\":\"boolean\",\"default\":false,\"configurable\":false,\"private\":true},\"roles\":{\"configurable\":false,\"private\":true,\"type\":\"relation\",\"relation\":\"manyToMany\",\"inversedBy\":\"users\",\"target\":\"admin::role\",\"collectionName\":\"strapi_users_roles\"},\"blocked\":{\"type\":\"boolean\",\"default\":false,\"configurable\":false,\"private\":true},\"preferedLanguage\":{\"type\":\"string\",\"configurable\":false,\"required\":false,\"searchable\":false}},\"kind\":\"collectionType\"},\"modelType\":\"contentType\",\"modelName\":\"user\",\"connection\":\"default\",\"uid\":\"admin::user\",\"plugin\":\"admin\",\"globalId\":\"AdminUser\"},\"admin::role\":{\"collectionName\":\"admin_roles\",\"info\":{\"name\":\"Role\",\"description\":\"\",\"singularName\":\"role\",\"pluralName\":\"roles\",\"displayName\":\"Role\"},\"options\":{},\"pluginOptions\":{\"content-manager\":{\"visible\":false},\"content-type-builder\":{\"visible\":false}},\"attributes\":{\"name\":{\"type\":\"string\",\"minLength\":1,\"unique\":true,\"configurable\":false,\"required\":true},\"code\":{\"type\":\"string\",\"minLength\":1,\"unique\":true,\"configurable\":false,\"required\":true},\"description\":{\"type\":\"string\",\"configurable\":false},\"users\":{\"configurable\":false,\"type\":\"relation\",\"relation\":\"manyToMany\",\"mappedBy\":\"roles\",\"target\":\"admin::user\"},\"permissions\":{\"configurable\":false,\"type\":\"relation\",\"relation\":\"oneToMany\",\"mappedBy\":\"role\",\"target\":\"admin::permission\"},\"createdAt\":{\"type\":\"datetime\"},\"updatedAt\":{\"type\":\"datetime\"},\"createdBy\":{\"type\":\"relation\",\"relation\":\"oneToOne\",\"target\":\"admin::user\",\"configurable\":false,\"writable\":false,\"visible\":false,\"useJoinTable\":false,\"private\":true},\"updatedBy\":{\"type\":\"relation\",\"relation\":\"oneToOne\",\"target\":\"admin::user\",\"configurable\":false,\"writable\":false,\"visible\":false,\"useJoinTable\":false,\"private\":true}},\"kind\":\"collectionType\",\"__schema__\":{\"collectionName\":\"admin_roles\",\"info\":{\"name\":\"Role\",\"description\":\"\",\"singularName\":\"role\",\"pluralName\":\"roles\",\"displayName\":\"Role\"},\"options\":{},\"pluginOptions\":{\"content-manager\":{\"visible\":false},\"content-type-builder\":{\"visible\":false}},\"attributes\":{\"name\":{\"type\":\"string\",\"minLength\":1,\"unique\":true,\"configurable\":false,\"required\":true},\"code\":{\"type\":\"string\",\"minLength\":1,\"unique\":true,\"configurable\":false,\"required\":true},\"description\":{\"type\":\"string\",\"configurable\":false},\"users\":{\"configurable\":false,\"type\":\"relation\",\"relation\":\"manyToMany\",\"mappedBy\":\"roles\",\"target\":\"admin::user\"},\"permissions\":{\"configurable\":false,\"type\":\"relation\",\"relation\":\"oneToMany\",\"mappedBy\":\"role\",\"target\":\"admin::permission\"}},\"kind\":\"collectionType\"},\"modelType\":\"contentType\",\"modelName\":\"role\",\"connection\":\"default\",\"uid\":\"admin::role\",\"plugin\":\"admin\",\"globalId\":\"AdminRole\"},\"admin::api-token\":{\"collectionName\":\"strapi_api_tokens\",\"info\":{\"name\":\"Api Token\",\"singularName\":\"api-token\",\"pluralName\":\"api-tokens\",\"displayName\":\"Api Token\",\"description\":\"\"},\"options\":{},\"pluginOptions\":{\"content-manager\":{\"visible\":false},\"content-type-builder\":{\"visible\":false}},\"attributes\":{\"name\":{\"type\":\"string\",\"minLength\":1,\"configurable\":false,\"required\":true,\"unique\":true},\"description\":{\"type\":\"string\",\"minLength\":1,\"configurable\":false,\"required\":false,\"default\":\"\"},\"type\":{\"type\":\"enumeration\",\"enum\":[\"read-only\",\"full-access\",\"custom\"],\"configurable\":false,\"required\":true,\"default\":\"read-only\"},\"accessKey\":{\"type\":\"string\",\"minLength\":1,\"configurable\":false,\"required\":true,\"searchable\":false},\"lastUsedAt\":{\"type\":\"datetime\",\"configurable\":false,\"required\":false},\"permissions\":{\"type\":\"relation\",\"target\":\"admin::api-token-permission\",\"relation\":\"oneToMany\",\"mappedBy\":\"token\",\"configurable\":false,\"required\":false},\"expiresAt\":{\"type\":\"datetime\",\"configurable\":false,\"required\":false},\"lifespan\":{\"type\":\"biginteger\",\"configurable\":false,\"required\":false},\"createdAt\":{\"type\":\"datetime\"},\"updatedAt\":{\"type\":\"datetime\"},\"createdBy\":{\"type\":\"relation\",\"relation\":\"oneToOne\",\"target\":\"admin::user\",\"configurable\":false,\"writable\":false,\"visible\":false,\"useJoinTable\":false,\"private\":true},\"updatedBy\":{\"type\":\"relation\",\"relation\":\"oneToOne\",\"target\":\"admin::user\",\"configurable\":false,\"writable\":false,\"visible\":false,\"useJoinTable\":false,\"private\":true}},\"kind\":\"collectionType\",\"__schema__\":{\"collectionName\":\"strapi_api_tokens\",\"info\":{\"name\":\"Api Token\",\"singularName\":\"api-token\",\"pluralName\":\"api-tokens\",\"displayName\":\"Api Token\",\"description\":\"\"},\"options\":{},\"pluginOptions\":{\"content-manager\":{\"visible\":false},\"content-type-builder\":{\"visible\":false}},\"attributes\":{\"name\":{\"type\":\"string\",\"minLength\":1,\"configurable\":false,\"required\":true,\"unique\":true},\"description\":{\"type\":\"string\",\"minLength\":1,\"configurable\":false,\"required\":false,\"default\":\"\"},\"type\":{\"type\":\"enumeration\",\"enum\":[\"read-only\",\"full-access\",\"custom\"],\"configurable\":false,\"required\":true,\"default\":\"read-only\"},\"accessKey\":{\"type\":\"string\",\"minLength\":1,\"configurable\":false,\"required\":true,\"searchable\":false},\"lastUsedAt\":{\"type\":\"datetime\",\"configurable\":false,\"required\":false},\"permissions\":{\"type\":\"relation\",\"target\":\"admin::api-token-permission\",\"relation\":\"oneToMany\",\"mappedBy\":\"token\",\"configurable\":false,\"required\":false},\"expiresAt\":{\"type\":\"datetime\",\"configurable\":false,\"required\":false},\"lifespan\":{\"type\":\"biginteger\",\"configurable\":false,\"required\":false}},\"kind\":\"collectionType\"},\"modelType\":\"contentType\",\"modelName\":\"api-token\",\"connection\":\"default\",\"uid\":\"admin::api-token\",\"plugin\":\"admin\",\"globalId\":\"AdminApiToken\"},\"admin::api-token-permission\":{\"collectionName\":\"strapi_api_token_permissions\",\"info\":{\"name\":\"API Token Permission\",\"description\":\"\",\"singularName\":\"api-token-permission\",\"pluralName\":\"api-token-permissions\",\"displayName\":\"API Token Permission\"},\"options\":{},\"pluginOptions\":{\"content-manager\":{\"visible\":false},\"content-type-builder\":{\"visible\":false}},\"attributes\":{\"action\":{\"type\":\"string\",\"minLength\":1,\"configurable\":false,\"required\":true},\"token\":{\"configurable\":false,\"type\":\"relation\",\"relation\":\"manyToOne\",\"inversedBy\":\"permissions\",\"target\":\"admin::api-token\"},\"createdAt\":{\"type\":\"datetime\"},\"updatedAt\":{\"type\":\"datetime\"},\"createdBy\":{\"type\":\"relation\",\"relation\":\"oneToOne\",\"target\":\"admin::user\",\"configurable\":false,\"writable\":false,\"visible\":false,\"useJoinTable\":false,\"private\":true},\"updatedBy\":{\"type\":\"relation\",\"relation\":\"oneToOne\",\"target\":\"admin::user\",\"configurable\":false,\"writable\":false,\"visible\":false,\"useJoinTable\":false,\"private\":true}},\"kind\":\"collectionType\",\"__schema__\":{\"collectionName\":\"strapi_api_token_permissions\",\"info\":{\"name\":\"API Token Permission\",\"description\":\"\",\"singularName\":\"api-token-permission\",\"pluralName\":\"api-token-permissions\",\"displayName\":\"API Token Permission\"},\"options\":{},\"pluginOptions\":{\"content-manager\":{\"visible\":false},\"content-type-builder\":{\"visible\":false}},\"attributes\":{\"action\":{\"type\":\"string\",\"minLength\":1,\"configurable\":false,\"required\":true},\"token\":{\"configurable\":false,\"type\":\"relation\",\"relation\":\"manyToOne\",\"inversedBy\":\"permissions\",\"target\":\"admin::api-token\"}},\"kind\":\"collectionType\"},\"modelType\":\"contentType\",\"modelName\":\"api-token-permission\",\"connection\":\"default\",\"uid\":\"admin::api-token-permission\",\"plugin\":\"admin\",\"globalId\":\"AdminApiTokenPermission\"},\"admin::transfer-token\":{\"collectionName\":\"strapi_transfer_tokens\",\"info\":{\"name\":\"Transfer Token\",\"singularName\":\"transfer-token\",\"pluralName\":\"transfer-tokens\",\"displayName\":\"Transfer Token\",\"description\":\"\"},\"options\":{},\"pluginOptions\":{\"content-manager\":{\"visible\":false},\"content-type-builder\":{\"visible\":false}},\"attributes\":{\"name\":{\"type\":\"string\",\"minLength\":1,\"configurable\":false,\"required\":true,\"unique\":true},\"description\":{\"type\":\"string\",\"minLength\":1,\"configurable\":false,\"required\":false,\"default\":\"\"},\"accessKey\":{\"type\":\"string\",\"minLength\":1,\"configurable\":false,\"required\":true},\"lastUsedAt\":{\"type\":\"datetime\",\"configurable\":false,\"required\":false},\"permissions\":{\"type\":\"relation\",\"target\":\"admin::transfer-token-permission\",\"relation\":\"oneToMany\",\"mappedBy\":\"token\",\"configurable\":false,\"required\":false},\"expiresAt\":{\"type\":\"datetime\",\"configurable\":false,\"required\":false},\"lifespan\":{\"type\":\"biginteger\",\"configurable\":false,\"required\":false},\"createdAt\":{\"type\":\"datetime\"},\"updatedAt\":{\"type\":\"datetime\"},\"createdBy\":{\"type\":\"relation\",\"relation\":\"oneToOne\",\"target\":\"admin::user\",\"configurable\":false,\"writable\":false,\"visible\":false,\"useJoinTable\":false,\"private\":true},\"updatedBy\":{\"type\":\"relation\",\"relation\":\"oneToOne\",\"target\":\"admin::user\",\"configurable\":false,\"writable\":false,\"visible\":false,\"useJoinTable\":false,\"private\":true}},\"kind\":\"collectionType\",\"__schema__\":{\"collectionName\":\"strapi_transfer_tokens\",\"info\":{\"name\":\"Transfer Token\",\"singularName\":\"transfer-token\",\"pluralName\":\"transfer-tokens\",\"displayName\":\"Transfer Token\",\"description\":\"\"},\"options\":{},\"pluginOptions\":{\"content-manager\":{\"visible\":false},\"content-type-builder\":{\"visible\":false}},\"attributes\":{\"name\":{\"type\":\"string\",\"minLength\":1,\"configurable\":false,\"required\":true,\"unique\":true},\"description\":{\"type\":\"string\",\"minLength\":1,\"configurable\":false,\"required\":false,\"default\":\"\"},\"accessKey\":{\"type\":\"string\",\"minLength\":1,\"configurable\":false,\"required\":true},\"lastUsedAt\":{\"type\":\"datetime\",\"configurable\":false,\"required\":false},\"permissions\":{\"type\":\"relation\",\"target\":\"admin::transfer-token-permission\",\"relation\":\"oneToMany\",\"mappedBy\":\"token\",\"configurable\":false,\"required\":false},\"expiresAt\":{\"type\":\"datetime\",\"configurable\":false,\"required\":false},\"lifespan\":{\"type\":\"biginteger\",\"configurable\":false,\"required\":false}},\"kind\":\"collectionType\"},\"modelType\":\"contentType\",\"modelName\":\"transfer-token\",\"connection\":\"default\",\"uid\":\"admin::transfer-token\",\"plugin\":\"admin\",\"globalId\":\"AdminTransferToken\"},\"admin::transfer-token-permission\":{\"collectionName\":\"strapi_transfer_token_permissions\",\"info\":{\"name\":\"Transfer Token Permission\",\"description\":\"\",\"singularName\":\"transfer-token-permission\",\"pluralName\":\"transfer-token-permissions\",\"displayName\":\"Transfer Token Permission\"},\"options\":{},\"pluginOptions\":{\"content-manager\":{\"visible\":false},\"content-type-builder\":{\"visible\":false}},\"attributes\":{\"action\":{\"type\":\"string\",\"minLength\":1,\"configurable\":false,\"required\":true},\"token\":{\"configurable\":false,\"type\":\"relation\",\"relation\":\"manyToOne\",\"inversedBy\":\"permissions\",\"target\":\"admin::transfer-token\"},\"createdAt\":{\"type\":\"datetime\"},\"updatedAt\":{\"type\":\"datetime\"},\"createdBy\":{\"type\":\"relation\",\"relation\":\"oneToOne\",\"target\":\"admin::user\",\"configurable\":false,\"writable\":false,\"visible\":false,\"useJoinTable\":false,\"private\":true},\"updatedBy\":{\"type\":\"relation\",\"relation\":\"oneToOne\",\"target\":\"admin::user\",\"configurable\":false,\"writable\":false,\"visible\":false,\"useJoinTable\":false,\"private\":true}},\"kind\":\"collectionType\",\"__schema__\":{\"collectionName\":\"strapi_transfer_token_permissions\",\"info\":{\"name\":\"Transfer Token Permission\",\"description\":\"\",\"singularName\":\"transfer-token-permission\",\"pluralName\":\"transfer-token-permissions\",\"displayName\":\"Transfer Token Permission\"},\"options\":{},\"pluginOptions\":{\"content-manager\":{\"visible\":false},\"content-type-builder\":{\"visible\":false}},\"attributes\":{\"action\":{\"type\":\"string\",\"minLength\":1,\"configurable\":false,\"required\":true},\"token\":{\"configurable\":false,\"type\":\"relation\",\"relation\":\"manyToOne\",\"inversedBy\":\"permissions\",\"target\":\"admin::transfer-token\"}},\"kind\":\"collectionType\"},\"modelType\":\"contentType\",\"modelName\":\"transfer-token-permission\",\"connection\":\"default\",\"uid\":\"admin::transfer-token-permission\",\"plugin\":\"admin\",\"globalId\":\"AdminTransferTokenPermission\"},\"plugin::upload.file\":{\"collectionName\":\"files\",\"info\":{\"singularName\":\"file\",\"pluralName\":\"files\",\"displayName\":\"File\",\"description\":\"\"},\"options\":{},\"pluginOptions\":{\"content-manager\":{\"visible\":false},\"content-type-builder\":{\"visible\":false}},\"attributes\":{\"name\":{\"type\":\"string\",\"configurable\":false,\"required\":true},\"alternativeText\":{\"type\":\"string\",\"configurable\":false},\"caption\":{\"type\":\"string\",\"configurable\":false},\"width\":{\"type\":\"integer\",\"configurable\":false},\"height\":{\"type\":\"integer\",\"configurable\":false},\"formats\":{\"type\":\"json\",\"configurable\":false},\"hash\":{\"type\":\"string\",\"configurable\":false,\"required\":true},\"ext\":{\"type\":\"string\",\"configurable\":false},\"mime\":{\"type\":\"string\",\"configurable\":false,\"required\":true},\"size\":{\"type\":\"decimal\",\"configurable\":false,\"required\":true},\"url\":{\"type\":\"string\",\"configurable\":false,\"required\":true},\"previewUrl\":{\"type\":\"string\",\"configurable\":false},\"provider\":{\"type\":\"string\",\"configurable\":false,\"required\":true},\"provider_metadata\":{\"type\":\"json\",\"configurable\":false},\"related\":{\"type\":\"relation\",\"relation\":\"morphToMany\",\"configurable\":false},\"folder\":{\"type\":\"relation\",\"relation\":\"manyToOne\",\"target\":\"plugin::upload.folder\",\"inversedBy\":\"files\",\"private\":true},\"folderPath\":{\"type\":\"string\",\"min\":1,\"required\":true,\"private\":true,\"searchable\":false},\"createdAt\":{\"type\":\"datetime\"},\"updatedAt\":{\"type\":\"datetime\"},\"createdBy\":{\"type\":\"relation\",\"relation\":\"oneToOne\",\"target\":\"admin::user\",\"configurable\":false,\"writable\":false,\"visible\":false,\"useJoinTable\":false,\"private\":true},\"updatedBy\":{\"type\":\"relation\",\"relation\":\"oneToOne\",\"target\":\"admin::user\",\"configurable\":false,\"writable\":false,\"visible\":false,\"useJoinTable\":false,\"private\":true}},\"indexes\":[{\"name\":\"upload_files_folder_path_index\",\"columns\":[\"folder_path\"],\"type\":null},{\"name\":\"upload_files_created_at_index\",\"columns\":[\"created_at\"],\"type\":null},{\"name\":\"upload_files_updated_at_index\",\"columns\":[\"updated_at\"],\"type\":null},{\"name\":\"upload_files_name_index\",\"columns\":[\"name\"],\"type\":null},{\"name\":\"upload_files_size_index\",\"columns\":[\"size\"],\"type\":null},{\"name\":\"upload_files_ext_index\",\"columns\":[\"ext\"],\"type\":null}],\"kind\":\"collectionType\",\"__schema__\":{\"collectionName\":\"files\",\"info\":{\"singularName\":\"file\",\"pluralName\":\"files\",\"displayName\":\"File\",\"description\":\"\"},\"options\":{},\"pluginOptions\":{\"content-manager\":{\"visible\":false},\"content-type-builder\":{\"visible\":false}},\"attributes\":{\"name\":{\"type\":\"string\",\"configurable\":false,\"required\":true},\"alternativeText\":{\"type\":\"string\",\"configurable\":false},\"caption\":{\"type\":\"string\",\"configurable\":false},\"width\":{\"type\":\"integer\",\"configurable\":false},\"height\":{\"type\":\"integer\",\"configurable\":false},\"formats\":{\"type\":\"json\",\"configurable\":false},\"hash\":{\"type\":\"string\",\"configurable\":false,\"required\":true},\"ext\":{\"type\":\"string\",\"configurable\":false},\"mime\":{\"type\":\"string\",\"configurable\":false,\"required\":true},\"size\":{\"type\":\"decimal\",\"configurable\":false,\"required\":true},\"url\":{\"type\":\"string\",\"configurable\":false,\"required\":true},\"previewUrl\":{\"type\":\"string\",\"configurable\":false},\"provider\":{\"type\":\"string\",\"configurable\":false,\"required\":true},\"provider_metadata\":{\"type\":\"json\",\"configurable\":false},\"related\":{\"type\":\"relation\",\"relation\":\"morphToMany\",\"configurable\":false},\"folder\":{\"type\":\"relation\",\"relation\":\"manyToOne\",\"target\":\"plugin::upload.folder\",\"inversedBy\":\"files\",\"private\":true},\"folderPath\":{\"type\":\"string\",\"min\":1,\"required\":true,\"private\":true,\"searchable\":false}},\"kind\":\"collectionType\"},\"modelType\":\"contentType\",\"modelName\":\"file\",\"connection\":\"default\",\"uid\":\"plugin::upload.file\",\"plugin\":\"upload\",\"globalId\":\"UploadFile\"},\"plugin::upload.folder\":{\"collectionName\":\"upload_folders\",\"info\":{\"singularName\":\"folder\",\"pluralName\":\"folders\",\"displayName\":\"Folder\"},\"options\":{},\"pluginOptions\":{\"content-manager\":{\"visible\":false},\"content-type-builder\":{\"visible\":false}},\"attributes\":{\"name\":{\"type\":\"string\",\"min\":1,\"required\":true},\"pathId\":{\"type\":\"integer\",\"unique\":true,\"required\":true},\"parent\":{\"type\":\"relation\",\"relation\":\"manyToOne\",\"target\":\"plugin::upload.folder\",\"inversedBy\":\"children\"},\"children\":{\"type\":\"relation\",\"relation\":\"oneToMany\",\"target\":\"plugin::upload.folder\",\"mappedBy\":\"parent\"},\"files\":{\"type\":\"relation\",\"relation\":\"oneToMany\",\"target\":\"plugin::upload.file\",\"mappedBy\":\"folder\"},\"path\":{\"type\":\"string\",\"min\":1,\"required\":true},\"createdAt\":{\"type\":\"datetime\"},\"updatedAt\":{\"type\":\"datetime\"},\"createdBy\":{\"type\":\"relation\",\"relation\":\"oneToOne\",\"target\":\"admin::user\",\"configurable\":false,\"writable\":false,\"visible\":false,\"useJoinTable\":false,\"private\":true},\"updatedBy\":{\"type\":\"relation\",\"relation\":\"oneToOne\",\"target\":\"admin::user\",\"configurable\":false,\"writable\":false,\"visible\":false,\"useJoinTable\":false,\"private\":true}},\"indexes\":[{\"name\":\"upload_folders_path_id_index\",\"columns\":[\"path_id\"],\"type\":\"unique\"},{\"name\":\"upload_folders_path_index\",\"columns\":[\"path\"],\"type\":\"unique\"}],\"kind\":\"collectionType\",\"__schema__\":{\"collectionName\":\"upload_folders\",\"info\":{\"singularName\":\"folder\",\"pluralName\":\"folders\",\"displayName\":\"Folder\"},\"options\":{},\"pluginOptions\":{\"content-manager\":{\"visible\":false},\"content-type-builder\":{\"visible\":false}},\"attributes\":{\"name\":{\"type\":\"string\",\"min\":1,\"required\":true},\"pathId\":{\"type\":\"integer\",\"unique\":true,\"required\":true},\"parent\":{\"type\":\"relation\",\"relation\":\"manyToOne\",\"target\":\"plugin::upload.folder\",\"inversedBy\":\"children\"},\"children\":{\"type\":\"relation\",\"relation\":\"oneToMany\",\"target\":\"plugin::upload.folder\",\"mappedBy\":\"parent\"},\"files\":{\"type\":\"relation\",\"relation\":\"oneToMany\",\"target\":\"plugin::upload.file\",\"mappedBy\":\"folder\"},\"path\":{\"type\":\"string\",\"min\":1,\"required\":true}},\"kind\":\"collectionType\"},\"modelType\":\"contentType\",\"modelName\":\"folder\",\"connection\":\"default\",\"uid\":\"plugin::upload.folder\",\"plugin\":\"upload\",\"globalId\":\"UploadFolder\"},\"plugin::slugify.slug\":{\"kind\":\"collectionType\",\"collectionName\":\"slugs\",\"info\":{\"singularName\":\"slug\",\"pluralName\":\"slugs\",\"displayName\":\"slug\"},\"options\":{\"draftAndPublish\":false,\"comment\":\"\"},\"pluginOptions\":{\"content-manager\":{\"visible\":false},\"content-type-builder\":{\"visible\":false}},\"attributes\":{\"slug\":{\"type\":\"text\"},\"count\":{\"type\":\"integer\"},\"createdAt\":{\"type\":\"datetime\"},\"updatedAt\":{\"type\":\"datetime\"},\"createdBy\":{\"type\":\"relation\",\"relation\":\"oneToOne\",\"target\":\"admin::user\",\"configurable\":false,\"writable\":false,\"visible\":false,\"useJoinTable\":false,\"private\":true},\"updatedBy\":{\"type\":\"relation\",\"relation\":\"oneToOne\",\"target\":\"admin::user\",\"configurable\":false,\"writable\":false,\"visible\":false,\"useJoinTable\":false,\"private\":true}},\"__schema__\":{\"collectionName\":\"slugs\",\"info\":{\"singularName\":\"slug\",\"pluralName\":\"slugs\",\"displayName\":\"slug\"},\"options\":{\"draftAndPublish\":false,\"comment\":\"\"},\"pluginOptions\":{\"content-manager\":{\"visible\":false},\"content-type-builder\":{\"visible\":false}},\"attributes\":{\"slug\":{\"type\":\"text\"},\"count\":{\"type\":\"integer\"}},\"kind\":\"collectionType\"},\"modelType\":\"contentType\",\"modelName\":\"slug\",\"connection\":\"default\",\"uid\":\"plugin::slugify.slug\",\"plugin\":\"slugify\",\"globalId\":\"SlugifySlug\"},\"plugin::i18n.locale\":{\"info\":{\"singularName\":\"locale\",\"pluralName\":\"locales\",\"collectionName\":\"locales\",\"displayName\":\"Locale\",\"description\":\"\"},\"options\":{\"draftAndPublish\":false},\"pluginOptions\":{\"content-manager\":{\"visible\":false},\"content-type-builder\":{\"visible\":false}},\"attributes\":{\"name\":{\"type\":\"string\",\"min\":1,\"max\":50,\"configurable\":false},\"code\":{\"type\":\"string\",\"unique\":true,\"configurable\":false},\"createdAt\":{\"type\":\"datetime\"},\"updatedAt\":{\"type\":\"datetime\"},\"createdBy\":{\"type\":\"relation\",\"relation\":\"oneToOne\",\"target\":\"admin::user\",\"configurable\":false,\"writable\":false,\"visible\":false,\"useJoinTable\":false,\"private\":true},\"updatedBy\":{\"type\":\"relation\",\"relation\":\"oneToOne\",\"target\":\"admin::user\",\"configurable\":false,\"writable\":false,\"visible\":false,\"useJoinTable\":false,\"private\":true}},\"kind\":\"collectionType\",\"__schema__\":{\"info\":{\"singularName\":\"locale\",\"pluralName\":\"locales\",\"collectionName\":\"locales\",\"displayName\":\"Locale\",\"description\":\"\"},\"options\":{\"draftAndPublish\":false},\"pluginOptions\":{\"content-manager\":{\"visible\":false},\"content-type-builder\":{\"visible\":false}},\"attributes\":{\"name\":{\"type\":\"string\",\"min\":1,\"max\":50,\"configurable\":false},\"code\":{\"type\":\"string\",\"unique\":true,\"configurable\":false}},\"kind\":\"collectionType\"},\"modelType\":\"contentType\",\"modelName\":\"locale\",\"connection\":\"default\",\"uid\":\"plugin::i18n.locale\",\"plugin\":\"i18n\",\"collectionName\":\"i18n_locale\",\"globalId\":\"I18NLocale\"},\"plugin::block-gallery.block\":{\"kind\":\"collectionType\",\"collectionName\":\"blocks\",\"info\":{\"singularName\":\"block\",\"pluralName\":\"blocks\",\"displayName\":\"Blocks\"},\"options\":{\"draftAndPublish\":false,\"comment\":\"\"},\"attributes\":{\"image\":{\"type\":\"media\",\"allowedTypes\":[\"images\"],\"multiple\":false},\"displayName\":{\"type\":\"string\"},\"blockName\":{\"type\":\"string\"},\"externalUrl\":{\"type\":\"string\"},\"createdAt\":{\"type\":\"datetime\"},\"updatedAt\":{\"type\":\"datetime\"},\"createdBy\":{\"type\":\"relation\",\"relation\":\"oneToOne\",\"target\":\"admin::user\",\"configurable\":false,\"writable\":false,\"visible\":false,\"useJoinTable\":false,\"private\":true},\"updatedBy\":{\"type\":\"relation\",\"relation\":\"oneToOne\",\"target\":\"admin::user\",\"configurable\":false,\"writable\":false,\"visible\":false,\"useJoinTable\":false,\"private\":true}},\"__schema__\":{\"collectionName\":\"blocks\",\"info\":{\"singularName\":\"block\",\"pluralName\":\"blocks\",\"displayName\":\"Blocks\"},\"options\":{\"draftAndPublish\":false,\"comment\":\"\"},\"attributes\":{\"image\":{\"type\":\"media\",\"allowedTypes\":[\"images\"],\"multiple\":false},\"displayName\":{\"type\":\"string\"},\"blockName\":{\"type\":\"string\"},\"externalUrl\":{\"type\":\"string\"}},\"kind\":\"collectionType\"},\"modelType\":\"contentType\",\"modelName\":\"block\",\"connection\":\"default\",\"uid\":\"plugin::block-gallery.block\",\"plugin\":\"block-gallery\",\"globalId\":\"BlockGalleryBlock\"},\"plugin::users-permissions.permission\":{\"collectionName\":\"up_permissions\",\"info\":{\"name\":\"permission\",\"description\":\"\",\"singularName\":\"permission\",\"pluralName\":\"permissions\",\"displayName\":\"Permission\"},\"pluginOptions\":{\"content-manager\":{\"visible\":false},\"content-type-builder\":{\"visible\":false}},\"attributes\":{\"action\":{\"type\":\"string\",\"required\":true,\"configurable\":false},\"role\":{\"type\":\"relation\",\"relation\":\"manyToOne\",\"target\":\"plugin::users-permissions.role\",\"inversedBy\":\"permissions\",\"configurable\":false},\"createdAt\":{\"type\":\"datetime\"},\"updatedAt\":{\"type\":\"datetime\"},\"createdBy\":{\"type\":\"relation\",\"relation\":\"oneToOne\",\"target\":\"admin::user\",\"configurable\":false,\"writable\":false,\"visible\":false,\"useJoinTable\":false,\"private\":true},\"updatedBy\":{\"type\":\"relation\",\"relation\":\"oneToOne\",\"target\":\"admin::user\",\"configurable\":false,\"writable\":false,\"visible\":false,\"useJoinTable\":false,\"private\":true}},\"kind\":\"collectionType\",\"__schema__\":{\"collectionName\":\"up_permissions\",\"info\":{\"name\":\"permission\",\"description\":\"\",\"singularName\":\"permission\",\"pluralName\":\"permissions\",\"displayName\":\"Permission\"},\"pluginOptions\":{\"content-manager\":{\"visible\":false},\"content-type-builder\":{\"visible\":false}},\"attributes\":{\"action\":{\"type\":\"string\",\"required\":true,\"configurable\":false},\"role\":{\"type\":\"relation\",\"relation\":\"manyToOne\",\"target\":\"plugin::users-permissions.role\",\"inversedBy\":\"permissions\",\"configurable\":false}},\"kind\":\"collectionType\"},\"modelType\":\"contentType\",\"modelName\":\"permission\",\"connection\":\"default\",\"uid\":\"plugin::users-permissions.permission\",\"plugin\":\"users-permissions\",\"globalId\":\"UsersPermissionsPermission\"},\"plugin::users-permissions.role\":{\"collectionName\":\"up_roles\",\"info\":{\"name\":\"role\",\"description\":\"\",\"singularName\":\"role\",\"pluralName\":\"roles\",\"displayName\":\"Role\"},\"pluginOptions\":{\"content-manager\":{\"visible\":false},\"content-type-builder\":{\"visible\":false}},\"attributes\":{\"name\":{\"type\":\"string\",\"minLength\":3,\"required\":true,\"configurable\":false},\"description\":{\"type\":\"string\",\"configurable\":false},\"type\":{\"type\":\"string\",\"unique\":true,\"configurable\":false},\"permissions\":{\"type\":\"relation\",\"relation\":\"oneToMany\",\"target\":\"plugin::users-permissions.permission\",\"mappedBy\":\"role\",\"configurable\":false},\"users\":{\"type\":\"relation\",\"relation\":\"oneToMany\",\"target\":\"plugin::users-permissions.user\",\"mappedBy\":\"role\",\"configurable\":false},\"createdAt\":{\"type\":\"datetime\"},\"updatedAt\":{\"type\":\"datetime\"},\"createdBy\":{\"type\":\"relation\",\"relation\":\"oneToOne\",\"target\":\"admin::user\",\"configurable\":false,\"writable\":false,\"visible\":false,\"useJoinTable\":false,\"private\":true},\"updatedBy\":{\"type\":\"relation\",\"relation\":\"oneToOne\",\"target\":\"admin::user\",\"configurable\":false,\"writable\":false,\"visible\":false,\"useJoinTable\":false,\"private\":true}},\"kind\":\"collectionType\",\"__schema__\":{\"collectionName\":\"up_roles\",\"info\":{\"name\":\"role\",\"description\":\"\",\"singularName\":\"role\",\"pluralName\":\"roles\",\"displayName\":\"Role\"},\"pluginOptions\":{\"content-manager\":{\"visible\":false},\"content-type-builder\":{\"visible\":false}},\"attributes\":{\"name\":{\"type\":\"string\",\"minLength\":3,\"required\":true,\"configurable\":false},\"description\":{\"type\":\"string\",\"configurable\":false},\"type\":{\"type\":\"string\",\"unique\":true,\"configurable\":false},\"permissions\":{\"type\":\"relation\",\"relation\":\"oneToMany\",\"target\":\"plugin::users-permissions.permission\",\"mappedBy\":\"role\",\"configurable\":false},\"users\":{\"type\":\"relation\",\"relation\":\"oneToMany\",\"target\":\"plugin::users-permissions.user\",\"mappedBy\":\"role\",\"configurable\":false}},\"kind\":\"collectionType\"},\"modelType\":\"contentType\",\"modelName\":\"role\",\"connection\":\"default\",\"uid\":\"plugin::users-permissions.role\",\"plugin\":\"users-permissions\",\"globalId\":\"UsersPermissionsRole\"},\"plugin::users-permissions.user\":{\"collectionName\":\"up_users\",\"info\":{\"name\":\"user\",\"description\":\"\",\"singularName\":\"user\",\"pluralName\":\"users\",\"displayName\":\"User\"},\"options\":{\"draftAndPublish\":false,\"timestamps\":true},\"attributes\":{\"username\":{\"type\":\"string\",\"minLength\":3,\"unique\":true,\"configurable\":false,\"required\":true},\"email\":{\"type\":\"email\",\"minLength\":6,\"configurable\":false,\"required\":true},\"provider\":{\"type\":\"string\",\"configurable\":false},\"password\":{\"type\":\"password\",\"minLength\":6,\"configurable\":false,\"private\":true,\"searchable\":false},\"resetPasswordToken\":{\"type\":\"string\",\"configurable\":false,\"private\":true,\"searchable\":false},\"confirmationToken\":{\"type\":\"string\",\"configurable\":false,\"private\":true,\"searchable\":false},\"confirmed\":{\"type\":\"boolean\",\"default\":false,\"configurable\":false},\"blocked\":{\"type\":\"boolean\",\"default\":false,\"configurable\":false},\"role\":{\"type\":\"relation\",\"relation\":\"manyToOne\",\"target\":\"plugin::users-permissions.role\",\"inversedBy\":\"users\",\"configurable\":false},\"createdAt\":{\"type\":\"datetime\"},\"updatedAt\":{\"type\":\"datetime\"},\"createdBy\":{\"type\":\"relation\",\"relation\":\"oneToOne\",\"target\":\"admin::user\",\"configurable\":false,\"writable\":false,\"visible\":false,\"useJoinTable\":false,\"private\":true},\"updatedBy\":{\"type\":\"relation\",\"relation\":\"oneToOne\",\"target\":\"admin::user\",\"configurable\":false,\"writable\":false,\"visible\":false,\"useJoinTable\":false,\"private\":true}},\"config\":{\"attributes\":{\"resetPasswordToken\":{\"hidden\":true},\"confirmationToken\":{\"hidden\":true},\"provider\":{\"hidden\":true}}},\"kind\":\"collectionType\",\"__schema__\":{\"collectionName\":\"up_users\",\"info\":{\"name\":\"user\",\"description\":\"\",\"singularName\":\"user\",\"pluralName\":\"users\",\"displayName\":\"User\"},\"options\":{\"draftAndPublish\":false,\"timestamps\":true},\"attributes\":{\"username\":{\"type\":\"string\",\"minLength\":3,\"unique\":true,\"configurable\":false,\"required\":true},\"email\":{\"type\":\"email\",\"minLength\":6,\"configurable\":false,\"required\":true},\"provider\":{\"type\":\"string\",\"configurable\":false},\"password\":{\"type\":\"password\",\"minLength\":6,\"configurable\":false,\"private\":true,\"searchable\":false},\"resetPasswordToken\":{\"type\":\"string\",\"configurable\":false,\"private\":true,\"searchable\":false},\"confirmationToken\":{\"type\":\"string\",\"configurable\":false,\"private\":true,\"searchable\":false},\"confirmed\":{\"type\":\"boolean\",\"default\":false,\"configurable\":false},\"blocked\":{\"type\":\"boolean\",\"default\":false,\"configurable\":false},\"role\":{\"type\":\"relation\",\"relation\":\"manyToOne\",\"target\":\"plugin::users-permissions.role\",\"inversedBy\":\"users\",\"configurable\":false}},\"kind\":\"collectionType\"},\"modelType\":\"contentType\",\"modelName\":\"user\",\"connection\":\"default\",\"uid\":\"plugin::users-permissions.user\",\"plugin\":\"users-permissions\",\"globalId\":\"UsersPermissionsUser\"},\"api::article.article\":{\"kind\":\"collectionType\",\"collectionName\":\"articles\",\"info\":{\"singularName\":\"article\",\"pluralName\":\"articles\",\"displayName\":\"lnky\",\"description\":\"\"},\"options\":{\"draftAndPublish\":true},\"pluginOptions\":{\"versions\":{\"versioned\":true},\"i18n\":{\"localized\":true}},\"attributes\":{\"title\":{\"type\":\"string\",\"pluginOptions\":{\"i18n\":{\"localized\":true}}},\"mainImage\":{\"type\":\"media\",\"multiple\":false,\"required\":false,\"allowedTypes\":[\"images\"],\"pluginOptions\":{\"i18n\":{\"localized\":true}}},\"publishDate\":{\"type\":\"datetime\",\"pluginOptions\":{\"i18n\":{\"localized\":true}}},\"content\":{\"type\":\"richtext\",\"pluginOptions\":{\"i18n\":{\"localized\":true}}},\"slug\":{\"type\":\"uid\",\"targetField\":\"title\"},\"perex\":{\"type\":\"text\",\"pluginOptions\":{\"i18n\":{\"localized\":true}}},\"author\":{\"pluginOptions\":{\"versions\":{\"versioned\":true},\"i18n\":{\"localized\":true}},\"type\":\"string\"},\"seo\":{\"type\":\"component\",\"repeatable\":false,\"pluginOptions\":{\"versions\":{\"versioned\":true},\"i18n\":{\"localized\":true}},\"component\":\"shared.seo\"},\"sitemap\":{\"type\":\"component\",\"repeatable\":false,\"pluginOptions\":{\"versions\":{\"versioned\":true},\"i18n\":{\"localized\":true}},\"component\":\"shared.sitemap\"},\"createdAt\":{\"type\":\"datetime\"},\"updatedAt\":{\"type\":\"datetime\"},\"publishedAt\":{\"type\":\"datetime\",\"configurable\":false,\"writable\":true,\"visible\":false},\"createdBy\":{\"type\":\"relation\",\"relation\":\"oneToOne\",\"target\":\"admin::user\",\"configurable\":false,\"writable\":false,\"visible\":false,\"useJoinTable\":false,\"private\":true},\"updatedBy\":{\"type\":\"relation\",\"relation\":\"oneToOne\",\"target\":\"admin::user\",\"configurable\":false,\"writable\":false,\"visible\":false,\"useJoinTable\":false,\"private\":true},\"versions\":{\"writable\":true,\"private\":false,\"configurable\":false,\"visible\":false,\"type\":\"relation\",\"relation\":\"manyToMany\",\"target\":\"api::article.article\"},\"vuid\":{\"writable\":true,\"private\":false,\"configurable\":false,\"visible\":false,\"type\":\"string\"},\"versionNumber\":{\"writable\":true,\"private\":false,\"configurable\":false,\"visible\":false,\"type\":\"integer\",\"default\":1},\"isVisibleInListView\":{\"writable\":true,\"private\":false,\"configurable\":false,\"visible\":false,\"type\":\"boolean\",\"default\":true},\"localizations\":{\"writable\":true,\"private\":false,\"configurable\":false,\"visible\":false,\"type\":\"relation\",\"relation\":\"oneToMany\",\"target\":\"api::article.article\"},\"locale\":{\"writable\":true,\"private\":false,\"configurable\":false,\"visible\":false,\"type\":\"string\"}},\"__schema__\":{\"collectionName\":\"articles\",\"info\":{\"singularName\":\"article\",\"pluralName\":\"articles\",\"displayName\":\"lnky\",\"description\":\"\"},\"options\":{\"draftAndPublish\":true},\"pluginOptions\":{\"versions\":{\"versioned\":true},\"i18n\":{\"localized\":true}},\"attributes\":{\"title\":{\"type\":\"string\",\"pluginOptions\":{\"i18n\":{\"localized\":true}}},\"mainImage\":{\"type\":\"media\",\"multiple\":false,\"required\":false,\"allowedTypes\":[\"images\"],\"pluginOptions\":{\"i18n\":{\"localized\":true}}},\"publishDate\":{\"type\":\"datetime\",\"pluginOptions\":{\"i18n\":{\"localized\":true}}},\"content\":{\"type\":\"richtext\",\"pluginOptions\":{\"i18n\":{\"localized\":true}}},\"slug\":{\"type\":\"uid\",\"targetField\":\"title\"},\"perex\":{\"type\":\"text\",\"pluginOptions\":{\"i18n\":{\"localized\":true}}},\"author\":{\"pluginOptions\":{\"versions\":{\"versioned\":true},\"i18n\":{\"localized\":true}},\"type\":\"string\"},\"seo\":{\"type\":\"component\",\"repeatable\":false,\"pluginOptions\":{\"versions\":{\"versioned\":true},\"i18n\":{\"localized\":true}},\"component\":\"shared.seo\"},\"sitemap\":{\"type\":\"component\",\"repeatable\":false,\"pluginOptions\":{\"versions\":{\"versioned\":true},\"i18n\":{\"localized\":true}},\"component\":\"shared.sitemap\"}},\"kind\":\"collectionType\"},\"modelType\":\"contentType\",\"modelName\":\"article\",\"connection\":\"default\",\"uid\":\"api::article.article\",\"apiName\":\"article\",\"globalId\":\"Article\",\"actions\":{},\"lifecycles\":{}},\"api::icon.icon\":{\"kind\":\"collectionType\",\"collectionName\":\"icons\",\"info\":{\"singularName\":\"icon\",\"pluralName\":\"icons\",\"displayName\":\"Ikony\",\"description\":\"\"},\"options\":{\"draftAndPublish\":true},\"pluginOptions\":{},\"attributes\":{\"title\":{\"type\":\"string\",\"required\":true},\"codename\":{\"type\":\"string\",\"required\":true},\"createdAt\":{\"type\":\"datetime\"},\"updatedAt\":{\"type\":\"datetime\"},\"publishedAt\":{\"type\":\"datetime\",\"configurable\":false,\"writable\":true,\"visible\":false},\"createdBy\":{\"type\":\"relation\",\"relation\":\"oneToOne\",\"target\":\"admin::user\",\"configurable\":false,\"writable\":false,\"visible\":false,\"useJoinTable\":false,\"private\":true},\"updatedBy\":{\"type\":\"relation\",\"relation\":\"oneToOne\",\"target\":\"admin::user\",\"configurable\":false,\"writable\":false,\"visible\":false,\"useJoinTable\":false,\"private\":true}},\"__schema__\":{\"collectionName\":\"icons\",\"info\":{\"singularName\":\"icon\",\"pluralName\":\"icons\",\"displayName\":\"Ikony\",\"description\":\"\"},\"options\":{\"draftAndPublish\":true},\"pluginOptions\":{},\"attributes\":{\"title\":{\"type\":\"string\",\"required\":true},\"codename\":{\"type\":\"string\",\"required\":true}},\"kind\":\"collectionType\"},\"modelType\":\"contentType\",\"modelName\":\"icon\",\"connection\":\"default\",\"uid\":\"api::icon.icon\",\"apiName\":\"icon\",\"globalId\":\"Icon\",\"actions\":{},\"lifecycles\":{}},\"api::menu.menu\":{\"kind\":\"collectionType\",\"collectionName\":\"menus\",\"info\":{\"singularName\":\"menu\",\"pluralName\":\"menus\",\"displayName\":\"Menu\",\"description\":\"\"},\"options\":{\"draftAndPublish\":true},\"pluginOptions\":{\"i18n\":{\"localized\":true}},\"attributes\":{\"title\":{\"pluginOptions\":{\"i18n\":{\"localized\":true}},\"type\":\"string\",\"required\":true},\"items\":{\"displayName\":\"MenuItem\",\"type\":\"component\",\"repeatable\":true,\"pluginOptions\":{\"i18n\":{\"localized\":true}},\"component\":\"menu.menu-item\",\"min\":1,\"required\":true},\"createdAt\":{\"type\":\"datetime\"},\"updatedAt\":{\"type\":\"datetime\"},\"publishedAt\":{\"type\":\"datetime\",\"configurable\":false,\"writable\":true,\"visible\":false},\"createdBy\":{\"type\":\"relation\",\"relation\":\"oneToOne\",\"target\":\"admin::user\",\"configurable\":false,\"writable\":false,\"visible\":false,\"useJoinTable\":false,\"private\":true},\"updatedBy\":{\"type\":\"relation\",\"relation\":\"oneToOne\",\"target\":\"admin::user\",\"configurable\":false,\"writable\":false,\"visible\":false,\"useJoinTable\":false,\"private\":true},\"localizations\":{\"writable\":true,\"private\":false,\"configurable\":false,\"visible\":false,\"type\":\"relation\",\"relation\":\"oneToMany\",\"target\":\"api::menu.menu\"},\"locale\":{\"writable\":true,\"private\":false,\"configurable\":false,\"visible\":false,\"type\":\"string\"}},\"__schema__\":{\"collectionName\":\"menus\",\"info\":{\"singularName\":\"menu\",\"pluralName\":\"menus\",\"displayName\":\"Menu\",\"description\":\"\"},\"options\":{\"draftAndPublish\":true},\"pluginOptions\":{\"i18n\":{\"localized\":true}},\"attributes\":{\"title\":{\"pluginOptions\":{\"i18n\":{\"localized\":true}},\"type\":\"string\",\"required\":true},\"items\":{\"displayName\":\"MenuItem\",\"type\":\"component\",\"repeatable\":true,\"pluginOptions\":{\"i18n\":{\"localized\":true}},\"component\":\"menu.menu-item\",\"min\":1,\"required\":true}},\"kind\":\"collectionType\"},\"modelType\":\"contentType\",\"modelName\":\"menu\",\"connection\":\"default\",\"uid\":\"api::menu.menu\",\"apiName\":\"menu\",\"globalId\":\"Menu\",\"actions\":{},\"lifecycles\":{}},\"api::message.message\":{\"kind\":\"collectionType\",\"collectionName\":\"messages\",\"info\":{\"singularName\":\"message\",\"pluralName\":\"messages\",\"displayName\":\"Odeslan zprvy\",\"description\":\"\"},\"options\":{\"draftAndPublish\":true},\"pluginOptions\":{},\"attributes\":{\"name\":{\"type\":\"string\"},\"phone\":{\"type\":\"string\"},\"email\":{\"type\":\"string\"},\"message\":{\"type\":\"text\"},\"city\":{\"type\":\"string\"},\"createdAt\":{\"type\":\"datetime\"},\"updatedAt\":{\"type\":\"datetime\"},\"publishedAt\":{\"type\":\"datetime\",\"configurable\":false,\"writable\":true,\"visible\":false},\"createdBy\":{\"type\":\"relation\",\"relation\":\"oneToOne\",\"target\":\"admin::user\",\"configurable\":false,\"writable\":false,\"visible\":false,\"useJoinTable\":false,\"private\":true},\"updatedBy\":{\"type\":\"relation\",\"relation\":\"oneToOne\",\"target\":\"admin::user\",\"configurable\":false,\"writable\":false,\"visible\":false,\"useJoinTable\":false,\"private\":true}},\"__schema__\":{\"collectionName\":\"messages\",\"info\":{\"singularName\":\"message\",\"pluralName\":\"messages\",\"displayName\":\"Odeslan zprvy\",\"description\":\"\"},\"options\":{\"draftAndPublish\":true},\"pluginOptions\":{},\"attributes\":{\"name\":{\"type\":\"string\"},\"phone\":{\"type\":\"string\"},\"email\":{\"type\":\"string\"},\"message\":{\"type\":\"text\"},\"city\":{\"type\":\"string\"}},\"kind\":\"collectionType\"},\"modelType\":\"contentType\",\"modelName\":\"message\",\"connection\":\"default\",\"uid\":\"api::message.message\",\"apiName\":\"message\",\"globalId\":\"Message\",\"actions\":{},\"lifecycles\":{}},\"api::newsletter-subscriber.newsletter-subscriber\":{\"kind\":\"collectionType\",\"collectionName\":\"newsletter_subscribers\",\"info\":{\"singularName\":\"newsletter-subscriber\",\"pluralName\":\"newsletter-subscribers\",\"displayName\":\"Prihlky k NL\"},\"options\":{\"draftAndPublish\":true},\"pluginOptions\":{},\"attributes\":{\"email\":{\"type\":\"email\"},\"createdAt\":{\"type\":\"datetime\"},\"updatedAt\":{\"type\":\"datetime\"},\"publishedAt\":{\"type\":\"datetime\",\"configurable\":false,\"writable\":true,\"visible\":false},\"createdBy\":{\"type\":\"relation\",\"relation\":\"oneToOne\",\"target\":\"admin::user\",\"configurable\":false,\"writable\":false,\"visible\":false,\"useJoinTable\":false,\"private\":true},\"updatedBy\":{\"type\":\"relation\",\"relation\":\"oneToOne\",\"target\":\"admin::user\",\"configurable\":false,\"writable\":false,\"visible\":false,\"useJoinTable\":false,\"private\":true}},\"__schema__\":{\"collectionName\":\"newsletter_subscribers\",\"info\":{\"singularName\":\"newsletter-subscriber\",\"pluralName\":\"newsletter-subscribers\",\"displayName\":\"Prihlky k NL\"},\"options\":{\"draftAndPublish\":true},\"pluginOptions\":{},\"attributes\":{\"email\":{\"type\":\"email\"}},\"kind\":\"collectionType\"},\"modelType\":\"contentType\",\"modelName\":\"newsletter-subscriber\",\"connection\":\"default\",\"uid\":\"api::newsletter-subscriber.newsletter-subscriber\",\"apiName\":\"newsletter-subscriber\",\"globalId\":\"NewsletterSubscriber\",\"actions\":{},\"lifecycles\":{}},\"api::page.page\":{\"kind\":\"collectionType\",\"collectionName\":\"pages\",\"info\":{\"singularName\":\"page\",\"pluralName\":\"pages\",\"displayName\":\"Strnky\",\"description\":\"\"},\"options\":{\"draftAndPublish\":true},\"pluginOptions\":{\"versions\":{\"versioned\":true},\"i18n\":{\"localized\":true}},\"attributes\":{\"title\":{\"type\":\"string\",\"pluginOptions\":{\"i18n\":{\"localized\":true}}},\"url\":{\"type\":\"string\",\"pluginOptions\":{\"i18n\":{\"localized\":true}}},\"blocks\":{\"type\":\"dynamiczone\",\"components\":[\"block.error-page-block\",\"block.rich-text-block\",\"block.button-block\",\"block.carousel-block\",\"block.gallery-block\",\"block.image-block\",\"block.map-block\",\"block.article-detail-block\",\"block.articles-list-block\",\"block.latest-articles-block\",\"block.video-block\",\"block.youtube-vimeo-block\",\"block.test-block\",\"block.template-block\"],\"pluginOptions\":{\"i18n\":{\"localized\":true}}},\"pages\":{\"type\":\"relation\",\"relation\":\"oneToMany\",\"target\":\"api::page.page\",\"mappedBy\":\"parent\"},\"parent\":{\"type\":\"relation\",\"relation\":\"manyToOne\",\"target\":\"api::page.page\",\"inversedBy\":\"pages\"},\"seo\":{\"type\":\"component\",\"repeatable\":false,\"pluginOptions\":{\"versions\":{\"versioned\":true},\"i18n\":{\"localized\":true}},\"component\":\"shared.seo\"},\"sitemap\":{\"type\":\"component\",\"repeatable\":false,\"pluginOptions\":{\"versions\":{\"versioned\":true},\"i18n\":{\"localized\":true}},\"component\":\"shared.sitemap\"},\"createdAt\":{\"type\":\"datetime\"},\"updatedAt\":{\"type\":\"datetime\"},\"publishedAt\":{\"type\":\"datetime\",\"configurable\":false,\"writable\":true,\"visible\":false},\"createdBy\":{\"type\":\"relation\",\"relation\":\"oneToOne\",\"target\":\"admin::user\",\"configurable\":false,\"writable\":false,\"visible\":false,\"useJoinTable\":false,\"private\":true},\"updatedBy\":{\"type\":\"relation\",\"relation\":\"oneToOne\",\"target\":\"admin::user\",\"configurable\":false,\"writable\":false,\"visible\":false,\"useJoinTable\":false,\"private\":true},\"versions\":{\"writable\":true,\"private\":false,\"configurable\":false,\"visible\":false,\"type\":\"relation\",\"relation\":\"manyToMany\",\"target\":\"api::page.page\"},\"vuid\":{\"writable\":true,\"private\":false,\"configurable\":false,\"visible\":false,\"type\":\"string\"},\"versionNumber\":{\"writable\":true,\"private\":false,\"configurable\":false,\"visible\":false,\"type\":\"integer\",\"default\":1},\"isVisibleInListView\":{\"writable\":true,\"private\":false,\"configurable\":false,\"visible\":false,\"type\":\"boolean\",\"default\":true},\"localizations\":{\"writable\":true,\"private\":false,\"configurable\":false,\"visible\":false,\"type\":\"relation\",\"relation\":\"oneToMany\",\"target\":\"api::page.page\"},\"locale\":{\"writable\":true,\"private\":false,\"configurable\":false,\"visible\":false,\"type\":\"string\"}},\"__schema__\":{\"collectionName\":\"pages\",\"info\":{\"singularName\":\"page\",\"pluralName\":\"pages\",\"displayName\":\"Strnky\",\"description\":\"\"},\"options\":{\"draftAndPublish\":true},\"pluginOptions\":{\"versions\":{\"versioned\":true},\"i18n\":{\"localized\":true}},\"attributes\":{\"title\":{\"type\":\"string\",\"pluginOptions\":{\"i18n\":{\"localized\":true}}},\"url\":{\"type\":\"string\",\"pluginOptions\":{\"i18n\":{\"localized\":true}}},\"blocks\":{\"type\":\"dynamiczone\",\"components\":[\"block.error-page-block\",\"block.rich-text-block\",\"block.button-block\",\"block.carousel-block\",\"block.gallery-block\",\"block.image-block\",\"block.map-block\",\"block.article-detail-block\",\"block.articles-list-block\",\"block.latest-articles-block\",\"block.video-block\",\"block.youtube-vimeo-block\",\"block.test-block\",\"block.template-block\"],\"pluginOptions\":{\"i18n\":{\"localized\":true}}},\"pages\":{\"type\":\"relation\",\"relation\":\"oneToMany\",\"target\":\"api::page.page\",\"mappedBy\":\"parent\"},\"parent\":{\"type\":\"relation\",\"relation\":\"manyToOne\",\"target\":\"api::page.page\",\"inversedBy\":\"pages\"},\"seo\":{\"type\":\"component\",\"repeatable\":false,\"pluginOptions\":{\"versions\":{\"versioned\":true},\"i18n\":{\"localized\":true}},\"component\":\"shared.seo\"},\"sitemap\":{\"type\":\"component\",\"repeatable\":false,\"pluginOptions\":{\"versions\":{\"versioned\":true},\"i18n\":{\"localized\":true}},\"component\":\"shared.sitemap\"}},\"kind\":\"collectionType\"},\"modelType\":\"contentType\",\"modelName\":\"page\",\"connection\":\"default\",\"uid\":\"api::page.page\",\"apiName\":\"page\",\"globalId\":\"Page\",\"actions\":{},\"lifecycles\":{}},\"api::redirect.redirect\":{\"kind\":\"collectionType\",\"collectionName\":\"redirects\",\"info\":{\"singularName\":\"redirect\",\"pluralName\":\"redirects\",\"displayName\":\"Presmerovania\"},\"options\":{\"draftAndPublish\":true},\"pluginOptions\":{},\"attributes\":{\"redirectFrom\":{\"type\":\"string\"},\"redirectTo\":{\"type\":\"string\"},\"statusCode\":{\"type\":\"string\"},\"createdAt\":{\"type\":\"datetime\"},\"updatedAt\":{\"type\":\"datetime\"},\"publishedAt\":{\"type\":\"datetime\",\"configurable\":false,\"writable\":true,\"visible\":false},\"createdBy\":{\"type\":\"relation\",\"relation\":\"oneToOne\",\"target\":\"admin::user\",\"configurable\":false,\"writable\":false,\"visible\":false,\"useJoinTable\":false,\"private\":true},\"updatedBy\":{\"type\":\"relation\",\"relation\":\"oneToOne\",\"target\":\"admin::user\",\"configurable\":false,\"writable\":false,\"visible\":false,\"useJoinTable\":false,\"private\":true}},\"__schema__\":{\"collectionName\":\"redirects\",\"info\":{\"singularName\":\"redirect\",\"pluralName\":\"redirects\",\"displayName\":\"Presmerovania\"},\"options\":{\"draftAndPublish\":true},\"pluginOptions\":{},\"attributes\":{\"redirectFrom\":{\"type\":\"string\"},\"redirectTo\":{\"type\":\"string\"},\"statusCode\":{\"type\":\"string\"}},\"kind\":\"collectionType\"},\"modelType\":\"contentType\",\"modelName\":\"redirect\",\"connection\":\"default\",\"uid\":\"api::redirect.redirect\",\"apiName\":\"redirect\",\"globalId\":\"Redirect\",\"actions\":{},\"lifecycles\":{}},\"api::system-resource.system-resource\":{\"kind\":\"collectionType\",\"collectionName\":\"system_resources\",\"info\":{\"singularName\":\"system-resource\",\"pluralName\":\"system-resources\",\"displayName\":\"Veobecn texty\",\"description\":\"\"},\"options\":{\"draftAndPublish\":true},\"pluginOptions\":{\"i18n\":{\"localized\":true},\"versions\":{\"versioned\":true}},\"attributes\":{\"name\":{\"pluginOptions\":{\"versions\":{\"versioned\":true},\"i18n\":{\"localized\":false}},\"type\":\"string\",\"required\":true},\"codename\":{\"pluginOptions\":{\"versions\":{\"versioned\":true},\"i18n\":{\"localized\":false}},\"type\":\"string\",\"required\":true},\"value\":{\"pluginOptions\":{\"versions\":{\"versioned\":true},\"i18n\":{\"localized\":true}},\"type\":\"text\",\"required\":true},\"createdAt\":{\"type\":\"datetime\"},\"updatedAt\":{\"type\":\"datetime\"},\"publishedAt\":{\"type\":\"datetime\",\"configurable\":false,\"writable\":true,\"visible\":false},\"createdBy\":{\"type\":\"relation\",\"relation\":\"oneToOne\",\"target\":\"admin::user\",\"configurable\":false,\"writable\":false,\"visible\":false,\"useJoinTable\":false,\"private\":true},\"updatedBy\":{\"type\":\"relation\",\"relation\":\"oneToOne\",\"target\":\"admin::user\",\"configurable\":false,\"writable\":false,\"visible\":false,\"useJoinTable\":false,\"private\":true},\"versions\":{\"writable\":true,\"private\":false,\"configurable\":false,\"visible\":false,\"type\":\"relation\",\"relation\":\"manyToMany\",\"target\":\"api::system-resource.system-resource\"},\"vuid\":{\"writable\":true,\"private\":false,\"configurable\":false,\"visible\":false,\"type\":\"string\"},\"versionNumber\":{\"writable\":true,\"private\":false,\"configurable\":false,\"visible\":false,\"type\":\"integer\",\"default\":1},\"isVisibleInListView\":{\"writable\":true,\"private\":false,\"configurable\":false,\"visible\":false,\"type\":\"boolean\",\"default\":true},\"localizations\":{\"writable\":true,\"private\":false,\"configurable\":false,\"visible\":false,\"type\":\"relation\",\"relation\":\"oneToMany\",\"target\":\"api::system-resource.system-resource\"},\"locale\":{\"writable\":true,\"private\":false,\"configurable\":false,\"visible\":false,\"type\":\"string\"}},\"__schema__\":{\"collectionName\":\"system_resources\",\"info\":{\"singularName\":\"system-resource\",\"pluralName\":\"system-resources\",\"displayName\":\"Veobecn texty\",\"description\":\"\"},\"options\":{\"draftAndPublish\":true},\"pluginOptions\":{\"i18n\":{\"localized\":true},\"versions\":{\"versioned\":true}},\"attributes\":{\"name\":{\"pluginOptions\":{\"versions\":{\"versioned\":true},\"i18n\":{\"localized\":false}},\"type\":\"string\",\"required\":true},\"codename\":{\"pluginOptions\":{\"versions\":{\"versioned\":true},\"i18n\":{\"localized\":false}},\"type\":\"string\",\"required\":true},\"value\":{\"pluginOptions\":{\"versions\":{\"versioned\":true},\"i18n\":{\"localized\":true}},\"type\":\"text\",\"required\":true}},\"kind\":\"collectionType\"},\"modelType\":\"contentType\",\"modelName\":\"system-resource\",\"connection\":\"default\",\"uid\":\"api::system-resource.system-resource\",\"apiName\":\"system-resource\",\"globalId\":\"SystemResource\",\"actions\":{},\"lifecycles\":{}},\"api::template.template\":{\"kind\":\"collectionType\",\"collectionName\":\"templates\",\"info\":{\"singularName\":\"template\",\"pluralName\":\"templates\",\"displayName\":\"Znovupouiteln obsah\",\"description\":\"\"},\"options\":{\"draftAndPublish\":true},\"pluginOptions\":{\"i18n\":{\"localized\":true}},\"attributes\":{\"title\":{\"pluginOptions\":{\"i18n\":{\"localized\":true}},\"type\":\"string\",\"required\":true},\"content\":{\"pluginOptions\":{\"i18n\":{\"localized\":true}},\"type\":\"dynamiczone\",\"components\":[\"block.button-block\"],\"required\":true},\"createdAt\":{\"type\":\"datetime\"},\"updatedAt\":{\"type\":\"datetime\"},\"publishedAt\":{\"type\":\"datetime\",\"configurable\":false,\"writable\":true,\"visible\":false},\"createdBy\":{\"type\":\"relation\",\"relation\":\"oneToOne\",\"target\":\"admin::user\",\"configurable\":false,\"writable\":false,\"visible\":false,\"useJoinTable\":false,\"private\":true},\"updatedBy\":{\"type\":\"relation\",\"relation\":\"oneToOne\",\"target\":\"admin::user\",\"configurable\":false,\"writable\":false,\"visible\":false,\"useJoinTable\":false,\"private\":true},\"localizations\":{\"writable\":true,\"private\":false,\"configurable\":false,\"visible\":false,\"type\":\"relation\",\"relation\":\"oneToMany\",\"target\":\"api::template.template\"},\"locale\":{\"writable\":true,\"private\":false,\"configurable\":false,\"visible\":false,\"type\":\"string\"}},\"__schema__\":{\"collectionName\":\"templates\",\"info\":{\"singularName\":\"template\",\"pluralName\":\"templates\",\"displayName\":\"Znovupouiteln obsah\",\"description\":\"\"},\"options\":{\"draftAndPublish\":true},\"pluginOptions\":{\"i18n\":{\"localized\":true}},\"attributes\":{\"title\":{\"pluginOptions\":{\"i18n\":{\"localized\":true}},\"type\":\"string\",\"required\":true},\"content\":{\"pluginOptions\":{\"i18n\":{\"localized\":true}},\"type\":\"dynamiczone\",\"components\":[\"block.button-block\"],\"required\":true}},\"kind\":\"collectionType\"},\"modelType\":\"contentType\",\"modelName\":\"template\",\"connection\":\"default\",\"uid\":\"api::template.template\",\"apiName\":\"template\",\"globalId\":\"Template\",\"actions\":{},\"lifecycles\":{}},\"api::web-setting.web-setting\":{\"kind\":\"singleType\",\"collectionName\":\"web_settings\",\"info\":{\"singularName\":\"web-setting\",\"pluralName\":\"web-settings\",\"displayName\":\"Nastavenia webu\",\"description\":\"\"},\"options\":{\"draftAndPublish\":true},\"pluginOptions\":{\"i18n\":{\"localized\":true},\"versions\":{\"versioned\":true}},\"attributes\":{\"gtmCode\":{\"type\":\"string\",\"pluginOptions\":{\"i18n\":{\"localized\":true}}},\"facebook\":{\"type\":\"string\",\"pluginOptions\":{\"i18n\":{\"localized\":true}}},\"twitter\":{\"type\":\"string\",\"pluginOptions\":{\"i18n\":{\"localized\":true}}},\"instagram\":{\"type\":\"string\",\"pluginOptions\":{\"i18n\":{\"localized\":true}}},\"pinterest\":{\"type\":\"string\",\"pluginOptions\":{\"i18n\":{\"localized\":true}}},\"youtube\":{\"type\":\"string\",\"pluginOptions\":{\"i18n\":{\"localized\":true}}},\"homePage\":{\"type\":\"relation\",\"relation\":\"oneToOne\",\"target\":\"api::page.page\"},\"articleDetailPage\":{\"type\":\"relation\",\"relation\":\"oneToOne\",\"target\":\"api::page.page\"},\"mailFrom\":{\"pluginOptions\":{\"versions\":{\"versioned\":true},\"i18n\":{\"localized\":true}},\"type\":\"string\"},\"mailTo\":{\"pluginOptions\":{\"versions\":{\"versioned\":true},\"i18n\":{\"localized\":true}},\"type\":\"string\"},\"mailSubject\":{\"pluginOptions\":{\"versions\":{\"versioned\":true},\"i18n\":{\"localized\":true}},\"type\":\"string\"},\"mainMenu\":{\"type\":\"relation\",\"relation\":\"oneToOne\",\"target\":\"api::menu.menu\"},\"articlesPage\":{\"type\":\"relation\",\"relation\":\"oneToOne\",\"target\":\"api::page.page\"},\"seo\":{\"type\":\"component\",\"repeatable\":false,\"pluginOptions\":{\"versions\":{\"versioned\":true},\"i18n\":{\"localized\":true}},\"component\":\"shared.seo\"},\"footerMenu\":{\"type\":\"relation\",\"relation\":\"oneToOne\",\"target\":\"api::menu.menu\"},\"createdAt\":{\"type\":\"datetime\"},\"updatedAt\":{\"type\":\"datetime\"},\"publishedAt\":{\"type\":\"datetime\",\"configurable\":false,\"writable\":true,\"visible\":false},\"createdBy\":{\"type\":\"relation\",\"relation\":\"oneToOne\",\"target\":\"admin::user\",\"configurable\":false,\"writable\":false,\"visible\":false,\"useJoinTable\":false,\"private\":true},\"updatedBy\":{\"type\":\"relation\",\"relation\":\"oneToOne\",\"target\":\"admin::user\",\"configurable\":false,\"writable\":false,\"visible\":false,\"useJoinTable\":false,\"private\":true},\"versions\":{\"writable\":true,\"private\":false,\"configurable\":false,\"visible\":false,\"type\":\"relation\",\"relation\":\"manyToMany\",\"target\":\"api::web-setting.web-setting\"},\"vuid\":{\"writable\":true,\"private\":false,\"configurable\":false,\"visible\":false,\"type\":\"string\"},\"versionNumber\":{\"writable\":true,\"private\":false,\"configurable\":false,\"visible\":false,\"type\":\"integer\",\"default\":1},\"isVisibleInListView\":{\"writable\":true,\"private\":false,\"configurable\":false,\"visible\":false,\"type\":\"boolean\",\"default\":true},\"localizations\":{\"writable\":true,\"private\":false,\"configurable\":false,\"visible\":false,\"type\":\"relation\",\"relation\":\"oneToMany\",\"target\":\"api::web-setting.web-setting\"},\"locale\":{\"writable\":true,\"private\":false,\"configurable\":false,\"visible\":false,\"type\":\"string\"}},\"__schema__\":{\"collectionName\":\"web_settings\",\"info\":{\"singularName\":\"web-setting\",\"pluralName\":\"web-settings\",\"displayName\":\"Nastavenia webu\",\"description\":\"\"},\"options\":{\"draftAndPublish\":true},\"pluginOptions\":{\"i18n\":{\"localized\":true},\"versions\":{\"versioned\":true}},\"attributes\":{\"gtmCode\":{\"type\":\"string\",\"pluginOptions\":{\"i18n\":{\"localized\":true}}},\"facebook\":{\"type\":\"string\",\"pluginOptions\":{\"i18n\":{\"localized\":true}}},\"twitter\":{\"type\":\"string\",\"pluginOptions\":{\"i18n\":{\"localized\":true}}},\"instagram\":{\"type\":\"string\",\"pluginOptions\":{\"i18n\":{\"localized\":true}}},\"pinterest\":{\"type\":\"string\",\"pluginOptions\":{\"i18n\":{\"localized\":true}}},\"youtube\":{\"type\":\"string\",\"pluginOptions\":{\"i18n\":{\"localized\":true}}},\"homePage\":{\"type\":\"relation\",\"relation\":\"oneToOne\",\"target\":\"api::page.page\"},\"articleDetailPage\":{\"type\":\"relation\",\"relation\":\"oneToOne\",\"target\":\"api::page.page\"},\"mailFrom\":{\"pluginOptions\":{\"versions\":{\"versioned\":true},\"i18n\":{\"localized\":true}},\"type\":\"string\"},\"mailTo\":{\"pluginOptions\":{\"versions\":{\"versioned\":true},\"i18n\":{\"localized\":true}},\"type\":\"string\"},\"mailSubject\":{\"pluginOptions\":{\"versions\":{\"versioned\":true},\"i18n\":{\"localized\":true}},\"type\":\"string\"},\"mainMenu\":{\"type\":\"relation\",\"relation\":\"oneToOne\",\"target\":\"api::menu.menu\"},\"articlesPage\":{\"type\":\"relation\",\"relation\":\"oneToOne\",\"target\":\"api::page.page\"},\"seo\":{\"type\":\"component\",\"repeatable\":false,\"pluginOptions\":{\"versions\":{\"versioned\":true},\"i18n\":{\"localized\":true}},\"component\":\"shared.seo\"},\"footerMenu\":{\"type\":\"relation\",\"relation\":\"oneToOne\",\"target\":\"api::menu.menu\"}},\"kind\":\"singleType\"},\"modelType\":\"contentType\",\"modelName\":\"web-setting\",\"connection\":\"default\",\"uid\":\"api::web-setting.web-setting\",\"apiName\":\"web-setting\",\"globalId\":\"WebSetting\",\"actions\":{},\"lifecycles\":{}}}','object',NULL,NULL),
	(2,'plugin_content_manager_configuration_components::block.article-detail-block','{\"uid\":\"block.article-detail-block\",\"settings\":{\"bulkable\":true,\"filterable\":true,\"searchable\":true,\"pageSize\":10,\"mainField\":\"sectionId\",\"defaultSortBy\":\"sectionId\",\"defaultSortOrder\":\"ASC\"},\"metadatas\":{\"id\":{\"edit\":{},\"list\":{\"label\":\"id\",\"searchable\":false,\"sortable\":false}},\"sectionId\":{\"edit\":{\"label\":\"sectionId\",\"description\":\"\",\"placeholder\":\"\",\"visible\":true,\"editable\":true},\"list\":{\"label\":\"sectionId\",\"searchable\":true,\"sortable\":true}}},\"layouts\":{\"list\":[\"id\",\"sectionId\"],\"edit\":[[{\"name\":\"sectionId\",\"size\":6}]]},\"isComponent\":true}','object',NULL,NULL),
	(3,'plugin_content_manager_configuration_components::block.button-block','{\"uid\":\"block.button-block\",\"settings\":{\"bulkable\":true,\"filterable\":true,\"searchable\":true,\"pageSize\":10,\"mainField\":\"label\",\"defaultSortBy\":\"label\",\"defaultSortOrder\":\"ASC\"},\"metadatas\":{\"id\":{\"edit\":{},\"list\":{\"label\":\"id\",\"searchable\":false,\"sortable\":false}},\"label\":{\"edit\":{\"label\":\"label\",\"description\":\"\",\"placeholder\":\"\",\"visible\":true,\"editable\":true},\"list\":{\"label\":\"label\",\"searchable\":true,\"sortable\":true}},\"icon\":{\"edit\":{\"label\":\"icon\",\"description\":\"\",\"placeholder\":\"\",\"visible\":true,\"editable\":true,\"mainField\":\"title\"},\"list\":{\"label\":\"icon\",\"searchable\":true,\"sortable\":true}},\"page\":{\"edit\":{\"label\":\"page\",\"description\":\"\",\"placeholder\":\"\",\"visible\":true,\"editable\":true,\"mainField\":\"title\"},\"list\":{\"label\":\"page\",\"searchable\":true,\"sortable\":true}},\"file\":{\"edit\":{\"label\":\"file\",\"description\":\"\",\"placeholder\":\"\",\"visible\":true,\"editable\":true},\"list\":{\"label\":\"file\",\"searchable\":false,\"sortable\":false}}},\"layouts\":{\"list\":[\"id\",\"label\",\"icon\",\"page\"],\"edit\":[[{\"name\":\"label\",\"size\":6},{\"name\":\"icon\",\"size\":6}],[{\"name\":\"page\",\"size\":6},{\"name\":\"file\",\"size\":6}]]},\"isComponent\":true}','object',NULL,NULL),
	(4,'plugin_content_manager_configuration_components::block.articles-list-block','{\"uid\":\"block.articles-list-block\",\"settings\":{\"bulkable\":true,\"filterable\":true,\"searchable\":true,\"pageSize\":10,\"mainField\":\"sectionId\",\"defaultSortBy\":\"sectionId\",\"defaultSortOrder\":\"ASC\"},\"metadatas\":{\"id\":{\"edit\":{},\"list\":{\"label\":\"id\",\"searchable\":false,\"sortable\":false}},\"sectionId\":{\"edit\":{\"label\":\"sectionId\",\"description\":\"\",\"placeholder\":\"\",\"visible\":true,\"editable\":true},\"list\":{\"label\":\"sectionId\",\"searchable\":true,\"sortable\":true}}},\"layouts\":{\"list\":[\"id\",\"sectionId\"],\"edit\":[[{\"name\":\"sectionId\",\"size\":6}]]},\"isComponent\":true}','object',NULL,NULL),
	(5,'plugin_content_manager_configuration_components::block.carousel-block','{\"uid\":\"block.carousel-block\",\"settings\":{\"bulkable\":true,\"filterable\":true,\"searchable\":true,\"pageSize\":10,\"mainField\":\"textAlign\",\"defaultSortBy\":\"textAlign\",\"defaultSortOrder\":\"ASC\"},\"metadatas\":{\"id\":{\"edit\":{},\"list\":{\"label\":\"id\",\"searchable\":false,\"sortable\":false}},\"textAlign\":{\"edit\":{\"label\":\"textAlign\",\"description\":\"\",\"placeholder\":\"\",\"visible\":true,\"editable\":true},\"list\":{\"label\":\"textAlign\",\"searchable\":true,\"sortable\":true}},\"autoplay\":{\"edit\":{\"label\":\"autoplay\",\"description\":\"\",\"placeholder\":\"\",\"visible\":true,\"editable\":true},\"list\":{\"label\":\"autoplay\",\"searchable\":true,\"sortable\":true}},\"interval\":{\"edit\":{\"label\":\"interval\",\"description\":\"\",\"placeholder\":\"\",\"visible\":true,\"editable\":true},\"list\":{\"label\":\"interval\",\"searchable\":true,\"sortable\":true}},\"banners\":{\"edit\":{\"label\":\"banners\",\"description\":\"\",\"placeholder\":\"\",\"visible\":true,\"editable\":true},\"list\":{\"label\":\"banners\",\"searchable\":false,\"sortable\":false}}},\"layouts\":{\"list\":[\"id\",\"textAlign\",\"autoplay\",\"interval\"],\"edit\":[[{\"name\":\"textAlign\",\"size\":6},{\"name\":\"autoplay\",\"size\":4}],[{\"name\":\"interval\",\"size\":4}],[{\"name\":\"banners\",\"size\":12}]]},\"isComponent\":true}','object',NULL,NULL),
	(6,'plugin_content_manager_configuration_components::block.map-block','{\"uid\":\"block.map-block\",\"settings\":{\"bulkable\":true,\"filterable\":true,\"searchable\":true,\"pageSize\":10,\"mainField\":\"id\",\"defaultSortBy\":\"id\",\"defaultSortOrder\":\"ASC\"},\"metadatas\":{\"id\":{\"edit\":{},\"list\":{\"label\":\"id\",\"searchable\":false,\"sortable\":false}},\"bubbleText\":{\"edit\":{\"label\":\"bubbleText\",\"description\":\"\",\"placeholder\":\"\",\"visible\":true,\"editable\":true},\"list\":{\"label\":\"bubbleText\",\"searchable\":true,\"sortable\":true}},\"gps\":{\"edit\":{\"label\":\"gps\",\"description\":\"\",\"placeholder\":\"\",\"visible\":true,\"editable\":true},\"list\":{\"label\":\"gps\",\"searchable\":false,\"sortable\":false}}},\"layouts\":{\"list\":[\"id\",\"bubbleText\",\"gps\"],\"edit\":[[{\"name\":\"bubbleText\",\"size\":6}],[{\"name\":\"gps\",\"size\":12}]]},\"isComponent\":true}','object',NULL,NULL),
	(7,'plugin_content_manager_configuration_components::block.rich-text-block','{\"uid\":\"block.rich-text-block\",\"settings\":{\"bulkable\":true,\"filterable\":true,\"searchable\":true,\"pageSize\":10,\"mainField\":\"id\",\"defaultSortBy\":\"id\",\"defaultSortOrder\":\"ASC\"},\"metadatas\":{\"id\":{\"edit\":{},\"list\":{\"label\":\"id\",\"searchable\":false,\"sortable\":false}},\"content\":{\"edit\":{\"label\":\"content\",\"description\":\"\",\"placeholder\":\"\",\"visible\":true,\"editable\":true},\"list\":{\"label\":\"content\",\"searchable\":false,\"sortable\":false}}},\"layouts\":{\"list\":[\"id\"],\"edit\":[[{\"name\":\"content\",\"size\":12}]]},\"isComponent\":true}','object',NULL,NULL),
	(8,'plugin_content_manager_configuration_components::block.template-block','{\"uid\":\"block.template-block\",\"settings\":{\"bulkable\":true,\"filterable\":true,\"searchable\":true,\"pageSize\":10,\"mainField\":\"id\",\"defaultSortBy\":\"id\",\"defaultSortOrder\":\"ASC\"},\"metadatas\":{\"id\":{\"edit\":{},\"list\":{\"label\":\"id\",\"searchable\":false,\"sortable\":false}},\"template\":{\"edit\":{\"label\":\"template\",\"description\":\"\",\"placeholder\":\"\",\"visible\":true,\"editable\":true,\"mainField\":\"title\"},\"list\":{\"label\":\"template\",\"searchable\":true,\"sortable\":true}}},\"layouts\":{\"list\":[\"id\",\"template\"],\"edit\":[[{\"name\":\"template\",\"size\":6}]]},\"isComponent\":true}','object',NULL,NULL),
	(9,'plugin_content_manager_configuration_components::block.test-block','{\"uid\":\"block.test-block\",\"settings\":{\"bulkable\":true,\"filterable\":true,\"searchable\":true,\"pageSize\":10,\"mainField\":\"testText\",\"defaultSortBy\":\"testText\",\"defaultSortOrder\":\"ASC\"},\"metadatas\":{\"id\":{\"edit\":{},\"list\":{\"label\":\"id\",\"searchable\":false,\"sortable\":false}},\"testText\":{\"edit\":{\"label\":\"testText\",\"description\":\"\",\"placeholder\":\"\",\"visible\":true,\"editable\":true},\"list\":{\"label\":\"testText\",\"searchable\":true,\"sortable\":true}},\"testComponent\":{\"edit\":{\"label\":\"testComponent\",\"description\":\"\",\"placeholder\":\"\",\"visible\":true,\"editable\":true},\"list\":{\"label\":\"testComponent\",\"searchable\":false,\"sortable\":false}},\"image\":{\"edit\":{\"label\":\"image\",\"description\":\"\",\"placeholder\":\"\",\"visible\":true,\"editable\":true},\"list\":{\"label\":\"image\",\"searchable\":false,\"sortable\":false}},\"article\":{\"edit\":{\"label\":\"article\",\"description\":\"\",\"placeholder\":\"\",\"visible\":true,\"editable\":true,\"mainField\":\"title\"},\"list\":{\"label\":\"article\",\"searchable\":true,\"sortable\":true}},\"button\":{\"edit\":{\"label\":\"button\",\"description\":\"\",\"placeholder\":\"\",\"visible\":true,\"editable\":true},\"list\":{\"label\":\"button\",\"searchable\":false,\"sortable\":false}}},\"layouts\":{\"list\":[\"id\",\"testText\",\"testComponent\",\"image\"],\"edit\":[[{\"name\":\"testText\",\"size\":6}],[{\"name\":\"testComponent\",\"size\":12}],[{\"name\":\"image\",\"size\":6},{\"name\":\"article\",\"size\":6}],[{\"name\":\"button\",\"size\":12}]]},\"isComponent\":true}','object',NULL,NULL),
	(10,'plugin_content_manager_configuration_components::block.video-block','{\"uid\":\"block.video-block\",\"settings\":{\"bulkable\":true,\"filterable\":true,\"searchable\":true,\"pageSize\":10,\"mainField\":\"videoId\",\"defaultSortBy\":\"videoId\",\"defaultSortOrder\":\"ASC\"},\"metadatas\":{\"id\":{\"edit\":{},\"list\":{\"label\":\"id\",\"searchable\":false,\"sortable\":false}},\"autoplay\":{\"edit\":{\"label\":\"autoplay\",\"description\":\"\",\"placeholder\":\"\",\"visible\":true,\"editable\":true},\"list\":{\"label\":\"autoplay\",\"searchable\":true,\"sortable\":true}},\"video\":{\"edit\":{\"label\":\"video\",\"description\":\"\",\"placeholder\":\"\",\"visible\":true,\"editable\":true},\"list\":{\"label\":\"video\",\"searchable\":false,\"sortable\":false}},\"videoId\":{\"edit\":{\"label\":\"videoId\",\"description\":\"\",\"placeholder\":\"\",\"visible\":true,\"editable\":true},\"list\":{\"label\":\"videoId\",\"searchable\":true,\"sortable\":true}},\"url\":{\"edit\":{\"label\":\"url\",\"description\":\"\",\"placeholder\":\"\",\"visible\":true,\"editable\":true},\"list\":{\"label\":\"url\",\"searchable\":true,\"sortable\":true}},\"thumbnailUrl\":{\"edit\":{\"label\":\"thumbnailUrl\",\"description\":\"\",\"placeholder\":\"\",\"visible\":true,\"editable\":true},\"list\":{\"label\":\"thumbnailUrl\",\"searchable\":true,\"sortable\":true}}},\"layouts\":{\"list\":[\"id\",\"autoplay\",\"video\",\"videoId\"],\"edit\":[[{\"name\":\"autoplay\",\"size\":4},{\"name\":\"video\",\"size\":6}],[{\"name\":\"videoId\",\"size\":6},{\"name\":\"url\",\"size\":6}],[{\"name\":\"thumbnailUrl\",\"size\":6}]]},\"isComponent\":true}','object',NULL,NULL),
	(11,'plugin_content_manager_configuration_components::block.youtube-vimeo-block','{\"uid\":\"block.youtube-vimeo-block\",\"settings\":{\"bulkable\":true,\"filterable\":true,\"searchable\":true,\"pageSize\":10,\"mainField\":\"url\",\"defaultSortBy\":\"url\",\"defaultSortOrder\":\"ASC\"},\"metadatas\":{\"id\":{\"edit\":{},\"list\":{\"label\":\"id\",\"searchable\":false,\"sortable\":false}},\"url\":{\"edit\":{\"label\":\"url\",\"description\":\"\",\"placeholder\":\"\",\"visible\":true,\"editable\":true},\"list\":{\"label\":\"url\",\"searchable\":true,\"sortable\":true}},\"provider\":{\"edit\":{\"label\":\"provider\",\"description\":\"\",\"placeholder\":\"\",\"visible\":true,\"editable\":true},\"list\":{\"label\":\"provider\",\"searchable\":true,\"sortable\":true}},\"providerUid\":{\"edit\":{\"label\":\"providerUid\",\"description\":\"\",\"placeholder\":\"\",\"visible\":true,\"editable\":true},\"list\":{\"label\":\"providerUid\",\"searchable\":true,\"sortable\":true}},\"width\":{\"edit\":{\"label\":\"width\",\"description\":\"\",\"placeholder\":\"\",\"visible\":true,\"editable\":true},\"list\":{\"label\":\"width\",\"searchable\":true,\"sortable\":true}},\"height\":{\"edit\":{\"label\":\"height\",\"description\":\"\",\"placeholder\":\"\",\"visible\":true,\"editable\":true},\"list\":{\"label\":\"height\",\"searchable\":true,\"sortable\":true}},\"title\":{\"edit\":{\"label\":\"title\",\"description\":\"\",\"placeholder\":\"\",\"visible\":true,\"editable\":true},\"list\":{\"label\":\"title\",\"searchable\":true,\"sortable\":true}},\"thumbnailUrl\":{\"edit\":{\"label\":\"thumbnailUrl\",\"description\":\"\",\"placeholder\":\"\",\"visible\":true,\"editable\":true},\"list\":{\"label\":\"thumbnailUrl\",\"searchable\":true,\"sortable\":true}}},\"layouts\":{\"list\":[\"id\",\"url\",\"provider\",\"providerUid\"],\"edit\":[[{\"name\":\"url\",\"size\":6},{\"name\":\"provider\",\"size\":6}],[{\"name\":\"providerUid\",\"size\":6},{\"name\":\"width\",\"size\":4}],[{\"name\":\"height\",\"size\":4},{\"name\":\"title\",\"size\":6}],[{\"name\":\"thumbnailUrl\",\"size\":6}]]},\"isComponent\":true}','object',NULL,NULL),
	(12,'plugin_content_manager_configuration_components::block.error-page-block','{\"uid\":\"block.error-page-block\",\"settings\":{\"bulkable\":true,\"filterable\":true,\"searchable\":true,\"pageSize\":10,\"mainField\":\"headline\",\"defaultSortBy\":\"headline\",\"defaultSortOrder\":\"ASC\"},\"metadatas\":{\"id\":{\"edit\":{},\"list\":{\"label\":\"id\",\"searchable\":false,\"sortable\":false}},\"headline\":{\"edit\":{\"label\":\"headline\",\"description\":\"\",\"placeholder\":\"\",\"visible\":true,\"editable\":true},\"list\":{\"label\":\"headline\",\"searchable\":true,\"sortable\":true}},\"description\":{\"edit\":{\"label\":\"description\",\"description\":\"\",\"placeholder\":\"\",\"visible\":true,\"editable\":true},\"list\":{\"label\":\"description\",\"searchable\":true,\"sortable\":true}}},\"layouts\":{\"list\":[\"id\",\"headline\",\"description\"],\"edit\":[[{\"name\":\"headline\",\"size\":6},{\"name\":\"description\",\"size\":6}]]},\"isComponent\":true}','object',NULL,NULL),
	(13,'plugin_content_manager_configuration_components::block.gallery-block','{\"uid\":\"block.gallery-block\",\"settings\":{\"bulkable\":true,\"filterable\":true,\"searchable\":true,\"pageSize\":10,\"mainField\":\"id\",\"defaultSortBy\":\"id\",\"defaultSortOrder\":\"ASC\"},\"metadatas\":{\"id\":{\"edit\":{},\"list\":{\"label\":\"id\",\"searchable\":false,\"sortable\":false}},\"assets\":{\"edit\":{\"label\":\"assets\",\"description\":\"\",\"placeholder\":\"\",\"visible\":true,\"editable\":true},\"list\":{\"label\":\"assets\",\"searchable\":false,\"sortable\":false}}},\"layouts\":{\"list\":[\"id\",\"assets\"],\"edit\":[[{\"name\":\"assets\",\"size\":6}]]},\"isComponent\":true}','object',NULL,NULL),
	(14,'plugin_content_manager_configuration_components::block.latest-articles-block','{\"uid\":\"block.latest-articles-block\",\"settings\":{\"bulkable\":true,\"filterable\":true,\"searchable\":true,\"pageSize\":10,\"mainField\":\"heading\",\"defaultSortBy\":\"heading\",\"defaultSortOrder\":\"ASC\"},\"metadatas\":{\"id\":{\"edit\":{},\"list\":{\"label\":\"id\",\"searchable\":false,\"sortable\":false}},\"heading\":{\"edit\":{\"label\":\"heading\",\"description\":\"\",\"placeholder\":\"\",\"visible\":true,\"editable\":true},\"list\":{\"label\":\"heading\",\"searchable\":true,\"sortable\":true}},\"buttonLabel\":{\"edit\":{\"label\":\"buttonLabel\",\"description\":\"\",\"placeholder\":\"\",\"visible\":true,\"editable\":true},\"list\":{\"label\":\"buttonLabel\",\"searchable\":true,\"sortable\":true}}},\"layouts\":{\"list\":[\"id\",\"heading\",\"buttonLabel\"],\"edit\":[[{\"name\":\"heading\",\"size\":6},{\"name\":\"buttonLabel\",\"size\":6}]]},\"isComponent\":true}','object',NULL,NULL),
	(15,'plugin_content_manager_configuration_components::complementary.ecomail','{\"uid\":\"complementary.ecomail\",\"settings\":{\"bulkable\":true,\"filterable\":true,\"searchable\":true,\"pageSize\":10,\"mainField\":\"apiKey\",\"defaultSortBy\":\"apiKey\",\"defaultSortOrder\":\"ASC\"},\"metadatas\":{\"id\":{\"edit\":{},\"list\":{\"label\":\"id\",\"searchable\":false,\"sortable\":false}},\"apiKey\":{\"edit\":{\"label\":\"apiKey\",\"description\":\"\",\"placeholder\":\"\",\"visible\":true,\"editable\":true},\"list\":{\"label\":\"apiKey\",\"searchable\":true,\"sortable\":true}},\"listId\":{\"edit\":{\"label\":\"listId\",\"description\":\"\",\"placeholder\":\"\",\"visible\":true,\"editable\":true},\"list\":{\"label\":\"listId\",\"searchable\":true,\"sortable\":true}}},\"layouts\":{\"list\":[\"id\",\"apiKey\",\"listId\"],\"edit\":[[{\"name\":\"apiKey\",\"size\":6},{\"name\":\"listId\",\"size\":6}]]},\"isComponent\":true}','object',NULL,NULL),
	(16,'plugin_content_manager_configuration_components::complementary.gallery-item','{\"uid\":\"complementary.gallery-item\",\"settings\":{\"bulkable\":true,\"filterable\":true,\"searchable\":true,\"pageSize\":10,\"mainField\":\"id\",\"defaultSortBy\":\"id\",\"defaultSortOrder\":\"ASC\"},\"metadatas\":{\"id\":{\"edit\":{},\"list\":{\"label\":\"id\",\"searchable\":false,\"sortable\":false}},\"image\":{\"edit\":{\"label\":\"image\",\"description\":\"\",\"placeholder\":\"\",\"visible\":true,\"editable\":true},\"list\":{\"label\":\"image\",\"searchable\":false,\"sortable\":false}}},\"layouts\":{\"list\":[\"id\",\"image\"],\"edit\":[[{\"name\":\"image\",\"size\":6}]]},\"isComponent\":true}','object',NULL,NULL),
	(17,'plugin_content_manager_configuration_components::complementary.button','{\"uid\":\"complementary.button\",\"settings\":{\"bulkable\":true,\"filterable\":true,\"searchable\":true,\"pageSize\":10,\"mainField\":\"label\",\"defaultSortBy\":\"label\",\"defaultSortOrder\":\"ASC\"},\"metadatas\":{\"id\":{\"edit\":{},\"list\":{\"label\":\"id\",\"searchable\":false,\"sortable\":false}},\"label\":{\"edit\":{\"label\":\"label\",\"description\":\"\",\"placeholder\":\"\",\"visible\":true,\"editable\":true},\"list\":{\"label\":\"label\",\"searchable\":true,\"sortable\":true}},\"page\":{\"edit\":{\"label\":\"page\",\"description\":\"\",\"placeholder\":\"\",\"visible\":true,\"editable\":true,\"mainField\":\"title\"},\"list\":{\"label\":\"page\",\"searchable\":true,\"sortable\":true}},\"linkExternal\":{\"edit\":{\"label\":\"linkExternal\",\"description\":\"\",\"placeholder\":\"\",\"visible\":true,\"editable\":true},\"list\":{\"label\":\"linkExternal\",\"searchable\":true,\"sortable\":true}},\"openInNewTab\":{\"edit\":{\"label\":\"openInNewTab\",\"description\":\"\",\"placeholder\":\"\",\"visible\":true,\"editable\":true},\"list\":{\"label\":\"openInNewTab\",\"searchable\":true,\"sortable\":true}}},\"layouts\":{\"list\":[\"id\",\"label\",\"page\",\"linkExternal\"],\"edit\":[[{\"name\":\"label\",\"size\":6},{\"name\":\"page\",\"size\":6}],[{\"name\":\"linkExternal\",\"size\":6},{\"name\":\"openInNewTab\",\"size\":4}]]},\"isComponent\":true}','object',NULL,NULL),
	(18,'plugin_content_manager_configuration_components::complementary.carousel-banner','{\"uid\":\"complementary.carousel-banner\",\"settings\":{\"bulkable\":true,\"filterable\":true,\"searchable\":true,\"pageSize\":10,\"mainField\":\"headline\",\"defaultSortBy\":\"headline\",\"defaultSortOrder\":\"ASC\"},\"metadatas\":{\"id\":{\"edit\":{},\"list\":{\"label\":\"id\",\"searchable\":false,\"sortable\":false}},\"image\":{\"edit\":{\"label\":\"image\",\"description\":\"\",\"placeholder\":\"\",\"visible\":true,\"editable\":true},\"list\":{\"label\":\"image\",\"searchable\":false,\"sortable\":false}},\"video\":{\"edit\":{\"label\":\"video\",\"description\":\"\",\"placeholder\":\"\",\"visible\":true,\"editable\":true},\"list\":{\"label\":\"video\",\"searchable\":false,\"sortable\":false}},\"headline\":{\"edit\":{\"label\":\"headline\",\"description\":\"\",\"placeholder\":\"\",\"visible\":true,\"editable\":true},\"list\":{\"label\":\"headline\",\"searchable\":true,\"sortable\":true}},\"description\":{\"edit\":{\"label\":\"description\",\"description\":\"\",\"placeholder\":\"\",\"visible\":true,\"editable\":true},\"list\":{\"label\":\"description\",\"searchable\":true,\"sortable\":true}},\"textAlign\":{\"edit\":{\"label\":\"textAlign\",\"description\":\"\",\"placeholder\":\"\",\"visible\":true,\"editable\":true},\"list\":{\"label\":\"textAlign\",\"searchable\":true,\"sortable\":true}}},\"layouts\":{\"list\":[\"id\",\"image\",\"video\",\"headline\"],\"edit\":[[{\"name\":\"image\",\"size\":6},{\"name\":\"video\",\"size\":6}],[{\"name\":\"headline\",\"size\":6},{\"name\":\"description\",\"size\":6}],[{\"name\":\"textAlign\",\"size\":6}]]},\"isComponent\":true}','object',NULL,NULL),
	(19,'plugin_content_manager_configuration_components::shared.favicon-meta-tag','{\"uid\":\"shared.favicon-meta-tag\",\"settings\":{\"bulkable\":true,\"filterable\":true,\"searchable\":true,\"pageSize\":10,\"mainField\":\"tag\",\"defaultSortBy\":\"tag\",\"defaultSortOrder\":\"ASC\"},\"metadatas\":{\"id\":{\"edit\":{},\"list\":{\"label\":\"id\",\"searchable\":false,\"sortable\":false}},\"tag\":{\"edit\":{\"label\":\"tag\",\"description\":\"\",\"placeholder\":\"\",\"visible\":true,\"editable\":true},\"list\":{\"label\":\"tag\",\"searchable\":true,\"sortable\":true}},\"attributes\":{\"edit\":{\"label\":\"attributes\",\"description\":\"\",\"placeholder\":\"\",\"visible\":true,\"editable\":true},\"list\":{\"label\":\"attributes\",\"searchable\":true,\"sortable\":true}},\"content\":{\"edit\":{\"label\":\"content\",\"description\":\"\",\"placeholder\":\"\",\"visible\":true,\"editable\":true},\"list\":{\"label\":\"content\",\"searchable\":true,\"sortable\":true}}},\"layouts\":{\"list\":[\"id\",\"tag\",\"attributes\",\"content\"],\"edit\":[[{\"name\":\"tag\",\"size\":6},{\"name\":\"attributes\",\"size\":6}],[{\"name\":\"content\",\"size\":6}]]},\"isComponent\":true}','object',NULL,NULL),
	(20,'plugin_content_manager_configuration_components::shared.global-seo','{\"uid\":\"shared.global-seo\",\"settings\":{\"bulkable\":true,\"filterable\":true,\"searchable\":true,\"pageSize\":10,\"mainField\":\"siteName\",\"defaultSortBy\":\"siteName\",\"defaultSortOrder\":\"ASC\"},\"metadatas\":{\"id\":{\"edit\":{},\"list\":{\"label\":\"id\",\"searchable\":false,\"sortable\":false}},\"siteName\":{\"edit\":{\"label\":\"siteName\",\"description\":\"\",\"placeholder\":\"\",\"visible\":true,\"editable\":true},\"list\":{\"label\":\"siteName\",\"searchable\":true,\"sortable\":true}},\"titleSuffix\":{\"edit\":{\"label\":\"titleSuffix\",\"description\":\"\",\"placeholder\":\"\",\"visible\":true,\"editable\":true},\"list\":{\"label\":\"titleSuffix\",\"searchable\":true,\"sortable\":true}},\"facebookPageUrl\":{\"edit\":{\"label\":\"facebookPageUrl\",\"description\":\"\",\"placeholder\":\"\",\"visible\":true,\"editable\":true},\"list\":{\"label\":\"facebookPageUrl\",\"searchable\":true,\"sortable\":true}},\"twitterAccount\":{\"edit\":{\"label\":\"twitterAccount\",\"description\":\"\",\"placeholder\":\"\",\"visible\":true,\"editable\":true},\"list\":{\"label\":\"twitterAccount\",\"searchable\":true,\"sortable\":true}},\"fallbackSeo\":{\"edit\":{\"label\":\"fallbackSeo\",\"description\":\"\",\"placeholder\":\"\",\"visible\":true,\"editable\":true},\"list\":{\"label\":\"fallbackSeo\",\"searchable\":false,\"sortable\":false}},\"favicon\":{\"edit\":{\"label\":\"favicon\",\"description\":\"\",\"placeholder\":\"\",\"visible\":true,\"editable\":true},\"list\":{\"label\":\"favicon\",\"searchable\":false,\"sortable\":false}},\"faviconMetaTags\":{\"edit\":{\"label\":\"faviconMetaTags\",\"description\":\"\",\"placeholder\":\"\",\"visible\":true,\"editable\":true},\"list\":{\"label\":\"faviconMetaTags\",\"searchable\":false,\"sortable\":false}}},\"layouts\":{\"list\":[\"id\",\"siteName\",\"titleSuffix\",\"facebookPageUrl\"],\"edit\":[[{\"name\":\"siteName\",\"size\":6},{\"name\":\"titleSuffix\",\"size\":6}],[{\"name\":\"facebookPageUrl\",\"size\":6},{\"name\":\"twitterAccount\",\"size\":6}],[{\"name\":\"fallbackSeo\",\"size\":12}],[{\"name\":\"favicon\",\"size\":6}],[{\"name\":\"faviconMetaTags\",\"size\":12}]]},\"isComponent\":true}','object',NULL,NULL),
	(21,'plugin_content_manager_configuration_components::shared.meta-social','{\"uid\":\"shared.meta-social\",\"settings\":{\"bulkable\":true,\"filterable\":true,\"searchable\":true,\"pageSize\":10,\"mainField\":\"title\",\"defaultSortBy\":\"title\",\"defaultSortOrder\":\"ASC\"},\"metadatas\":{\"id\":{\"edit\":{},\"list\":{\"label\":\"id\",\"searchable\":false,\"sortable\":false}},\"socialNetwork\":{\"edit\":{\"label\":\"socialNetwork\",\"description\":\"\",\"placeholder\":\"\",\"visible\":true,\"editable\":true},\"list\":{\"label\":\"socialNetwork\",\"searchable\":true,\"sortable\":true}},\"title\":{\"edit\":{\"label\":\"title\",\"description\":\"\",\"placeholder\":\"\",\"visible\":true,\"editable\":true},\"list\":{\"label\":\"title\",\"searchable\":true,\"sortable\":true}},\"description\":{\"edit\":{\"label\":\"description\",\"description\":\"\",\"placeholder\":\"\",\"visible\":true,\"editable\":true},\"list\":{\"label\":\"description\",\"searchable\":true,\"sortable\":true}},\"image\":{\"edit\":{\"label\":\"image\",\"description\":\"\",\"placeholder\":\"\",\"visible\":true,\"editable\":true},\"list\":{\"label\":\"image\",\"searchable\":false,\"sortable\":false}}},\"layouts\":{\"list\":[\"id\",\"socialNetwork\",\"title\",\"description\"],\"edit\":[[{\"name\":\"socialNetwork\",\"size\":6},{\"name\":\"title\",\"size\":6}],[{\"name\":\"description\",\"size\":6},{\"name\":\"image\",\"size\":6}]]},\"isComponent\":true}','object',NULL,NULL),
	(22,'plugin_content_manager_configuration_components::complementary.gps-coordinates','{\"uid\":\"complementary.gps-coordinates\",\"settings\":{\"bulkable\":true,\"filterable\":true,\"searchable\":true,\"pageSize\":10,\"mainField\":\"latitude\",\"defaultSortBy\":\"latitude\",\"defaultSortOrder\":\"ASC\"},\"metadatas\":{\"id\":{\"edit\":{},\"list\":{\"label\":\"id\",\"searchable\":false,\"sortable\":false}},\"latitude\":{\"edit\":{\"label\":\"latitude\",\"description\":\"\",\"placeholder\":\"\",\"visible\":true,\"editable\":true},\"list\":{\"label\":\"latitude\",\"searchable\":true,\"sortable\":true}},\"longitude\":{\"edit\":{\"label\":\"longitude\",\"description\":\"\",\"placeholder\":\"\",\"visible\":true,\"editable\":true},\"list\":{\"label\":\"longitude\",\"searchable\":true,\"sortable\":true}}},\"layouts\":{\"list\":[\"id\",\"latitude\",\"longitude\"],\"edit\":[[{\"name\":\"latitude\",\"size\":6},{\"name\":\"longitude\",\"size\":6}]]},\"isComponent\":true}','object',NULL,NULL),
	(23,'plugin_content_manager_configuration_components::block.image-block','{\"uid\":\"block.image-block\",\"settings\":{\"bulkable\":true,\"filterable\":true,\"searchable\":true,\"pageSize\":10,\"mainField\":\"id\",\"defaultSortBy\":\"id\",\"defaultSortOrder\":\"ASC\"},\"metadatas\":{\"id\":{\"edit\":{},\"list\":{\"label\":\"id\",\"searchable\":false,\"sortable\":false}},\"image\":{\"edit\":{\"label\":\"image\",\"description\":\"\",\"placeholder\":\"\",\"visible\":true,\"editable\":true},\"list\":{\"label\":\"image\",\"searchable\":false,\"sortable\":false}}},\"layouts\":{\"list\":[\"id\",\"image\"],\"edit\":[[{\"name\":\"image\",\"size\":6}]]},\"isComponent\":true}','object',NULL,NULL),
	(24,'plugin_content_manager_configuration_components::complementary.mailchimp','{\"uid\":\"complementary.mailchimp\",\"settings\":{\"bulkable\":true,\"filterable\":true,\"searchable\":true,\"pageSize\":10,\"mainField\":\"serverPrefix\",\"defaultSortBy\":\"serverPrefix\",\"defaultSortOrder\":\"ASC\"},\"metadatas\":{\"id\":{\"edit\":{},\"list\":{\"label\":\"id\",\"searchable\":false,\"sortable\":false}},\"serverPrefix\":{\"edit\":{\"label\":\"serverPrefix\",\"description\":\"\",\"placeholder\":\"\",\"visible\":true,\"editable\":true},\"list\":{\"label\":\"serverPrefix\",\"searchable\":true,\"sortable\":true}},\"apiKey\":{\"edit\":{\"label\":\"apiKey\",\"description\":\"\",\"placeholder\":\"\",\"visible\":true,\"editable\":true},\"list\":{\"label\":\"apiKey\",\"searchable\":true,\"sortable\":true}},\"listId\":{\"edit\":{\"label\":\"listId\",\"description\":\"\",\"placeholder\":\"\",\"visible\":true,\"editable\":true},\"list\":{\"label\":\"listId\",\"searchable\":true,\"sortable\":true}}},\"layouts\":{\"list\":[\"id\",\"serverPrefix\",\"apiKey\",\"listId\"],\"edit\":[[{\"name\":\"serverPrefix\",\"size\":6},{\"name\":\"apiKey\",\"size\":6}],[{\"name\":\"listId\",\"size\":6}]]},\"isComponent\":true}','object',NULL,NULL),
	(25,'plugin_content_manager_configuration_components::complementary.test-component','{\"uid\":\"complementary.test-component\",\"settings\":{\"bulkable\":true,\"filterable\":true,\"searchable\":true,\"pageSize\":10,\"mainField\":\"text\",\"defaultSortBy\":\"text\",\"defaultSortOrder\":\"ASC\"},\"metadatas\":{\"id\":{\"edit\":{},\"list\":{\"label\":\"id\",\"searchable\":false,\"sortable\":false}},\"text\":{\"edit\":{\"label\":\"text\",\"description\":\"\",\"placeholder\":\"\",\"visible\":true,\"editable\":true},\"list\":{\"label\":\"text\",\"searchable\":true,\"sortable\":true}},\"icon\":{\"edit\":{\"label\":\"icon\",\"description\":\"\",\"placeholder\":\"\",\"visible\":true,\"editable\":true,\"mainField\":\"title\"},\"list\":{\"label\":\"icon\",\"searchable\":true,\"sortable\":true}}},\"layouts\":{\"list\":[\"id\",\"text\",\"icon\"],\"edit\":[[{\"name\":\"text\",\"size\":6},{\"name\":\"icon\",\"size\":6}]]},\"isComponent\":true}','object',NULL,NULL),
	(26,'plugin_content_manager_configuration_components::menu.menu-item','{\"uid\":\"menu.menu-item\",\"settings\":{\"bulkable\":true,\"filterable\":true,\"searchable\":true,\"pageSize\":10,\"mainField\":\"label\",\"defaultSortBy\":\"label\",\"defaultSortOrder\":\"ASC\"},\"metadatas\":{\"id\":{\"edit\":{},\"list\":{\"label\":\"id\",\"searchable\":false,\"sortable\":false}},\"label\":{\"edit\":{\"label\":\"label\",\"description\":\"\",\"placeholder\":\"\",\"visible\":true,\"editable\":true},\"list\":{\"label\":\"label\",\"searchable\":true,\"sortable\":true}},\"page\":{\"edit\":{\"label\":\"page\",\"description\":\"\",\"placeholder\":\"\",\"visible\":true,\"editable\":true,\"mainField\":\"title\"},\"list\":{\"label\":\"page\",\"searchable\":true,\"sortable\":true}},\"externalUrl\":{\"edit\":{\"label\":\"externalUrl\",\"description\":\"\",\"placeholder\":\"\",\"visible\":true,\"editable\":true},\"list\":{\"label\":\"externalUrl\",\"searchable\":true,\"sortable\":true}},\"openInNewTab\":{\"edit\":{\"label\":\"openInNewTab\",\"description\":\"\",\"placeholder\":\"\",\"visible\":true,\"editable\":true},\"list\":{\"label\":\"openInNewTab\",\"searchable\":true,\"sortable\":true}}},\"layouts\":{\"list\":[\"id\",\"label\",\"page\",\"externalUrl\"],\"edit\":[[{\"name\":\"label\",\"size\":6},{\"name\":\"page\",\"size\":6}],[{\"name\":\"externalUrl\",\"size\":6},{\"name\":\"openInNewTab\",\"size\":4}]]},\"isComponent\":true}','object',NULL,NULL),
	(27,'plugin_content_manager_configuration_components::shared.fallback-seo','{\"uid\":\"shared.fallback-seo\",\"settings\":{\"bulkable\":true,\"filterable\":true,\"searchable\":true,\"pageSize\":10,\"mainField\":\"title\",\"defaultSortBy\":\"title\",\"defaultSortOrder\":\"ASC\"},\"metadatas\":{\"id\":{\"edit\":{},\"list\":{\"label\":\"id\",\"searchable\":false,\"sortable\":false}},\"description\":{\"edit\":{\"label\":\"description\",\"description\":\"\",\"placeholder\":\"\",\"visible\":true,\"editable\":true},\"list\":{\"label\":\"description\",\"searchable\":true,\"sortable\":true}},\"title\":{\"edit\":{\"label\":\"title\",\"description\":\"\",\"placeholder\":\"\",\"visible\":true,\"editable\":true},\"list\":{\"label\":\"title\",\"searchable\":true,\"sortable\":true}},\"image\":{\"edit\":{\"label\":\"image\",\"description\":\"\",\"placeholder\":\"\",\"visible\":true,\"editable\":true},\"list\":{\"label\":\"image\",\"searchable\":false,\"sortable\":false}},\"twitterCard\":{\"edit\":{\"label\":\"twitterCard\",\"description\":\"\",\"placeholder\":\"\",\"visible\":true,\"editable\":true},\"list\":{\"label\":\"twitterCard\",\"searchable\":true,\"sortable\":true}}},\"layouts\":{\"list\":[\"id\",\"description\",\"title\",\"image\"],\"edit\":[[{\"name\":\"description\",\"size\":6},{\"name\":\"title\",\"size\":6}],[{\"name\":\"image\",\"size\":6},{\"name\":\"twitterCard\",\"size\":6}]]},\"isComponent\":true}','object',NULL,NULL),
	(28,'plugin_content_manager_configuration_components::shared.seo','{\"uid\":\"shared.seo\",\"settings\":{\"bulkable\":true,\"filterable\":true,\"searchable\":true,\"pageSize\":10,\"mainField\":\"metaTitle\",\"defaultSortBy\":\"metaTitle\",\"defaultSortOrder\":\"ASC\"},\"metadatas\":{\"id\":{\"edit\":{},\"list\":{\"label\":\"id\",\"searchable\":false,\"sortable\":false}},\"metaTitle\":{\"edit\":{\"label\":\"metaTitle\",\"description\":\"\",\"placeholder\":\"\",\"visible\":true,\"editable\":true},\"list\":{\"label\":\"metaTitle\",\"searchable\":true,\"sortable\":true}},\"metaDescription\":{\"edit\":{\"label\":\"metaDescription\",\"description\":\"\",\"placeholder\":\"\",\"visible\":true,\"editable\":true},\"list\":{\"label\":\"metaDescription\",\"searchable\":true,\"sortable\":true}},\"metaSocial\":{\"edit\":{\"label\":\"metaSocial\",\"description\":\"\",\"placeholder\":\"\",\"visible\":true,\"editable\":true},\"list\":{\"label\":\"metaSocial\",\"searchable\":false,\"sortable\":false}},\"keywords\":{\"edit\":{\"label\":\"keywords\",\"description\":\"\",\"placeholder\":\"\",\"visible\":true,\"editable\":true},\"list\":{\"label\":\"keywords\",\"searchable\":true,\"sortable\":true}},\"metaRobots\":{\"edit\":{\"label\":\"metaRobots\",\"description\":\"\",\"placeholder\":\"\",\"visible\":true,\"editable\":true},\"list\":{\"label\":\"metaRobots\",\"searchable\":true,\"sortable\":true}},\"structuredData\":{\"edit\":{\"label\":\"structuredData\",\"description\":\"\",\"placeholder\":\"\",\"visible\":true,\"editable\":true},\"list\":{\"label\":\"structuredData\",\"searchable\":false,\"sortable\":false}},\"metaViewport\":{\"edit\":{\"label\":\"metaViewport\",\"description\":\"\",\"placeholder\":\"\",\"visible\":true,\"editable\":true},\"list\":{\"label\":\"metaViewport\",\"searchable\":true,\"sortable\":true}},\"canonicalURL\":{\"edit\":{\"label\":\"canonicalURL\",\"description\":\"\",\"placeholder\":\"\",\"visible\":true,\"editable\":true},\"list\":{\"label\":\"canonicalURL\",\"searchable\":true,\"sortable\":true}},\"preventIndexing\":{\"edit\":{\"label\":\"preventIndexing\",\"description\":\"\",\"placeholder\":\"\",\"visible\":true,\"editable\":true},\"list\":{\"label\":\"preventIndexing\",\"searchable\":true,\"sortable\":true}},\"meta\":{\"edit\":{\"label\":\"meta\",\"description\":\"\",\"placeholder\":\"\",\"visible\":true,\"editable\":true},\"list\":{\"label\":\"meta\",\"searchable\":false,\"sortable\":false}},\"title\":{\"edit\":{\"label\":\"title\",\"description\":\"\",\"placeholder\":\"\",\"visible\":true,\"editable\":true},\"list\":{\"label\":\"title\",\"searchable\":true,\"sortable\":true}}},\"layouts\":{\"list\":[\"id\",\"metaTitle\",\"metaDescription\",\"metaSocial\"],\"edit\":[[{\"name\":\"metaTitle\",\"size\":6},{\"name\":\"metaDescription\",\"size\":6}],[{\"name\":\"metaSocial\",\"size\":12}],[{\"name\":\"keywords\",\"size\":6},{\"name\":\"metaRobots\",\"size\":6}],[{\"name\":\"structuredData\",\"size\":12}],[{\"name\":\"metaViewport\",\"size\":6},{\"name\":\"canonicalURL\",\"size\":6}],[{\"name\":\"preventIndexing\",\"size\":4}],[{\"name\":\"meta\",\"size\":12}],[{\"name\":\"title\",\"size\":6}]]},\"isComponent\":true}','object',NULL,NULL),
	(29,'plugin_content_manager_configuration_components::shared.sitemap','{\"uid\":\"shared.sitemap\",\"settings\":{\"bulkable\":true,\"filterable\":true,\"searchable\":true,\"pageSize\":10,\"mainField\":\"id\",\"defaultSortBy\":\"id\",\"defaultSortOrder\":\"ASC\"},\"metadatas\":{\"id\":{\"edit\":{},\"list\":{\"label\":\"id\",\"searchable\":false,\"sortable\":false}},\"enabled\":{\"edit\":{\"label\":\"enabled\",\"description\":\"\",\"placeholder\":\"\",\"visible\":true,\"editable\":true},\"list\":{\"label\":\"enabled\",\"searchable\":true,\"sortable\":true}},\"changeFrequency\":{\"edit\":{\"label\":\"changeFrequency\",\"description\":\"\",\"placeholder\":\"\",\"visible\":true,\"editable\":true},\"list\":{\"label\":\"changeFrequency\",\"searchable\":true,\"sortable\":true}},\"priority\":{\"edit\":{\"label\":\"priority\",\"description\":\"\",\"placeholder\":\"\",\"visible\":true,\"editable\":true},\"list\":{\"label\":\"priority\",\"searchable\":true,\"sortable\":true}}},\"layouts\":{\"list\":[\"id\",\"enabled\",\"changeFrequency\",\"priority\"],\"edit\":[[{\"name\":\"enabled\",\"size\":4},{\"name\":\"changeFrequency\",\"size\":6}],[{\"name\":\"priority\",\"size\":4}]]},\"isComponent\":true}','object',NULL,NULL),
	(30,'plugin_content_manager_configuration_components::complementary.link','{\"uid\":\"complementary.link\",\"settings\":{\"bulkable\":true,\"filterable\":true,\"searchable\":true,\"pageSize\":10,\"mainField\":\"text\",\"defaultSortBy\":\"text\",\"defaultSortOrder\":\"ASC\"},\"metadatas\":{\"id\":{\"edit\":{},\"list\":{\"label\":\"id\",\"searchable\":false,\"sortable\":false}},\"text\":{\"edit\":{\"label\":\"text\",\"description\":\"\",\"placeholder\":\"\",\"visible\":true,\"editable\":true},\"list\":{\"label\":\"text\",\"searchable\":true,\"sortable\":true}},\"linkExternal\":{\"edit\":{\"label\":\"linkExternal\",\"description\":\"\",\"placeholder\":\"\",\"visible\":true,\"editable\":true},\"list\":{\"label\":\"linkExternal\",\"searchable\":true,\"sortable\":true}},\"page\":{\"edit\":{\"label\":\"page\",\"description\":\"\",\"placeholder\":\"\",\"visible\":true,\"editable\":true,\"mainField\":\"title\"},\"list\":{\"label\":\"page\",\"searchable\":true,\"sortable\":true}}},\"layouts\":{\"list\":[\"id\",\"text\",\"linkExternal\",\"page\"],\"edit\":[[{\"name\":\"text\",\"size\":6},{\"name\":\"linkExternal\",\"size\":6}],[{\"name\":\"page\",\"size\":6}]]},\"isComponent\":true}','object',NULL,NULL),
	(31,'plugin_content_manager_configuration_components::shared.meta','{\"uid\":\"shared.meta\",\"settings\":{\"bulkable\":true,\"filterable\":true,\"searchable\":true,\"pageSize\":10,\"mainField\":\"name\",\"defaultSortBy\":\"name\",\"defaultSortOrder\":\"ASC\"},\"metadatas\":{\"id\":{\"edit\":{},\"list\":{\"label\":\"id\",\"searchable\":false,\"sortable\":false}},\"name\":{\"edit\":{\"label\":\"name\",\"description\":\"\",\"placeholder\":\"\",\"visible\":true,\"editable\":true},\"list\":{\"label\":\"name\",\"searchable\":true,\"sortable\":true}},\"content\":{\"edit\":{\"label\":\"content\",\"description\":\"\",\"placeholder\":\"\",\"visible\":true,\"editable\":true},\"list\":{\"label\":\"content\",\"searchable\":true,\"sortable\":true}}},\"layouts\":{\"list\":[\"id\",\"name\",\"content\"],\"edit\":[[{\"name\":\"name\",\"size\":6},{\"name\":\"content\",\"size\":6}]]},\"isComponent\":true}','object',NULL,NULL),
	(32,'plugin_content_manager_configuration_content_types::admin::permission','{\"uid\":\"admin::permission\",\"settings\":{\"bulkable\":true,\"filterable\":true,\"searchable\":true,\"pageSize\":10,\"mainField\":\"action\",\"defaultSortBy\":\"action\",\"defaultSortOrder\":\"ASC\"},\"metadatas\":{\"id\":{\"edit\":{},\"list\":{\"label\":\"id\",\"searchable\":true,\"sortable\":true}},\"action\":{\"edit\":{\"label\":\"action\",\"description\":\"\",\"placeholder\":\"\",\"visible\":true,\"editable\":true},\"list\":{\"label\":\"action\",\"searchable\":true,\"sortable\":true}},\"subject\":{\"edit\":{\"label\":\"subject\",\"description\":\"\",\"placeholder\":\"\",\"visible\":true,\"editable\":true},\"list\":{\"label\":\"subject\",\"searchable\":true,\"sortable\":true}},\"properties\":{\"edit\":{\"label\":\"properties\",\"description\":\"\",\"placeholder\":\"\",\"visible\":true,\"editable\":true},\"list\":{\"label\":\"properties\",\"searchable\":false,\"sortable\":false}},\"conditions\":{\"edit\":{\"label\":\"conditions\",\"description\":\"\",\"placeholder\":\"\",\"visible\":true,\"editable\":true},\"list\":{\"label\":\"conditions\",\"searchable\":false,\"sortable\":false}},\"role\":{\"edit\":{\"label\":\"role\",\"description\":\"\",\"placeholder\":\"\",\"visible\":true,\"editable\":true,\"mainField\":\"name\"},\"list\":{\"label\":\"role\",\"searchable\":true,\"sortable\":true}},\"createdAt\":{\"edit\":{\"label\":\"createdAt\",\"description\":\"\",\"placeholder\":\"\",\"visible\":false,\"editable\":true},\"list\":{\"label\":\"createdAt\",\"searchable\":true,\"sortable\":true}},\"updatedAt\":{\"edit\":{\"label\":\"updatedAt\",\"description\":\"\",\"placeholder\":\"\",\"visible\":false,\"editable\":true},\"list\":{\"label\":\"updatedAt\",\"searchable\":true,\"sortable\":true}}},\"layouts\":{\"list\":[\"id\",\"action\",\"subject\",\"role\"],\"edit\":[[{\"name\":\"action\",\"size\":6},{\"name\":\"subject\",\"size\":6}],[{\"name\":\"properties\",\"size\":12}],[{\"name\":\"conditions\",\"size\":12}],[{\"name\":\"role\",\"size\":6}]]}}','object',NULL,NULL),
	(33,'plugin_content_manager_configuration_content_types::admin::user','{\"uid\":\"admin::user\",\"settings\":{\"bulkable\":true,\"filterable\":true,\"searchable\":true,\"pageSize\":10,\"mainField\":\"firstname\",\"defaultSortBy\":\"firstname\",\"defaultSortOrder\":\"ASC\"},\"metadatas\":{\"id\":{\"edit\":{},\"list\":{\"label\":\"id\",\"searchable\":true,\"sortable\":true}},\"firstname\":{\"edit\":{\"label\":\"firstname\",\"description\":\"\",\"placeholder\":\"\",\"visible\":true,\"editable\":true},\"list\":{\"label\":\"firstname\",\"searchable\":true,\"sortable\":true}},\"lastname\":{\"edit\":{\"label\":\"lastname\",\"description\":\"\",\"placeholder\":\"\",\"visible\":true,\"editable\":true},\"list\":{\"label\":\"lastname\",\"searchable\":true,\"sortable\":true}},\"username\":{\"edit\":{\"label\":\"username\",\"description\":\"\",\"placeholder\":\"\",\"visible\":true,\"editable\":true},\"list\":{\"label\":\"username\",\"searchable\":true,\"sortable\":true}},\"email\":{\"edit\":{\"label\":\"email\",\"description\":\"\",\"placeholder\":\"\",\"visible\":true,\"editable\":true},\"list\":{\"label\":\"email\",\"searchable\":true,\"sortable\":true}},\"password\":{\"edit\":{\"label\":\"password\",\"description\":\"\",\"placeholder\":\"\",\"visible\":true,\"editable\":true},\"list\":{\"label\":\"password\",\"searchable\":true,\"sortable\":true}},\"resetPasswordToken\":{\"edit\":{\"label\":\"resetPasswordToken\",\"description\":\"\",\"placeholder\":\"\",\"visible\":true,\"editable\":true},\"list\":{\"label\":\"resetPasswordToken\",\"searchable\":true,\"sortable\":true}},\"registrationToken\":{\"edit\":{\"label\":\"registrationToken\",\"description\":\"\",\"placeholder\":\"\",\"visible\":true,\"editable\":true},\"list\":{\"label\":\"registrationToken\",\"searchable\":true,\"sortable\":true}},\"isActive\":{\"edit\":{\"label\":\"isActive\",\"description\":\"\",\"placeholder\":\"\",\"visible\":true,\"editable\":true},\"list\":{\"label\":\"isActive\",\"searchable\":true,\"sortable\":true}},\"roles\":{\"edit\":{\"label\":\"roles\",\"description\":\"\",\"placeholder\":\"\",\"visible\":true,\"editable\":true,\"mainField\":\"name\"},\"list\":{\"label\":\"roles\",\"searchable\":false,\"sortable\":false}},\"blocked\":{\"edit\":{\"label\":\"blocked\",\"description\":\"\",\"placeholder\":\"\",\"visible\":true,\"editable\":true},\"list\":{\"label\":\"blocked\",\"searchable\":true,\"sortable\":true}},\"preferedLanguage\":{\"edit\":{\"label\":\"preferedLanguage\",\"description\":\"\",\"placeholder\":\"\",\"visible\":true,\"editable\":true},\"list\":{\"label\":\"preferedLanguage\",\"searchable\":true,\"sortable\":true}},\"createdAt\":{\"edit\":{\"label\":\"createdAt\",\"description\":\"\",\"placeholder\":\"\",\"visible\":false,\"editable\":true},\"list\":{\"label\":\"createdAt\",\"searchable\":true,\"sortable\":true}},\"updatedAt\":{\"edit\":{\"label\":\"updatedAt\",\"description\":\"\",\"placeholder\":\"\",\"visible\":false,\"editable\":true},\"list\":{\"label\":\"updatedAt\",\"searchable\":true,\"sortable\":true}}},\"layouts\":{\"list\":[\"id\",\"firstname\",\"lastname\",\"username\"],\"edit\":[[{\"name\":\"firstname\",\"size\":6},{\"name\":\"lastname\",\"size\":6}],[{\"name\":\"username\",\"size\":6},{\"name\":\"email\",\"size\":6}],[{\"name\":\"password\",\"size\":6},{\"name\":\"resetPasswordToken\",\"size\":6}],[{\"name\":\"registrationToken\",\"size\":6},{\"name\":\"isActive\",\"size\":4}],[{\"name\":\"roles\",\"size\":6},{\"name\":\"blocked\",\"size\":4}],[{\"name\":\"preferedLanguage\",\"size\":6}]]}}','object',NULL,NULL),
	(35,'plugin_content_manager_configuration_content_types::admin::api-token','{\"uid\":\"admin::api-token\",\"settings\":{\"bulkable\":true,\"filterable\":true,\"searchable\":true,\"pageSize\":10,\"mainField\":\"name\",\"defaultSortBy\":\"name\",\"defaultSortOrder\":\"ASC\"},\"metadatas\":{\"id\":{\"edit\":{},\"list\":{\"label\":\"id\",\"searchable\":true,\"sortable\":true}},\"name\":{\"edit\":{\"label\":\"name\",\"description\":\"\",\"placeholder\":\"\",\"visible\":true,\"editable\":true},\"list\":{\"label\":\"name\",\"searchable\":true,\"sortable\":true}},\"description\":{\"edit\":{\"label\":\"description\",\"description\":\"\",\"placeholder\":\"\",\"visible\":true,\"editable\":true},\"list\":{\"label\":\"description\",\"searchable\":true,\"sortable\":true}},\"type\":{\"edit\":{\"label\":\"type\",\"description\":\"\",\"placeholder\":\"\",\"visible\":true,\"editable\":true},\"list\":{\"label\":\"type\",\"searchable\":true,\"sortable\":true}},\"accessKey\":{\"edit\":{\"label\":\"accessKey\",\"description\":\"\",\"placeholder\":\"\",\"visible\":true,\"editable\":true},\"list\":{\"label\":\"accessKey\",\"searchable\":true,\"sortable\":true}},\"lastUsedAt\":{\"edit\":{\"label\":\"lastUsedAt\",\"description\":\"\",\"placeholder\":\"\",\"visible\":true,\"editable\":true},\"list\":{\"label\":\"lastUsedAt\",\"searchable\":true,\"sortable\":true}},\"permissions\":{\"edit\":{\"label\":\"permissions\",\"description\":\"\",\"placeholder\":\"\",\"visible\":true,\"editable\":true,\"mainField\":\"action\"},\"list\":{\"label\":\"permissions\",\"searchable\":false,\"sortable\":false}},\"expiresAt\":{\"edit\":{\"label\":\"expiresAt\",\"description\":\"\",\"placeholder\":\"\",\"visible\":true,\"editable\":true},\"list\":{\"label\":\"expiresAt\",\"searchable\":true,\"sortable\":true}},\"lifespan\":{\"edit\":{\"label\":\"lifespan\",\"description\":\"\",\"placeholder\":\"\",\"visible\":true,\"editable\":true},\"list\":{\"label\":\"lifespan\",\"searchable\":true,\"sortable\":true}},\"createdAt\":{\"edit\":{\"label\":\"createdAt\",\"description\":\"\",\"placeholder\":\"\",\"visible\":false,\"editable\":true},\"list\":{\"label\":\"createdAt\",\"searchable\":true,\"sortable\":true}},\"updatedAt\":{\"edit\":{\"label\":\"updatedAt\",\"description\":\"\",\"placeholder\":\"\",\"visible\":false,\"editable\":true},\"list\":{\"label\":\"updatedAt\",\"searchable\":true,\"sortable\":true}}},\"layouts\":{\"list\":[\"id\",\"name\",\"description\",\"type\"],\"edit\":[[{\"name\":\"name\",\"size\":6},{\"name\":\"description\",\"size\":6}],[{\"name\":\"type\",\"size\":6},{\"name\":\"accessKey\",\"size\":6}],[{\"name\":\"lastUsedAt\",\"size\":6},{\"name\":\"permissions\",\"size\":6}],[{\"name\":\"expiresAt\",\"size\":6},{\"name\":\"lifespan\",\"size\":4}]]}}','object',NULL,NULL),
	(36,'plugin_content_manager_configuration_content_types::admin::role','{\"uid\":\"admin::role\",\"settings\":{\"bulkable\":true,\"filterable\":true,\"searchable\":true,\"pageSize\":10,\"mainField\":\"name\",\"defaultSortBy\":\"name\",\"defaultSortOrder\":\"ASC\"},\"metadatas\":{\"id\":{\"edit\":{},\"list\":{\"label\":\"id\",\"searchable\":true,\"sortable\":true}},\"name\":{\"edit\":{\"label\":\"name\",\"description\":\"\",\"placeholder\":\"\",\"visible\":true,\"editable\":true},\"list\":{\"label\":\"name\",\"searchable\":true,\"sortable\":true}},\"code\":{\"edit\":{\"label\":\"code\",\"description\":\"\",\"placeholder\":\"\",\"visible\":true,\"editable\":true},\"list\":{\"label\":\"code\",\"searchable\":true,\"sortable\":true}},\"description\":{\"edit\":{\"label\":\"description\",\"description\":\"\",\"placeholder\":\"\",\"visible\":true,\"editable\":true},\"list\":{\"label\":\"description\",\"searchable\":true,\"sortable\":true}},\"users\":{\"edit\":{\"label\":\"users\",\"description\":\"\",\"placeholder\":\"\",\"visible\":true,\"editable\":true,\"mainField\":\"firstname\"},\"list\":{\"label\":\"users\",\"searchable\":false,\"sortable\":false}},\"permissions\":{\"edit\":{\"label\":\"permissions\",\"description\":\"\",\"placeholder\":\"\",\"visible\":true,\"editable\":true,\"mainField\":\"action\"},\"list\":{\"label\":\"permissions\",\"searchable\":false,\"sortable\":false}},\"createdAt\":{\"edit\":{\"label\":\"createdAt\",\"description\":\"\",\"placeholder\":\"\",\"visible\":false,\"editable\":true},\"list\":{\"label\":\"createdAt\",\"searchable\":true,\"sortable\":true}},\"updatedAt\":{\"edit\":{\"label\":\"updatedAt\",\"description\":\"\",\"placeholder\":\"\",\"visible\":false,\"editable\":true},\"list\":{\"label\":\"updatedAt\",\"searchable\":true,\"sortable\":true}}},\"layouts\":{\"list\":[\"id\",\"name\",\"code\",\"description\"],\"edit\":[[{\"name\":\"name\",\"size\":6},{\"name\":\"code\",\"size\":6}],[{\"name\":\"description\",\"size\":6},{\"name\":\"users\",\"size\":6}],[{\"name\":\"permissions\",\"size\":6}]]}}','object',NULL,NULL),
	(37,'plugin_content_manager_configuration_content_types::admin::api-token-permission','{\"uid\":\"admin::api-token-permission\",\"settings\":{\"bulkable\":true,\"filterable\":true,\"searchable\":true,\"pageSize\":10,\"mainField\":\"action\",\"defaultSortBy\":\"action\",\"defaultSortOrder\":\"ASC\"},\"metadatas\":{\"id\":{\"edit\":{},\"list\":{\"label\":\"id\",\"searchable\":true,\"sortable\":true}},\"action\":{\"edit\":{\"label\":\"action\",\"description\":\"\",\"placeholder\":\"\",\"visible\":true,\"editable\":true},\"list\":{\"label\":\"action\",\"searchable\":true,\"sortable\":true}},\"token\":{\"edit\":{\"label\":\"token\",\"description\":\"\",\"placeholder\":\"\",\"visible\":true,\"editable\":true,\"mainField\":\"name\"},\"list\":{\"label\":\"token\",\"searchable\":true,\"sortable\":true}},\"createdAt\":{\"edit\":{\"label\":\"createdAt\",\"description\":\"\",\"placeholder\":\"\",\"visible\":false,\"editable\":true},\"list\":{\"label\":\"createdAt\",\"searchable\":true,\"sortable\":true}},\"updatedAt\":{\"edit\":{\"label\":\"updatedAt\",\"description\":\"\",\"placeholder\":\"\",\"visible\":false,\"editable\":true},\"list\":{\"label\":\"updatedAt\",\"searchable\":true,\"sortable\":true}}},\"layouts\":{\"list\":[\"id\",\"action\",\"token\",\"createdAt\"],\"edit\":[[{\"name\":\"action\",\"size\":6},{\"name\":\"token\",\"size\":6}]]}}','object',NULL,NULL),
	(38,'plugin_content_manager_configuration_content_types::admin::transfer-token','{\"uid\":\"admin::transfer-token\",\"settings\":{\"bulkable\":true,\"filterable\":true,\"searchable\":true,\"pageSize\":10,\"mainField\":\"name\",\"defaultSortBy\":\"name\",\"defaultSortOrder\":\"ASC\"},\"metadatas\":{\"id\":{\"edit\":{},\"list\":{\"label\":\"id\",\"searchable\":true,\"sortable\":true}},\"name\":{\"edit\":{\"label\":\"name\",\"description\":\"\",\"placeholder\":\"\",\"visible\":true,\"editable\":true},\"list\":{\"label\":\"name\",\"searchable\":true,\"sortable\":true}},\"description\":{\"edit\":{\"label\":\"description\",\"description\":\"\",\"placeholder\":\"\",\"visible\":true,\"editable\":true},\"list\":{\"label\":\"description\",\"searchable\":true,\"sortable\":true}},\"accessKey\":{\"edit\":{\"label\":\"accessKey\",\"description\":\"\",\"placeholder\":\"\",\"visible\":true,\"editable\":true},\"list\":{\"label\":\"accessKey\",\"searchable\":true,\"sortable\":true}},\"lastUsedAt\":{\"edit\":{\"label\":\"lastUsedAt\",\"description\":\"\",\"placeholder\":\"\",\"visible\":true,\"editable\":true},\"list\":{\"label\":\"lastUsedAt\",\"searchable\":true,\"sortable\":true}},\"permissions\":{\"edit\":{\"label\":\"permissions\",\"description\":\"\",\"placeholder\":\"\",\"visible\":true,\"editable\":true,\"mainField\":\"action\"},\"list\":{\"label\":\"permissions\",\"searchable\":false,\"sortable\":false}},\"expiresAt\":{\"edit\":{\"label\":\"expiresAt\",\"description\":\"\",\"placeholder\":\"\",\"visible\":true,\"editable\":true},\"list\":{\"label\":\"expiresAt\",\"searchable\":true,\"sortable\":true}},\"lifespan\":{\"edit\":{\"label\":\"lifespan\",\"description\":\"\",\"placeholder\":\"\",\"visible\":true,\"editable\":true},\"list\":{\"label\":\"lifespan\",\"searchable\":true,\"sortable\":true}},\"createdAt\":{\"edit\":{\"label\":\"createdAt\",\"description\":\"\",\"placeholder\":\"\",\"visible\":false,\"editable\":true},\"list\":{\"label\":\"createdAt\",\"searchable\":true,\"sortable\":true}},\"updatedAt\":{\"edit\":{\"label\":\"updatedAt\",\"description\":\"\",\"placeholder\":\"\",\"visible\":false,\"editable\":true},\"list\":{\"label\":\"updatedAt\",\"searchable\":true,\"sortable\":true}}},\"layouts\":{\"list\":[\"id\",\"name\",\"description\",\"accessKey\"],\"edit\":[[{\"name\":\"name\",\"size\":6},{\"name\":\"description\",\"size\":6}],[{\"name\":\"accessKey\",\"size\":6},{\"name\":\"lastUsedAt\",\"size\":6}],[{\"name\":\"permissions\",\"size\":6},{\"name\":\"expiresAt\",\"size\":6}],[{\"name\":\"lifespan\",\"size\":4}]]}}','object',NULL,NULL),
	(39,'plugin_content_manager_configuration_content_types::admin::transfer-token-permission','{\"uid\":\"admin::transfer-token-permission\",\"settings\":{\"bulkable\":true,\"filterable\":true,\"searchable\":true,\"pageSize\":10,\"mainField\":\"action\",\"defaultSortBy\":\"action\",\"defaultSortOrder\":\"ASC\"},\"metadatas\":{\"id\":{\"edit\":{},\"list\":{\"label\":\"id\",\"searchable\":true,\"sortable\":true}},\"action\":{\"edit\":{\"label\":\"action\",\"description\":\"\",\"placeholder\":\"\",\"visible\":true,\"editable\":true},\"list\":{\"label\":\"action\",\"searchable\":true,\"sortable\":true}},\"token\":{\"edit\":{\"label\":\"token\",\"description\":\"\",\"placeholder\":\"\",\"visible\":true,\"editable\":true,\"mainField\":\"name\"},\"list\":{\"label\":\"token\",\"searchable\":true,\"sortable\":true}},\"createdAt\":{\"edit\":{\"label\":\"createdAt\",\"description\":\"\",\"placeholder\":\"\",\"visible\":false,\"editable\":true},\"list\":{\"label\":\"createdAt\",\"searchable\":true,\"sortable\":true}},\"updatedAt\":{\"edit\":{\"label\":\"updatedAt\",\"description\":\"\",\"placeholder\":\"\",\"visible\":false,\"editable\":true},\"list\":{\"label\":\"updatedAt\",\"searchable\":true,\"sortable\":true}}},\"layouts\":{\"list\":[\"id\",\"action\",\"token\",\"createdAt\"],\"edit\":[[{\"name\":\"action\",\"size\":6},{\"name\":\"token\",\"size\":6}]]}}','object',NULL,NULL),
	(40,'plugin_content_manager_configuration_content_types::plugin::upload.file','{\"uid\":\"plugin::upload.file\",\"settings\":{\"bulkable\":true,\"filterable\":true,\"searchable\":true,\"pageSize\":10,\"mainField\":\"name\",\"defaultSortBy\":\"name\",\"defaultSortOrder\":\"ASC\"},\"metadatas\":{\"id\":{\"edit\":{},\"list\":{\"label\":\"id\",\"searchable\":true,\"sortable\":true}},\"name\":{\"edit\":{\"label\":\"name\",\"description\":\"\",\"placeholder\":\"\",\"visible\":true,\"editable\":true},\"list\":{\"label\":\"name\",\"searchable\":true,\"sortable\":true}},\"alternativeText\":{\"edit\":{\"label\":\"alternativeText\",\"description\":\"\",\"placeholder\":\"\",\"visible\":true,\"editable\":true},\"list\":{\"label\":\"alternativeText\",\"searchable\":true,\"sortable\":true}},\"caption\":{\"edit\":{\"label\":\"caption\",\"description\":\"\",\"placeholder\":\"\",\"visible\":true,\"editable\":true},\"list\":{\"label\":\"caption\",\"searchable\":true,\"sortable\":true}},\"width\":{\"edit\":{\"label\":\"width\",\"description\":\"\",\"placeholder\":\"\",\"visible\":true,\"editable\":true},\"list\":{\"label\":\"width\",\"searchable\":true,\"sortable\":true}},\"height\":{\"edit\":{\"label\":\"height\",\"description\":\"\",\"placeholder\":\"\",\"visible\":true,\"editable\":true},\"list\":{\"label\":\"height\",\"searchable\":true,\"sortable\":true}},\"formats\":{\"edit\":{\"label\":\"formats\",\"description\":\"\",\"placeholder\":\"\",\"visible\":true,\"editable\":true},\"list\":{\"label\":\"formats\",\"searchable\":false,\"sortable\":false}},\"hash\":{\"edit\":{\"label\":\"hash\",\"description\":\"\",\"placeholder\":\"\",\"visible\":true,\"editable\":true},\"list\":{\"label\":\"hash\",\"searchable\":true,\"sortable\":true}},\"ext\":{\"edit\":{\"label\":\"ext\",\"description\":\"\",\"placeholder\":\"\",\"visible\":true,\"editable\":true},\"list\":{\"label\":\"ext\",\"searchable\":true,\"sortable\":true}},\"mime\":{\"edit\":{\"label\":\"mime\",\"description\":\"\",\"placeholder\":\"\",\"visible\":true,\"editable\":true},\"list\":{\"label\":\"mime\",\"searchable\":true,\"sortable\":true}},\"size\":{\"edit\":{\"label\":\"size\",\"description\":\"\",\"placeholder\":\"\",\"visible\":true,\"editable\":true},\"list\":{\"label\":\"size\",\"searchable\":true,\"sortable\":true}},\"url\":{\"edit\":{\"label\":\"url\",\"description\":\"\",\"placeholder\":\"\",\"visible\":true,\"editable\":true},\"list\":{\"label\":\"url\",\"searchable\":true,\"sortable\":true}},\"previewUrl\":{\"edit\":{\"label\":\"previewUrl\",\"description\":\"\",\"placeholder\":\"\",\"visible\":true,\"editable\":true},\"list\":{\"label\":\"previewUrl\",\"searchable\":true,\"sortable\":true}},\"provider\":{\"edit\":{\"label\":\"provider\",\"description\":\"\",\"placeholder\":\"\",\"visible\":true,\"editable\":true},\"list\":{\"label\":\"provider\",\"searchable\":true,\"sortable\":true}},\"provider_metadata\":{\"edit\":{\"label\":\"provider_metadata\",\"description\":\"\",\"placeholder\":\"\",\"visible\":true,\"editable\":true},\"list\":{\"label\":\"provider_metadata\",\"searchable\":false,\"sortable\":false}},\"folder\":{\"edit\":{\"label\":\"folder\",\"description\":\"\",\"placeholder\":\"\",\"visible\":true,\"editable\":true,\"mainField\":\"name\"},\"list\":{\"label\":\"folder\",\"searchable\":true,\"sortable\":true}},\"folderPath\":{\"edit\":{\"label\":\"folderPath\",\"description\":\"\",\"placeholder\":\"\",\"visible\":true,\"editable\":true},\"list\":{\"label\":\"folderPath\",\"searchable\":true,\"sortable\":true}},\"createdAt\":{\"edit\":{\"label\":\"createdAt\",\"description\":\"\",\"placeholder\":\"\",\"visible\":false,\"editable\":true},\"list\":{\"label\":\"createdAt\",\"searchable\":true,\"sortable\":true}},\"updatedAt\":{\"edit\":{\"label\":\"updatedAt\",\"description\":\"\",\"placeholder\":\"\",\"visible\":false,\"editable\":true},\"list\":{\"label\":\"updatedAt\",\"searchable\":true,\"sortable\":true}}},\"layouts\":{\"list\":[\"id\",\"name\",\"alternativeText\",\"caption\"],\"edit\":[[{\"name\":\"name\",\"size\":6},{\"name\":\"alternativeText\",\"size\":6}],[{\"name\":\"caption\",\"size\":6},{\"name\":\"width\",\"size\":4}],[{\"name\":\"height\",\"size\":4}],[{\"name\":\"formats\",\"size\":12}],[{\"name\":\"hash\",\"size\":6},{\"name\":\"ext\",\"size\":6}],[{\"name\":\"mime\",\"size\":6},{\"name\":\"size\",\"size\":4}],[{\"name\":\"url\",\"size\":6},{\"name\":\"previewUrl\",\"size\":6}],[{\"name\":\"provider\",\"size\":6}],[{\"name\":\"provider_metadata\",\"size\":12}],[{\"name\":\"folder\",\"size\":6},{\"name\":\"folderPath\",\"size\":6}]]}}','object',NULL,NULL),
	(41,'plugin_content_manager_configuration_content_types::plugin::upload.folder','{\"uid\":\"plugin::upload.folder\",\"settings\":{\"bulkable\":true,\"filterable\":true,\"searchable\":true,\"pageSize\":10,\"mainField\":\"name\",\"defaultSortBy\":\"name\",\"defaultSortOrder\":\"ASC\"},\"metadatas\":{\"id\":{\"edit\":{},\"list\":{\"label\":\"id\",\"searchable\":true,\"sortable\":true}},\"name\":{\"edit\":{\"label\":\"name\",\"description\":\"\",\"placeholder\":\"\",\"visible\":true,\"editable\":true},\"list\":{\"label\":\"name\",\"searchable\":true,\"sortable\":true}},\"pathId\":{\"edit\":{\"label\":\"pathId\",\"description\":\"\",\"placeholder\":\"\",\"visible\":true,\"editable\":true},\"list\":{\"label\":\"pathId\",\"searchable\":true,\"sortable\":true}},\"parent\":{\"edit\":{\"label\":\"parent\",\"description\":\"\",\"placeholder\":\"\",\"visible\":true,\"editable\":true,\"mainField\":\"name\"},\"list\":{\"label\":\"parent\",\"searchable\":true,\"sortable\":true}},\"children\":{\"edit\":{\"label\":\"children\",\"description\":\"\",\"placeholder\":\"\",\"visible\":true,\"editable\":true,\"mainField\":\"name\"},\"list\":{\"label\":\"children\",\"searchable\":false,\"sortable\":false}},\"files\":{\"edit\":{\"label\":\"files\",\"description\":\"\",\"placeholder\":\"\",\"visible\":true,\"editable\":true,\"mainField\":\"name\"},\"list\":{\"label\":\"files\",\"searchable\":false,\"sortable\":false}},\"path\":{\"edit\":{\"label\":\"path\",\"description\":\"\",\"placeholder\":\"\",\"visible\":true,\"editable\":true},\"list\":{\"label\":\"path\",\"searchable\":true,\"sortable\":true}},\"createdAt\":{\"edit\":{\"label\":\"createdAt\",\"description\":\"\",\"placeholder\":\"\",\"visible\":false,\"editable\":true},\"list\":{\"label\":\"createdAt\",\"searchable\":true,\"sortable\":true}},\"updatedAt\":{\"edit\":{\"label\":\"updatedAt\",\"description\":\"\",\"placeholder\":\"\",\"visible\":false,\"editable\":true},\"list\":{\"label\":\"updatedAt\",\"searchable\":true,\"sortable\":true}}},\"layouts\":{\"list\":[\"id\",\"name\",\"pathId\",\"parent\"],\"edit\":[[{\"name\":\"name\",\"size\":6},{\"name\":\"pathId\",\"size\":4}],[{\"name\":\"parent\",\"size\":6},{\"name\":\"children\",\"size\":6}],[{\"name\":\"files\",\"size\":6},{\"name\":\"path\",\"size\":6}]]}}','object',NULL,NULL),
	(42,'plugin_content_manager_configuration_content_types::plugin::slugify.slug','{\"uid\":\"plugin::slugify.slug\",\"settings\":{\"bulkable\":true,\"filterable\":true,\"searchable\":true,\"pageSize\":10,\"mainField\":\"id\",\"defaultSortBy\":\"id\",\"defaultSortOrder\":\"ASC\"},\"metadatas\":{\"id\":{\"edit\":{},\"list\":{\"label\":\"id\",\"searchable\":true,\"sortable\":true}},\"slug\":{\"edit\":{\"label\":\"slug\",\"description\":\"\",\"placeholder\":\"\",\"visible\":true,\"editable\":true},\"list\":{\"label\":\"slug\",\"searchable\":true,\"sortable\":true}},\"count\":{\"edit\":{\"label\":\"count\",\"description\":\"\",\"placeholder\":\"\",\"visible\":true,\"editable\":true},\"list\":{\"label\":\"count\",\"searchable\":true,\"sortable\":true}},\"createdAt\":{\"edit\":{\"label\":\"createdAt\",\"description\":\"\",\"placeholder\":\"\",\"visible\":false,\"editable\":true},\"list\":{\"label\":\"createdAt\",\"searchable\":true,\"sortable\":true}},\"updatedAt\":{\"edit\":{\"label\":\"updatedAt\",\"description\":\"\",\"placeholder\":\"\",\"visible\":false,\"editable\":true},\"list\":{\"label\":\"updatedAt\",\"searchable\":true,\"sortable\":true}}},\"layouts\":{\"list\":[\"id\",\"slug\",\"count\",\"createdAt\"],\"edit\":[[{\"name\":\"slug\",\"size\":6},{\"name\":\"count\",\"size\":4}]]}}','object',NULL,NULL),
	(43,'plugin_content_manager_configuration_content_types::plugin::block-gallery.block','{\"uid\":\"plugin::block-gallery.block\",\"settings\":{\"bulkable\":true,\"filterable\":true,\"searchable\":true,\"pageSize\":10,\"mainField\":\"displayName\",\"defaultSortBy\":\"displayName\",\"defaultSortOrder\":\"ASC\"},\"metadatas\":{\"id\":{\"edit\":{},\"list\":{\"label\":\"id\",\"searchable\":true,\"sortable\":true}},\"image\":{\"edit\":{\"label\":\"image\",\"description\":\"\",\"placeholder\":\"\",\"visible\":true,\"editable\":true},\"list\":{\"label\":\"image\",\"searchable\":false,\"sortable\":false}},\"displayName\":{\"edit\":{\"label\":\"displayName\",\"description\":\"\",\"placeholder\":\"\",\"visible\":true,\"editable\":true},\"list\":{\"label\":\"displayName\",\"searchable\":true,\"sortable\":true}},\"blockName\":{\"edit\":{\"label\":\"blockName\",\"description\":\"\",\"placeholder\":\"\",\"visible\":true,\"editable\":true},\"list\":{\"label\":\"blockName\",\"searchable\":true,\"sortable\":true}},\"externalUrl\":{\"edit\":{\"label\":\"externalUrl\",\"description\":\"\",\"placeholder\":\"\",\"visible\":true,\"editable\":true},\"list\":{\"label\":\"externalUrl\",\"searchable\":true,\"sortable\":true}},\"createdAt\":{\"edit\":{\"label\":\"createdAt\",\"description\":\"\",\"placeholder\":\"\",\"visible\":false,\"editable\":true},\"list\":{\"label\":\"createdAt\",\"searchable\":true,\"sortable\":true}},\"updatedAt\":{\"edit\":{\"label\":\"updatedAt\",\"description\":\"\",\"placeholder\":\"\",\"visible\":false,\"editable\":true},\"list\":{\"label\":\"updatedAt\",\"searchable\":true,\"sortable\":true}}},\"layouts\":{\"list\":[\"id\",\"image\",\"displayName\",\"blockName\"],\"edit\":[[{\"name\":\"image\",\"size\":6},{\"name\":\"displayName\",\"size\":6}],[{\"name\":\"blockName\",\"size\":6},{\"name\":\"externalUrl\",\"size\":6}]]}}','object',NULL,NULL),
	(44,'plugin_content_manager_configuration_content_types::plugin::users-permissions.permission','{\"uid\":\"plugin::users-permissions.permission\",\"settings\":{\"bulkable\":true,\"filterable\":true,\"searchable\":true,\"pageSize\":10,\"mainField\":\"action\",\"defaultSortBy\":\"action\",\"defaultSortOrder\":\"ASC\"},\"metadatas\":{\"id\":{\"edit\":{},\"list\":{\"label\":\"id\",\"searchable\":true,\"sortable\":true}},\"action\":{\"edit\":{\"label\":\"action\",\"description\":\"\",\"placeholder\":\"\",\"visible\":true,\"editable\":true},\"list\":{\"label\":\"action\",\"searchable\":true,\"sortable\":true}},\"role\":{\"edit\":{\"label\":\"role\",\"description\":\"\",\"placeholder\":\"\",\"visible\":true,\"editable\":true,\"mainField\":\"name\"},\"list\":{\"label\":\"role\",\"searchable\":true,\"sortable\":true}},\"createdAt\":{\"edit\":{\"label\":\"createdAt\",\"description\":\"\",\"placeholder\":\"\",\"visible\":false,\"editable\":true},\"list\":{\"label\":\"createdAt\",\"searchable\":true,\"sortable\":true}},\"updatedAt\":{\"edit\":{\"label\":\"updatedAt\",\"description\":\"\",\"placeholder\":\"\",\"visible\":false,\"editable\":true},\"list\":{\"label\":\"updatedAt\",\"searchable\":true,\"sortable\":true}}},\"layouts\":{\"list\":[\"id\",\"action\",\"role\",\"createdAt\"],\"edit\":[[{\"name\":\"action\",\"size\":6},{\"name\":\"role\",\"size\":6}]]}}','object',NULL,NULL),
	(45,'plugin_content_manager_configuration_content_types::plugin::users-permissions.user','{\"uid\":\"plugin::users-permissions.user\",\"settings\":{\"bulkable\":true,\"filterable\":true,\"searchable\":true,\"pageSize\":10,\"mainField\":\"username\",\"defaultSortBy\":\"username\",\"defaultSortOrder\":\"ASC\"},\"metadatas\":{\"id\":{\"edit\":{},\"list\":{\"label\":\"id\",\"searchable\":true,\"sortable\":true}},\"username\":{\"edit\":{\"label\":\"username\",\"description\":\"\",\"placeholder\":\"\",\"visible\":true,\"editable\":true},\"list\":{\"label\":\"username\",\"searchable\":true,\"sortable\":true}},\"email\":{\"edit\":{\"label\":\"email\",\"description\":\"\",\"placeholder\":\"\",\"visible\":true,\"editable\":true},\"list\":{\"label\":\"email\",\"searchable\":true,\"sortable\":true}},\"provider\":{\"edit\":{\"label\":\"provider\",\"description\":\"\",\"placeholder\":\"\",\"visible\":false,\"editable\":true},\"list\":{\"label\":\"provider\",\"searchable\":true,\"sortable\":true}},\"password\":{\"edit\":{\"label\":\"password\",\"description\":\"\",\"placeholder\":\"\",\"visible\":true,\"editable\":true},\"list\":{\"label\":\"password\",\"searchable\":true,\"sortable\":true}},\"resetPasswordToken\":{\"edit\":{\"label\":\"resetPasswordToken\",\"description\":\"\",\"placeholder\":\"\",\"visible\":false,\"editable\":true},\"list\":{\"label\":\"resetPasswordToken\",\"searchable\":true,\"sortable\":true}},\"confirmationToken\":{\"edit\":{\"label\":\"confirmationToken\",\"description\":\"\",\"placeholder\":\"\",\"visible\":false,\"editable\":true},\"list\":{\"label\":\"confirmationToken\",\"searchable\":true,\"sortable\":true}},\"confirmed\":{\"edit\":{\"label\":\"confirmed\",\"description\":\"\",\"placeholder\":\"\",\"visible\":true,\"editable\":true},\"list\":{\"label\":\"confirmed\",\"searchable\":true,\"sortable\":true}},\"blocked\":{\"edit\":{\"label\":\"blocked\",\"description\":\"\",\"placeholder\":\"\",\"visible\":true,\"editable\":true},\"list\":{\"label\":\"blocked\",\"searchable\":true,\"sortable\":true}},\"role\":{\"edit\":{\"label\":\"role\",\"description\":\"\",\"placeholder\":\"\",\"visible\":true,\"editable\":true,\"mainField\":\"name\"},\"list\":{\"label\":\"role\",\"searchable\":true,\"sortable\":true}},\"createdAt\":{\"edit\":{\"label\":\"createdAt\",\"description\":\"\",\"placeholder\":\"\",\"visible\":false,\"editable\":true},\"list\":{\"label\":\"createdAt\",\"searchable\":true,\"sortable\":true}},\"updatedAt\":{\"edit\":{\"label\":\"updatedAt\",\"description\":\"\",\"placeholder\":\"\",\"visible\":false,\"editable\":true},\"list\":{\"label\":\"updatedAt\",\"searchable\":true,\"sortable\":true}}},\"layouts\":{\"list\":[\"id\",\"username\",\"email\",\"confirmed\"],\"edit\":[[{\"name\":\"username\",\"size\":6},{\"name\":\"email\",\"size\":6}],[{\"name\":\"password\",\"size\":6},{\"name\":\"confirmed\",\"size\":4}],[{\"name\":\"blocked\",\"size\":4},{\"name\":\"role\",\"size\":6}]]}}','object',NULL,NULL),
	(46,'plugin_content_manager_configuration_content_types::api::article.article','{\"uid\":\"api::article.article\",\"settings\":{\"bulkable\":true,\"filterable\":true,\"searchable\":true,\"pageSize\":10,\"mainField\":\"title\",\"defaultSortBy\":\"title\",\"defaultSortOrder\":\"ASC\"},\"metadatas\":{\"id\":{\"edit\":{},\"list\":{\"label\":\"id\",\"searchable\":true,\"sortable\":true}},\"title\":{\"edit\":{\"label\":\"title\",\"description\":\"\",\"placeholder\":\"\",\"visible\":true,\"editable\":true},\"list\":{\"label\":\"title\",\"searchable\":true,\"sortable\":true}},\"mainImage\":{\"edit\":{\"label\":\"mainImage\",\"description\":\"\",\"placeholder\":\"\",\"visible\":true,\"editable\":true},\"list\":{\"label\":\"mainImage\",\"searchable\":false,\"sortable\":false}},\"publishDate\":{\"edit\":{\"label\":\"publishDate\",\"description\":\"\",\"placeholder\":\"\",\"visible\":true,\"editable\":true},\"list\":{\"label\":\"publishDate\",\"searchable\":true,\"sortable\":true}},\"content\":{\"edit\":{\"label\":\"content\",\"description\":\"\",\"placeholder\":\"\",\"visible\":true,\"editable\":true},\"list\":{\"label\":\"content\",\"searchable\":false,\"sortable\":false}},\"slug\":{\"edit\":{\"label\":\"slug\",\"description\":\"\",\"placeholder\":\"\",\"visible\":true,\"editable\":true},\"list\":{\"label\":\"slug\",\"searchable\":true,\"sortable\":true}},\"perex\":{\"edit\":{\"label\":\"perex\",\"description\":\"\",\"placeholder\":\"\",\"visible\":true,\"editable\":true},\"list\":{\"label\":\"perex\",\"searchable\":true,\"sortable\":true}},\"author\":{\"edit\":{\"label\":\"author\",\"description\":\"\",\"placeholder\":\"\",\"visible\":true,\"editable\":true},\"list\":{\"label\":\"author\",\"searchable\":true,\"sortable\":true}},\"seo\":{\"edit\":{\"label\":\"seo\",\"description\":\"\",\"placeholder\":\"\",\"visible\":true,\"editable\":true},\"list\":{\"label\":\"seo\",\"searchable\":false,\"sortable\":false}},\"sitemap\":{\"edit\":{\"label\":\"sitemap\",\"description\":\"\",\"placeholder\":\"\",\"visible\":true,\"editable\":true},\"list\":{\"label\":\"sitemap\",\"searchable\":false,\"sortable\":false}},\"createdAt\":{\"edit\":{\"label\":\"createdAt\",\"description\":\"\",\"placeholder\":\"\",\"visible\":false,\"editable\":true},\"list\":{\"label\":\"createdAt\",\"searchable\":true,\"sortable\":true}},\"updatedAt\":{\"edit\":{\"label\":\"updatedAt\",\"description\":\"\",\"placeholder\":\"\",\"visible\":false,\"editable\":true},\"list\":{\"label\":\"updatedAt\",\"searchable\":true,\"sortable\":true}}},\"layouts\":{\"list\":[\"id\",\"title\",\"mainImage\",\"publishDate\"],\"edit\":[[{\"name\":\"title\",\"size\":6},{\"name\":\"mainImage\",\"size\":6}],[{\"name\":\"publishDate\",\"size\":6}],[{\"name\":\"content\",\"size\":12}],[{\"name\":\"slug\",\"size\":6},{\"name\":\"perex\",\"size\":6}],[{\"name\":\"author\",\"size\":6}],[{\"name\":\"seo\",\"size\":12}],[{\"name\":\"sitemap\",\"size\":12}]]}}','object',NULL,NULL),
	(47,'plugin_content_manager_configuration_content_types::api::menu.menu','{\"uid\":\"api::menu.menu\",\"settings\":{\"bulkable\":true,\"filterable\":true,\"searchable\":true,\"pageSize\":10,\"mainField\":\"title\",\"defaultSortBy\":\"title\",\"defaultSortOrder\":\"ASC\"},\"metadatas\":{\"id\":{\"edit\":{},\"list\":{\"label\":\"id\",\"searchable\":true,\"sortable\":true}},\"title\":{\"edit\":{\"label\":\"title\",\"description\":\"\",\"placeholder\":\"\",\"visible\":true,\"editable\":true},\"list\":{\"label\":\"title\",\"searchable\":true,\"sortable\":true}},\"items\":{\"edit\":{\"label\":\"items\",\"description\":\"\",\"placeholder\":\"\",\"visible\":true,\"editable\":true},\"list\":{\"label\":\"items\",\"searchable\":false,\"sortable\":false}},\"createdAt\":{\"edit\":{\"label\":\"createdAt\",\"description\":\"\",\"placeholder\":\"\",\"visible\":false,\"editable\":true},\"list\":{\"label\":\"createdAt\",\"searchable\":true,\"sortable\":true}},\"updatedAt\":{\"edit\":{\"label\":\"updatedAt\",\"description\":\"\",\"placeholder\":\"\",\"visible\":false,\"editable\":true},\"list\":{\"label\":\"updatedAt\",\"searchable\":true,\"sortable\":true}}},\"layouts\":{\"list\":[\"id\",\"title\",\"items\",\"createdAt\"],\"edit\":[[{\"name\":\"title\",\"size\":6}],[{\"name\":\"items\",\"size\":12}]]}}','object',NULL,NULL),
	(48,'plugin_content_manager_configuration_content_types::api::icon.icon','{\"uid\":\"api::icon.icon\",\"settings\":{\"bulkable\":true,\"filterable\":true,\"searchable\":true,\"pageSize\":10,\"mainField\":\"title\",\"defaultSortBy\":\"title\",\"defaultSortOrder\":\"ASC\"},\"metadatas\":{\"id\":{\"edit\":{},\"list\":{\"label\":\"id\",\"searchable\":true,\"sortable\":true}},\"title\":{\"edit\":{\"label\":\"title\",\"description\":\"\",\"placeholder\":\"\",\"visible\":true,\"editable\":true},\"list\":{\"label\":\"title\",\"searchable\":true,\"sortable\":true}},\"codename\":{\"edit\":{\"label\":\"codename\",\"description\":\"\",\"placeholder\":\"\",\"visible\":true,\"editable\":true},\"list\":{\"label\":\"codename\",\"searchable\":true,\"sortable\":true}},\"createdAt\":{\"edit\":{\"label\":\"createdAt\",\"description\":\"\",\"placeholder\":\"\",\"visible\":false,\"editable\":true},\"list\":{\"label\":\"createdAt\",\"searchable\":true,\"sortable\":true}},\"updatedAt\":{\"edit\":{\"label\":\"updatedAt\",\"description\":\"\",\"placeholder\":\"\",\"visible\":false,\"editable\":true},\"list\":{\"label\":\"updatedAt\",\"searchable\":true,\"sortable\":true}}},\"layouts\":{\"list\":[\"id\",\"title\",\"codename\",\"createdAt\"],\"edit\":[[{\"name\":\"title\",\"size\":6},{\"name\":\"codename\",\"size\":6}]]}}','object',NULL,NULL),
	(49,'plugin_content_manager_configuration_content_types::plugin::i18n.locale','{\"uid\":\"plugin::i18n.locale\",\"settings\":{\"bulkable\":true,\"filterable\":true,\"searchable\":true,\"pageSize\":10,\"mainField\":\"name\",\"defaultSortBy\":\"name\",\"defaultSortOrder\":\"ASC\"},\"metadatas\":{\"id\":{\"edit\":{},\"list\":{\"label\":\"id\",\"searchable\":true,\"sortable\":true}},\"name\":{\"edit\":{\"label\":\"name\",\"description\":\"\",\"placeholder\":\"\",\"visible\":true,\"editable\":true},\"list\":{\"label\":\"name\",\"searchable\":true,\"sortable\":true}},\"code\":{\"edit\":{\"label\":\"code\",\"description\":\"\",\"placeholder\":\"\",\"visible\":true,\"editable\":true},\"list\":{\"label\":\"code\",\"searchable\":true,\"sortable\":true}},\"createdAt\":{\"edit\":{\"label\":\"createdAt\",\"description\":\"\",\"placeholder\":\"\",\"visible\":false,\"editable\":true},\"list\":{\"label\":\"createdAt\",\"searchable\":true,\"sortable\":true}},\"updatedAt\":{\"edit\":{\"label\":\"updatedAt\",\"description\":\"\",\"placeholder\":\"\",\"visible\":false,\"editable\":true},\"list\":{\"label\":\"updatedAt\",\"searchable\":true,\"sortable\":true}}},\"layouts\":{\"list\":[\"id\",\"name\",\"code\",\"createdAt\"],\"edit\":[[{\"name\":\"name\",\"size\":6},{\"name\":\"code\",\"size\":6}]]}}','object',NULL,NULL),
	(50,'plugin_content_manager_configuration_content_types::api::message.message','{\"uid\":\"api::message.message\",\"settings\":{\"bulkable\":true,\"filterable\":true,\"searchable\":true,\"pageSize\":10,\"mainField\":\"name\",\"defaultSortBy\":\"name\",\"defaultSortOrder\":\"ASC\"},\"metadatas\":{\"id\":{\"edit\":{},\"list\":{\"label\":\"id\",\"searchable\":true,\"sortable\":true}},\"name\":{\"edit\":{\"label\":\"name\",\"description\":\"\",\"placeholder\":\"\",\"visible\":true,\"editable\":true},\"list\":{\"label\":\"name\",\"searchable\":true,\"sortable\":true}},\"phone\":{\"edit\":{\"label\":\"phone\",\"description\":\"\",\"placeholder\":\"\",\"visible\":true,\"editable\":true},\"list\":{\"label\":\"phone\",\"searchable\":true,\"sortable\":true}},\"email\":{\"edit\":{\"label\":\"email\",\"description\":\"\",\"placeholder\":\"\",\"visible\":true,\"editable\":true},\"list\":{\"label\":\"email\",\"searchable\":true,\"sortable\":true}},\"message\":{\"edit\":{\"label\":\"message\",\"description\":\"\",\"placeholder\":\"\",\"visible\":true,\"editable\":true},\"list\":{\"label\":\"message\",\"searchable\":true,\"sortable\":true}},\"city\":{\"edit\":{\"label\":\"city\",\"description\":\"\",\"placeholder\":\"\",\"visible\":true,\"editable\":true},\"list\":{\"label\":\"city\",\"searchable\":true,\"sortable\":true}},\"createdAt\":{\"edit\":{\"label\":\"createdAt\",\"description\":\"\",\"placeholder\":\"\",\"visible\":false,\"editable\":true},\"list\":{\"label\":\"createdAt\",\"searchable\":true,\"sortable\":true}},\"updatedAt\":{\"edit\":{\"label\":\"updatedAt\",\"description\":\"\",\"placeholder\":\"\",\"visible\":false,\"editable\":true},\"list\":{\"label\":\"updatedAt\",\"searchable\":true,\"sortable\":true}}},\"layouts\":{\"list\":[\"id\",\"name\",\"phone\",\"email\"],\"edit\":[[{\"name\":\"name\",\"size\":6},{\"name\":\"phone\",\"size\":6}],[{\"name\":\"email\",\"size\":6},{\"name\":\"message\",\"size\":6}],[{\"name\":\"city\",\"size\":6}]]}}','object',NULL,NULL),
	(51,'plugin_content_manager_configuration_content_types::api::page.page','{\"uid\":\"api::page.page\",\"settings\":{\"bulkable\":true,\"filterable\":true,\"searchable\":true,\"pageSize\":10,\"mainField\":\"title\",\"defaultSortBy\":\"title\",\"defaultSortOrder\":\"ASC\"},\"metadatas\":{\"id\":{\"edit\":{},\"list\":{\"label\":\"id\",\"searchable\":true,\"sortable\":true}},\"title\":{\"edit\":{\"label\":\"title\",\"description\":\"\",\"placeholder\":\"\",\"visible\":true,\"editable\":true},\"list\":{\"label\":\"title\",\"searchable\":true,\"sortable\":true}},\"url\":{\"edit\":{\"label\":\"url\",\"description\":\"\",\"placeholder\":\"\",\"visible\":true,\"editable\":true},\"list\":{\"label\":\"url\",\"searchable\":true,\"sortable\":true}},\"blocks\":{\"edit\":{\"label\":\"blocks\",\"description\":\"\",\"placeholder\":\"\",\"visible\":true,\"editable\":true},\"list\":{\"label\":\"blocks\",\"searchable\":false,\"sortable\":false}},\"pages\":{\"edit\":{\"label\":\"pages\",\"description\":\"\",\"placeholder\":\"\",\"visible\":true,\"editable\":true,\"mainField\":\"title\"},\"list\":{\"label\":\"pages\",\"searchable\":false,\"sortable\":false}},\"parent\":{\"edit\":{\"label\":\"parent\",\"description\":\"\",\"placeholder\":\"\",\"visible\":true,\"editable\":true,\"mainField\":\"title\"},\"list\":{\"label\":\"parent\",\"searchable\":true,\"sortable\":true}},\"seo\":{\"edit\":{\"label\":\"seo\",\"description\":\"\",\"placeholder\":\"\",\"visible\":true,\"editable\":true},\"list\":{\"label\":\"seo\",\"searchable\":false,\"sortable\":false}},\"sitemap\":{\"edit\":{\"label\":\"sitemap\",\"description\":\"\",\"placeholder\":\"\",\"visible\":true,\"editable\":true},\"list\":{\"label\":\"sitemap\",\"searchable\":false,\"sortable\":false}},\"createdAt\":{\"edit\":{\"label\":\"createdAt\",\"description\":\"\",\"placeholder\":\"\",\"visible\":false,\"editable\":true},\"list\":{\"label\":\"createdAt\",\"searchable\":true,\"sortable\":true}},\"updatedAt\":{\"edit\":{\"label\":\"updatedAt\",\"description\":\"\",\"placeholder\":\"\",\"visible\":false,\"editable\":true},\"list\":{\"label\":\"updatedAt\",\"searchable\":true,\"sortable\":true}}},\"layouts\":{\"list\":[\"id\",\"title\",\"url\",\"pages\"],\"edit\":[[{\"name\":\"title\",\"size\":6},{\"name\":\"url\",\"size\":6}],[{\"name\":\"blocks\",\"size\":12}],[{\"name\":\"pages\",\"size\":6},{\"name\":\"parent\",\"size\":6}],[{\"name\":\"seo\",\"size\":12}],[{\"name\":\"sitemap\",\"size\":12}]]}}','object',NULL,NULL),
	(52,'plugin_content_manager_configuration_content_types::plugin::users-permissions.role','{\"uid\":\"plugin::users-permissions.role\",\"settings\":{\"bulkable\":true,\"filterable\":true,\"searchable\":true,\"pageSize\":10,\"mainField\":\"name\",\"defaultSortBy\":\"name\",\"defaultSortOrder\":\"ASC\"},\"metadatas\":{\"id\":{\"edit\":{},\"list\":{\"label\":\"id\",\"searchable\":true,\"sortable\":true}},\"name\":{\"edit\":{\"label\":\"name\",\"description\":\"\",\"placeholder\":\"\",\"visible\":true,\"editable\":true},\"list\":{\"label\":\"name\",\"searchable\":true,\"sortable\":true}},\"description\":{\"edit\":{\"label\":\"description\",\"description\":\"\",\"placeholder\":\"\",\"visible\":true,\"editable\":true},\"list\":{\"label\":\"description\",\"searchable\":true,\"sortable\":true}},\"type\":{\"edit\":{\"label\":\"type\",\"description\":\"\",\"placeholder\":\"\",\"visible\":true,\"editable\":true},\"list\":{\"label\":\"type\",\"searchable\":true,\"sortable\":true}},\"permissions\":{\"edit\":{\"label\":\"permissions\",\"description\":\"\",\"placeholder\":\"\",\"visible\":true,\"editable\":true,\"mainField\":\"action\"},\"list\":{\"label\":\"permissions\",\"searchable\":false,\"sortable\":false}},\"users\":{\"edit\":{\"label\":\"users\",\"description\":\"\",\"placeholder\":\"\",\"visible\":true,\"editable\":true,\"mainField\":\"username\"},\"list\":{\"label\":\"users\",\"searchable\":false,\"sortable\":false}},\"createdAt\":{\"edit\":{\"label\":\"createdAt\",\"description\":\"\",\"placeholder\":\"\",\"visible\":false,\"editable\":true},\"list\":{\"label\":\"createdAt\",\"searchable\":true,\"sortable\":true}},\"updatedAt\":{\"edit\":{\"label\":\"updatedAt\",\"description\":\"\",\"placeholder\":\"\",\"visible\":false,\"editable\":true},\"list\":{\"label\":\"updatedAt\",\"searchable\":true,\"sortable\":true}}},\"layouts\":{\"list\":[\"id\",\"name\",\"description\",\"type\"],\"edit\":[[{\"name\":\"name\",\"size\":6},{\"name\":\"description\",\"size\":6}],[{\"name\":\"type\",\"size\":6},{\"name\":\"permissions\",\"size\":6}],[{\"name\":\"users\",\"size\":6}]]}}','object',NULL,NULL),
	(53,'plugin_content_manager_configuration_content_types::api::template.template','{\"uid\":\"api::template.template\",\"settings\":{\"bulkable\":true,\"filterable\":true,\"searchable\":true,\"pageSize\":10,\"mainField\":\"title\",\"defaultSortBy\":\"title\",\"defaultSortOrder\":\"ASC\"},\"metadatas\":{\"id\":{\"edit\":{},\"list\":{\"label\":\"id\",\"searchable\":true,\"sortable\":true}},\"title\":{\"edit\":{\"label\":\"title\",\"description\":\"\",\"placeholder\":\"\",\"visible\":true,\"editable\":true},\"list\":{\"label\":\"title\",\"searchable\":true,\"sortable\":true}},\"content\":{\"edit\":{\"label\":\"content\",\"description\":\"\",\"placeholder\":\"\",\"visible\":true,\"editable\":true},\"list\":{\"label\":\"content\",\"searchable\":false,\"sortable\":false}},\"createdAt\":{\"edit\":{\"label\":\"createdAt\",\"description\":\"\",\"placeholder\":\"\",\"visible\":false,\"editable\":true},\"list\":{\"label\":\"createdAt\",\"searchable\":true,\"sortable\":true}},\"updatedAt\":{\"edit\":{\"label\":\"updatedAt\",\"description\":\"\",\"placeholder\":\"\",\"visible\":false,\"editable\":true},\"list\":{\"label\":\"updatedAt\",\"searchable\":true,\"sortable\":true}}},\"layouts\":{\"list\":[\"id\",\"title\",\"createdAt\",\"updatedAt\"],\"edit\":[[{\"name\":\"title\",\"size\":6}],[{\"name\":\"content\",\"size\":12}]]}}','object',NULL,NULL),
	(54,'plugin_content_manager_configuration_content_types::api::web-setting.web-setting','{\"uid\":\"api::web-setting.web-setting\",\"settings\":{\"bulkable\":true,\"filterable\":true,\"searchable\":true,\"pageSize\":10,\"mainField\":\"gtmCode\",\"defaultSortBy\":\"gtmCode\",\"defaultSortOrder\":\"ASC\"},\"metadatas\":{\"id\":{\"edit\":{},\"list\":{\"label\":\"id\",\"searchable\":true,\"sortable\":true}},\"gtmCode\":{\"edit\":{\"label\":\"gtmCode\",\"description\":\"\",\"placeholder\":\"\",\"visible\":true,\"editable\":true},\"list\":{\"label\":\"gtmCode\",\"searchable\":true,\"sortable\":true}},\"facebook\":{\"edit\":{\"label\":\"facebook\",\"description\":\"\",\"placeholder\":\"\",\"visible\":true,\"editable\":true},\"list\":{\"label\":\"facebook\",\"searchable\":true,\"sortable\":true}},\"twitter\":{\"edit\":{\"label\":\"twitter\",\"description\":\"\",\"placeholder\":\"\",\"visible\":true,\"editable\":true},\"list\":{\"label\":\"twitter\",\"searchable\":true,\"sortable\":true}},\"instagram\":{\"edit\":{\"label\":\"instagram\",\"description\":\"\",\"placeholder\":\"\",\"visible\":true,\"editable\":true},\"list\":{\"label\":\"instagram\",\"searchable\":true,\"sortable\":true}},\"pinterest\":{\"edit\":{\"label\":\"pinterest\",\"description\":\"\",\"placeholder\":\"\",\"visible\":true,\"editable\":true},\"list\":{\"label\":\"pinterest\",\"searchable\":true,\"sortable\":true}},\"youtube\":{\"edit\":{\"label\":\"youtube\",\"description\":\"\",\"placeholder\":\"\",\"visible\":true,\"editable\":true},\"list\":{\"label\":\"youtube\",\"searchable\":true,\"sortable\":true}},\"homePage\":{\"edit\":{\"label\":\"homePage\",\"description\":\"\",\"placeholder\":\"\",\"visible\":true,\"editable\":true,\"mainField\":\"title\"},\"list\":{\"label\":\"homePage\",\"searchable\":true,\"sortable\":true}},\"articleDetailPage\":{\"edit\":{\"label\":\"articleDetailPage\",\"description\":\"\",\"placeholder\":\"\",\"visible\":true,\"editable\":true,\"mainField\":\"title\"},\"list\":{\"label\":\"articleDetailPage\",\"searchable\":true,\"sortable\":true}},\"mailFrom\":{\"edit\":{\"label\":\"mailFrom\",\"description\":\"\",\"placeholder\":\"\",\"visible\":true,\"editable\":true},\"list\":{\"label\":\"mailFrom\",\"searchable\":true,\"sortable\":true}},\"mailTo\":{\"edit\":{\"label\":\"mailTo\",\"description\":\"\",\"placeholder\":\"\",\"visible\":true,\"editable\":true},\"list\":{\"label\":\"mailTo\",\"searchable\":true,\"sortable\":true}},\"mailSubject\":{\"edit\":{\"label\":\"mailSubject\",\"description\":\"\",\"placeholder\":\"\",\"visible\":true,\"editable\":true},\"list\":{\"label\":\"mailSubject\",\"searchable\":true,\"sortable\":true}},\"mainMenu\":{\"edit\":{\"label\":\"mainMenu\",\"description\":\"\",\"placeholder\":\"\",\"visible\":true,\"editable\":true,\"mainField\":\"title\"},\"list\":{\"label\":\"mainMenu\",\"searchable\":true,\"sortable\":true}},\"articlesPage\":{\"edit\":{\"label\":\"articlesPage\",\"description\":\"\",\"placeholder\":\"\",\"visible\":true,\"editable\":true,\"mainField\":\"title\"},\"list\":{\"label\":\"articlesPage\",\"searchable\":true,\"sortable\":true}},\"seo\":{\"edit\":{\"label\":\"seo\",\"description\":\"\",\"placeholder\":\"\",\"visible\":true,\"editable\":true},\"list\":{\"label\":\"seo\",\"searchable\":false,\"sortable\":false}},\"footerMenu\":{\"edit\":{\"label\":\"footerMenu\",\"description\":\"\",\"placeholder\":\"\",\"visible\":true,\"editable\":true,\"mainField\":\"title\"},\"list\":{\"label\":\"footerMenu\",\"searchable\":true,\"sortable\":true}},\"createdAt\":{\"edit\":{\"label\":\"createdAt\",\"description\":\"\",\"placeholder\":\"\",\"visible\":false,\"editable\":true},\"list\":{\"label\":\"createdAt\",\"searchable\":true,\"sortable\":true}},\"updatedAt\":{\"edit\":{\"label\":\"updatedAt\",\"description\":\"\",\"placeholder\":\"\",\"visible\":false,\"editable\":true},\"list\":{\"label\":\"updatedAt\",\"searchable\":true,\"sortable\":true}}},\"layouts\":{\"edit\":[[{\"name\":\"gtmCode\",\"size\":6}],[{\"name\":\"facebook\",\"size\":6},{\"name\":\"twitter\",\"size\":6}],[{\"name\":\"instagram\",\"size\":6},{\"name\":\"youtube\",\"size\":6}],[{\"name\":\"homePage\",\"size\":4},{\"name\":\"articlesPage\",\"size\":4},{\"name\":\"articleDetailPage\",\"size\":4}],[{\"name\":\"mainMenu\",\"size\":6},{\"name\":\"footerMenu\",\"size\":6}],[{\"name\":\"mailFrom\",\"size\":4},{\"name\":\"mailTo\",\"size\":4},{\"name\":\"mailSubject\",\"size\":4}],[{\"name\":\"seo\",\"size\":12}]],\"list\":[\"id\",\"gtmCode\",\"facebook\",\"twitter\"]}}','object',NULL,NULL),
	(55,'plugin_content_manager_configuration_content_types::api::redirect.redirect','{\"uid\":\"api::redirect.redirect\",\"settings\":{\"bulkable\":true,\"filterable\":true,\"searchable\":true,\"pageSize\":10,\"mainField\":\"redirectFrom\",\"defaultSortBy\":\"redirectFrom\",\"defaultSortOrder\":\"ASC\"},\"metadatas\":{\"id\":{\"edit\":{},\"list\":{\"label\":\"id\",\"searchable\":true,\"sortable\":true}},\"redirectFrom\":{\"edit\":{\"label\":\"redirectFrom\",\"description\":\"\",\"placeholder\":\"\",\"visible\":true,\"editable\":true},\"list\":{\"label\":\"redirectFrom\",\"searchable\":true,\"sortable\":true}},\"redirectTo\":{\"edit\":{\"label\":\"redirectTo\",\"description\":\"\",\"placeholder\":\"\",\"visible\":true,\"editable\":true},\"list\":{\"label\":\"redirectTo\",\"searchable\":true,\"sortable\":true}},\"statusCode\":{\"edit\":{\"label\":\"statusCode\",\"description\":\"\",\"placeholder\":\"\",\"visible\":true,\"editable\":true},\"list\":{\"label\":\"statusCode\",\"searchable\":true,\"sortable\":true}},\"createdAt\":{\"edit\":{\"label\":\"createdAt\",\"description\":\"\",\"placeholder\":\"\",\"visible\":false,\"editable\":true},\"list\":{\"label\":\"createdAt\",\"searchable\":true,\"sortable\":true}},\"updatedAt\":{\"edit\":{\"label\":\"updatedAt\",\"description\":\"\",\"placeholder\":\"\",\"visible\":false,\"editable\":true},\"list\":{\"label\":\"updatedAt\",\"searchable\":true,\"sortable\":true}}},\"layouts\":{\"list\":[\"id\",\"redirectFrom\",\"redirectTo\",\"statusCode\"],\"edit\":[[{\"name\":\"redirectFrom\",\"size\":6},{\"name\":\"redirectTo\",\"size\":6}],[{\"name\":\"statusCode\",\"size\":6}]]}}','object',NULL,NULL),
	(56,'plugin_content_manager_configuration_content_types::api::system-resource.system-resource','{\"uid\":\"api::system-resource.system-resource\",\"settings\":{\"bulkable\":true,\"filterable\":true,\"searchable\":true,\"pageSize\":10,\"mainField\":\"name\",\"defaultSortBy\":\"name\",\"defaultSortOrder\":\"ASC\"},\"metadatas\":{\"id\":{\"edit\":{},\"list\":{\"label\":\"id\",\"searchable\":true,\"sortable\":true}},\"name\":{\"edit\":{\"label\":\"name\",\"description\":\"\",\"placeholder\":\"\",\"visible\":true,\"editable\":true},\"list\":{\"label\":\"name\",\"searchable\":true,\"sortable\":true}},\"codename\":{\"edit\":{\"label\":\"codename\",\"description\":\"\",\"placeholder\":\"\",\"visible\":true,\"editable\":true},\"list\":{\"label\":\"codename\",\"searchable\":true,\"sortable\":true}},\"value\":{\"edit\":{\"label\":\"value\",\"description\":\"\",\"placeholder\":\"\",\"visible\":true,\"editable\":true},\"list\":{\"label\":\"value\",\"searchable\":true,\"sortable\":true}},\"createdAt\":{\"edit\":{\"label\":\"createdAt\",\"description\":\"\",\"placeholder\":\"\",\"visible\":false,\"editable\":true},\"list\":{\"label\":\"createdAt\",\"searchable\":true,\"sortable\":true}},\"updatedAt\":{\"edit\":{\"label\":\"updatedAt\",\"description\":\"\",\"placeholder\":\"\",\"visible\":false,\"editable\":true},\"list\":{\"label\":\"updatedAt\",\"searchable\":true,\"sortable\":true}}},\"layouts\":{\"list\":[\"id\",\"name\",\"codename\",\"value\"],\"edit\":[[{\"name\":\"name\",\"size\":6},{\"name\":\"codename\",\"size\":6}],[{\"name\":\"value\",\"size\":6}]]}}','object',NULL,NULL),
	(57,'plugin_content_manager_configuration_content_types::api::newsletter-subscriber.newsletter-subscriber','{\"uid\":\"api::newsletter-subscriber.newsletter-subscriber\",\"settings\":{\"bulkable\":true,\"filterable\":true,\"searchable\":true,\"pageSize\":10,\"mainField\":\"id\",\"defaultSortBy\":\"id\",\"defaultSortOrder\":\"ASC\"},\"metadatas\":{\"id\":{\"edit\":{},\"list\":{\"label\":\"id\",\"searchable\":true,\"sortable\":true}},\"email\":{\"edit\":{\"label\":\"email\",\"description\":\"\",\"placeholder\":\"\",\"visible\":true,\"editable\":true},\"list\":{\"label\":\"email\",\"searchable\":true,\"sortable\":true}},\"createdAt\":{\"edit\":{\"label\":\"createdAt\",\"description\":\"\",\"placeholder\":\"\",\"visible\":false,\"editable\":true},\"list\":{\"label\":\"createdAt\",\"searchable\":true,\"sortable\":true}},\"updatedAt\":{\"edit\":{\"label\":\"updatedAt\",\"description\":\"\",\"placeholder\":\"\",\"visible\":false,\"editable\":true},\"list\":{\"label\":\"updatedAt\",\"searchable\":true,\"sortable\":true}}},\"layouts\":{\"list\":[\"id\",\"email\",\"createdAt\",\"updatedAt\"],\"edit\":[[{\"name\":\"email\",\"size\":6}]]}}','object',NULL,NULL),
	(58,'plugin_upload_settings','{\"sizeOptimization\":true,\"responsiveDimensions\":true,\"autoOrientation\":false}','object',NULL,NULL),
	(59,'plugin_upload_view_configuration','{\"pageSize\":10,\"sort\":\"createdAt:DESC\"}','object',NULL,NULL),
	(60,'plugin_upload_metrics','{\"weeklySchedule\":\"12 47 16 * * 6\",\"lastWeeklyUpdate\":1681570032033}','object',NULL,NULL),
	(61,'plugin_i18n_default_locale','\"cs\"','string',NULL,NULL),
	(62,'plugin_users-permissions_grant','{\"email\":{\"enabled\":true,\"icon\":\"envelope\"},\"discord\":{\"enabled\":false,\"icon\":\"discord\",\"key\":\"\",\"secret\":\"\",\"callback\":\"api/auth/discord/callback\",\"scope\":[\"identify\",\"email\"]},\"facebook\":{\"enabled\":false,\"icon\":\"facebook-square\",\"key\":\"\",\"secret\":\"\",\"callback\":\"api/auth/facebook/callback\",\"scope\":[\"email\"]},\"google\":{\"enabled\":false,\"icon\":\"google\",\"key\":\"\",\"secret\":\"\",\"callback\":\"api/auth/google/callback\",\"scope\":[\"email\"]},\"github\":{\"enabled\":false,\"icon\":\"github\",\"key\":\"\",\"secret\":\"\",\"callback\":\"api/auth/github/callback\",\"scope\":[\"user\",\"user:email\"]},\"microsoft\":{\"enabled\":false,\"icon\":\"windows\",\"key\":\"\",\"secret\":\"\",\"callback\":\"api/auth/microsoft/callback\",\"scope\":[\"user.read\"]},\"twitter\":{\"enabled\":false,\"icon\":\"twitter\",\"key\":\"\",\"secret\":\"\",\"callback\":\"api/auth/twitter/callback\"},\"instagram\":{\"enabled\":false,\"icon\":\"instagram\",\"key\":\"\",\"secret\":\"\",\"callback\":\"api/auth/instagram/callback\",\"scope\":[\"user_profile\"]},\"vk\":{\"enabled\":false,\"icon\":\"vk\",\"key\":\"\",\"secret\":\"\",\"callback\":\"api/auth/vk/callback\",\"scope\":[\"email\"]},\"twitch\":{\"enabled\":false,\"icon\":\"twitch\",\"key\":\"\",\"secret\":\"\",\"callback\":\"api/auth/twitch/callback\",\"scope\":[\"user:read:email\"]},\"linkedin\":{\"enabled\":false,\"icon\":\"linkedin\",\"key\":\"\",\"secret\":\"\",\"callback\":\"api/auth/linkedin/callback\",\"scope\":[\"r_liteprofile\",\"r_emailaddress\"]},\"cognito\":{\"enabled\":false,\"icon\":\"aws\",\"key\":\"\",\"secret\":\"\",\"subdomain\":\"my.subdomain.com\",\"callback\":\"api/auth/cognito/callback\",\"scope\":[\"email\",\"openid\",\"profile\"]},\"reddit\":{\"enabled\":false,\"icon\":\"reddit\",\"key\":\"\",\"secret\":\"\",\"state\":true,\"callback\":\"api/auth/reddit/callback\",\"scope\":[\"identity\"]},\"auth0\":{\"enabled\":false,\"icon\":\"\",\"key\":\"\",\"secret\":\"\",\"subdomain\":\"my-tenant.eu\",\"callback\":\"api/auth/auth0/callback\",\"scope\":[\"openid\",\"email\",\"profile\"]},\"cas\":{\"enabled\":false,\"icon\":\"book\",\"key\":\"\",\"secret\":\"\",\"callback\":\"api/auth/cas/callback\",\"scope\":[\"openid email\"],\"subdomain\":\"my.subdomain.com/cas\"},\"patreon\":{\"enabled\":false,\"icon\":\"\",\"key\":\"\",\"secret\":\"\",\"callback\":\"api/auth/patreon/callback\",\"scope\":[\"identity\",\"identity[email]\"]}}','object',NULL,NULL),
	(63,'plugin_users-permissions_email','{\"reset_password\":{\"display\":\"Email.template.reset_password\",\"icon\":\"sync\",\"options\":{\"from\":{\"name\":\"Administration Panel\",\"email\":\"no-reply@strapi.io\"},\"response_email\":\"\",\"object\":\"Reset password\",\"message\":\"<p>We heard that you lost your password. Sorry about that!</p>\\n\\n<p>But dont worry! You can use the following link to reset your password:</p>\\n<p><%= URL %>?code=<%= TOKEN %></p>\\n\\n<p>Thanks.</p>\"}},\"email_confirmation\":{\"display\":\"Email.template.email_confirmation\",\"icon\":\"check-square\",\"options\":{\"from\":{\"name\":\"Administration Panel\",\"email\":\"no-reply@strapi.io\"},\"response_email\":\"\",\"object\":\"Account confirmation\",\"message\":\"<p>Thank you for registering!</p>\\n\\n<p>You have to confirm your email address. Please click on the link below.</p>\\n\\n<p><%= URL %>?confirmation=<%= CODE %></p>\\n\\n<p>Thanks.</p>\"}}}','object',NULL,NULL),
	(64,'plugin_users-permissions_advanced','{\"unique_email\":true,\"allow_register\":true,\"email_confirmation\":false,\"email_reset_password\":null,\"email_confirmation_redirection\":null,\"default_role\":\"authenticated\"}','object',NULL,NULL),
	(65,'core_admin_auth','{\"providers\":{\"autoRegister\":false,\"defaultRole\":null}}','object',NULL,NULL),
	(66,'plugin_tinymce_settings','{\"apiKey\":\"\"}','object',NULL,NULL),
	(67,'plugin_seo_settings','{\"api::article.article\":{\"collectionName\":\"article\",\"seoChecks\":{\"metaTitle\":true,\"metaDescription\":true,\"metaRobots\":true,\"metaSocial\":true,\"wordCount\":true,\"canonicalUrl\":true,\"keywordDensity\":true,\"structuredData\":true,\"alternativeText\":true,\"lastUpdatedAt\":true}},\"api::icon.icon\":{\"collectionName\":\"icon\",\"seoChecks\":{\"metaTitle\":true,\"metaDescription\":true,\"metaRobots\":true,\"metaSocial\":true,\"wordCount\":true,\"canonicalUrl\":true,\"keywordDensity\":true,\"structuredData\":true,\"alternativeText\":true,\"lastUpdatedAt\":true}},\"api::menu.menu\":{\"collectionName\":\"menu\",\"seoChecks\":{\"metaTitle\":true,\"metaDescription\":true,\"metaRobots\":true,\"metaSocial\":true,\"wordCount\":true,\"canonicalUrl\":true,\"keywordDensity\":true,\"structuredData\":true,\"alternativeText\":true,\"lastUpdatedAt\":true}},\"api::message.message\":{\"collectionName\":\"message\",\"seoChecks\":{\"metaTitle\":true,\"metaDescription\":true,\"metaRobots\":true,\"metaSocial\":true,\"wordCount\":true,\"canonicalUrl\":true,\"keywordDensity\":true,\"structuredData\":true,\"alternativeText\":true,\"lastUpdatedAt\":true}},\"api::newsletter-subscriber.newsletter-subscriber\":{\"collectionName\":\"newsletter-subscriber\",\"seoChecks\":{\"metaTitle\":true,\"metaDescription\":true,\"metaRobots\":true,\"metaSocial\":true,\"wordCount\":true,\"canonicalUrl\":true,\"keywordDensity\":true,\"structuredData\":true,\"alternativeText\":true,\"lastUpdatedAt\":true}},\"api::page.page\":{\"collectionName\":\"page\",\"seoChecks\":{\"metaTitle\":true,\"metaDescription\":true,\"metaRobots\":true,\"metaSocial\":true,\"wordCount\":true,\"canonicalUrl\":true,\"keywordDensity\":true,\"structuredData\":true,\"alternativeText\":true,\"lastUpdatedAt\":true}},\"api::redirect.redirect\":{\"collectionName\":\"redirect\",\"seoChecks\":{\"metaTitle\":true,\"metaDescription\":true,\"metaRobots\":true,\"metaSocial\":true,\"wordCount\":true,\"canonicalUrl\":true,\"keywordDensity\":true,\"structuredData\":true,\"alternativeText\":true,\"lastUpdatedAt\":true}},\"api::system-resource.system-resource\":{\"collectionName\":\"system-resource\",\"seoChecks\":{\"metaTitle\":true,\"metaDescription\":true,\"metaRobots\":true,\"metaSocial\":true,\"wordCount\":true,\"canonicalUrl\":true,\"keywordDensity\":true,\"structuredData\":true,\"alternativeText\":true,\"lastUpdatedAt\":true}},\"api::template.template\":{\"collectionName\":\"template\",\"seoChecks\":{\"metaTitle\":true,\"metaDescription\":true,\"metaRobots\":true,\"metaSocial\":true,\"wordCount\":true,\"canonicalUrl\":true,\"keywordDensity\":true,\"structuredData\":true,\"alternativeText\":true,\"lastUpdatedAt\":true}},\"api::web-setting.web-setting\":{\"collectionName\":\"web-setting\",\"seoChecks\":{\"metaTitle\":true,\"metaDescription\":true,\"metaRobots\":true,\"metaSocial\":true,\"wordCount\":true,\"canonicalUrl\":true,\"keywordDensity\":true,\"structuredData\":true,\"alternativeText\":true,\"lastUpdatedAt\":true}}}','object',NULL,NULL);

/*!40000 ALTER TABLE `strapi_core_store_settings` ENABLE KEYS */;
UNLOCK TABLES;


# Dump of table strapi_database_schema
# ------------------------------------------------------------

DROP TABLE IF EXISTS `strapi_database_schema`;

CREATE TABLE `strapi_database_schema` (
  `id` int(10) unsigned NOT NULL AUTO_INCREMENT,
  `schema` longtext CHARACTER SET utf8mb4 COLLATE utf8mb4_bin DEFAULT NULL CHECK (json_valid(`schema`)),
  `time` datetime DEFAULT NULL,
  `hash` varchar(255) DEFAULT NULL,
  PRIMARY KEY (`id`)
) ENGINE=InnoDB DEFAULT CHARSET=utf8mb4;

LOCK TABLES `strapi_database_schema` WRITE;
/*!40000 ALTER TABLE `strapi_database_schema` DISABLE KEYS */;

INSERT INTO `strapi_database_schema` (`id`, `schema`, `time`, `hash`)
VALUES
	(2,X'7B227461626C6573223A5B7B226E616D65223A227374726170695F636F72655F73746F72655F73657474696E6773222C22696E6465786573223A5B5D2C22666F726569676E4B657973223A5B5D2C22636F6C756D6E73223A5B7B226E616D65223A226964222C2274797065223A22696E6372656D656E7473222C2261726773223A5B7B227072696D617279223A747275652C227072696D6172794B6579223A747275657D5D2C2264656661756C74546F223A6E756C6C2C226E6F744E756C6C61626C65223A747275652C22756E7369676E6564223A66616C73657D2C7B226E616D65223A226B6579222C2274797065223A22737472696E67222C2261726773223A5B5D2C2264656661756C74546F223A6E756C6C2C226E6F744E756C6C61626C65223A66616C73652C22756E7369676E6564223A66616C73657D2C7B226E616D65223A2276616C7565222C2274797065223A2274657874222C2261726773223A5B226C6F6E6774657874225D2C2264656661756C74546F223A6E756C6C2C226E6F744E756C6C61626C65223A66616C73652C22756E7369676E6564223A66616C73657D2C7B226E616D65223A2274797065222C2274797065223A22737472696E67222C2261726773223A5B5D2C2264656661756C74546F223A6E756C6C2C226E6F744E756C6C61626C65223A66616C73652C22756E7369676E6564223A66616C73657D2C7B226E616D65223A22656E7669726F6E6D656E74222C2274797065223A22737472696E67222C2261726773223A5B5D2C2264656661756C74546F223A6E756C6C2C226E6F744E756C6C61626C65223A66616C73652C22756E7369676E6564223A66616C73657D2C7B226E616D65223A22746167222C2274797065223A22737472696E67222C2261726773223A5B5D2C2264656661756C74546F223A6E756C6C2C226E6F744E756C6C61626C65223A66616C73652C22756E7369676E6564223A66616C73657D5D7D2C7B226E616D65223A227374726170695F776562686F6F6B73222C22696E6465786573223A5B5D2C22666F726569676E4B657973223A5B5D2C22636F6C756D6E73223A5B7B226E616D65223A226964222C2274797065223A22696E6372656D656E7473222C2261726773223A5B7B227072696D617279223A747275652C227072696D6172794B6579223A747275657D5D2C2264656661756C74546F223A6E756C6C2C226E6F744E756C6C61626C65223A747275652C22756E7369676E6564223A66616C73657D2C7B226E616D65223A226E616D65222C2274797065223A22737472696E67222C2261726773223A5B5D2C2264656661756C74546F223A6E756C6C2C226E6F744E756C6C61626C65223A66616C73652C22756E7369676E6564223A66616C73657D2C7B226E616D65223A2275726C222C2274797065223A2274657874222C2261726773223A5B226C6F6E6774657874225D2C2264656661756C74546F223A6E756C6C2C226E6F744E756C6C61626C65223A66616C73652C22756E7369676E6564223A66616C73657D2C7B226E616D65223A2268656164657273222C2274797065223A226A736F6E62222C2261726773223A5B5D2C2264656661756C74546F223A6E756C6C2C226E6F744E756C6C61626C65223A66616C73652C22756E7369676E6564223A66616C73657D2C7B226E616D65223A226576656E7473222C2274797065223A226A736F6E62222C2261726773223A5B5D2C2264656661756C74546F223A6E756C6C2C226E6F744E756C6C61626C65223A66616C73652C22756E7369676E6564223A66616C73657D2C7B226E616D65223A22656E61626C6564222C2274797065223A22626F6F6C65616E222C2261726773223A5B5D2C2264656661756C74546F223A6E756C6C2C226E6F744E756C6C61626C65223A66616C73652C22756E7369676E6564223A66616C73657D5D7D2C7B226E616D65223A2261646D696E5F7065726D697373696F6E73222C22696E6465786573223A5B7B226E616D65223A2261646D696E5F7065726D697373696F6E735F637265617465645F62795F69645F666B222C22636F6C756D6E73223A5B22637265617465645F62795F6964225D7D2C7B226E616D65223A2261646D696E5F7065726D697373696F6E735F757064617465645F62795F69645F666B222C22636F6C756D6E73223A5B22757064617465645F62795F6964225D7D5D2C22666F726569676E4B657973223A5B7B226E616D65223A2261646D696E5F7065726D697373696F6E735F637265617465645F62795F69645F666B222C22636F6C756D6E73223A5B22637265617465645F62795F6964225D2C227265666572656E6365645461626C65223A2261646D696E5F7573657273222C227265666572656E636564436F6C756D6E73223A5B226964225D2C226F6E44656C657465223A22534554204E554C4C227D2C7B226E616D65223A2261646D696E5F7065726D697373696F6E735F757064617465645F62795F69645F666B222C22636F6C756D6E73223A5B22757064617465645F62795F6964225D2C227265666572656E6365645461626C65223A2261646D696E5F7573657273222C227265666572656E636564436F6C756D6E73223A5B226964225D2C226F6E44656C657465223A22534554204E554C4C227D5D2C22636F6C756D6E73223A5B7B226E616D65223A226964222C2274797065223A22696E6372656D656E7473222C2261726773223A5B7B227072696D617279223A747275652C227072696D6172794B6579223A747275657D5D2C2264656661756C74546F223A6E756C6C2C226E6F744E756C6C61626C65223A747275652C22756E7369676E6564223A66616C73657D2C7B226E616D65223A22616374696F6E222C2274797065223A22737472696E67222C2261726773223A5B5D2C2264656661756C74546F223A6E756C6C2C226E6F744E756C6C61626C65223A66616C73652C22756E7369676E6564223A66616C73657D2C7B226E616D65223A227375626A656374222C2274797065223A22737472696E67222C2261726773223A5B5D2C2264656661756C74546F223A6E756C6C2C226E6F744E756C6C61626C65223A66616C73652C22756E7369676E6564223A66616C73657D2C7B226E616D65223A2270726F70657274696573222C2274797065223A226A736F6E62222C2261726773223A5B5D2C2264656661756C74546F223A6E756C6C2C226E6F744E756C6C61626C65223A66616C73652C22756E7369676E6564223A66616C73657D2C7B226E616D65223A22636F6E646974696F6E73222C2274797065223A226A736F6E62222C2261726773223A5B5D2C2264656661756C74546F223A6E756C6C2C226E6F744E756C6C61626C65223A66616C73652C22756E7369676E6564223A66616C73657D2C7B226E616D65223A22637265617465645F6174222C2274797065223A226461746574696D65222C2261726773223A5B7B22757365547A223A66616C73652C22707265636973696F6E223A367D5D2C2264656661756C74546F223A6E756C6C2C226E6F744E756C6C61626C65223A66616C73652C22756E7369676E6564223A66616C73657D2C7B226E616D65223A22757064617465645F6174222C2274797065223A226461746574696D65222C2261726773223A5B7B22757365547A223A66616C73652C22707265636973696F6E223A367D5D2C2264656661756C74546F223A6E756C6C2C226E6F744E756C6C61626C65223A66616C73652C22756E7369676E6564223A66616C73657D2C7B226E616D65223A22637265617465645F62795F6964222C2274797065223A22696E7465676572222C2261726773223A5B5D2C2264656661756C74546F223A6E756C6C2C226E6F744E756C6C61626C65223A66616C73652C22756E7369676E6564223A747275657D2C7B226E616D65223A22757064617465645F62795F6964222C2274797065223A22696E7465676572222C2261726773223A5B5D2C2264656661756C74546F223A6E756C6C2C226E6F744E756C6C61626C65223A66616C73652C22756E7369676E6564223A747275657D5D7D2C7B226E616D65223A2261646D696E5F7573657273222C22696E6465786573223A5B7B226E616D65223A2261646D696E5F75736572735F637265617465645F62795F69645F666B222C22636F6C756D6E73223A5B22637265617465645F62795F6964225D7D2C7B226E616D65223A2261646D696E5F75736572735F757064617465645F62795F69645F666B222C22636F6C756D6E73223A5B22757064617465645F62795F6964225D7D5D2C22666F726569676E4B657973223A5B7B226E616D65223A2261646D696E5F75736572735F637265617465645F62795F69645F666B222C22636F6C756D6E73223A5B22637265617465645F62795F6964225D2C227265666572656E6365645461626C65223A2261646D696E5F7573657273222C227265666572656E636564436F6C756D6E73223A5B226964225D2C226F6E44656C657465223A22534554204E554C4C227D2C7B226E616D65223A2261646D696E5F75736572735F757064617465645F62795F69645F666B222C22636F6C756D6E73223A5B22757064617465645F62795F6964225D2C227265666572656E6365645461626C65223A2261646D696E5F7573657273222C227265666572656E636564436F6C756D6E73223A5B226964225D2C226F6E44656C657465223A22534554204E554C4C227D5D2C22636F6C756D6E73223A5B7B226E616D65223A226964222C2274797065223A22696E6372656D656E7473222C2261726773223A5B7B227072696D617279223A747275652C227072696D6172794B6579223A747275657D5D2C2264656661756C74546F223A6E756C6C2C226E6F744E756C6C61626C65223A747275652C22756E7369676E6564223A66616C73657D2C7B226E616D65223A2266697273746E616D65222C2274797065223A22737472696E67222C2261726773223A5B5D2C2264656661756C74546F223A6E756C6C2C226E6F744E756C6C61626C65223A66616C73652C22756E7369676E6564223A66616C73657D2C7B226E616D65223A226C6173746E616D65222C2274797065223A22737472696E67222C2261726773223A5B5D2C2264656661756C74546F223A6E756C6C2C226E6F744E756C6C61626C65223A66616C73652C22756E7369676E6564223A66616C73657D2C7B226E616D65223A22757365726E616D65222C2274797065223A22737472696E67222C2261726773223A5B5D2C2264656661756C74546F223A6E756C6C2C226E6F744E756C6C61626C65223A66616C73652C22756E7369676E6564223A66616C73657D2C7B226E616D65223A22656D61696C222C2274797065223A22737472696E67222C2261726773223A5B5D2C2264656661756C74546F223A6E756C6C2C226E6F744E756C6C61626C65223A66616C73652C22756E7369676E6564223A66616C73657D2C7B226E616D65223A2270617373776F7264222C2274797065223A22737472696E67222C2261726773223A5B5D2C2264656661756C74546F223A6E756C6C2C226E6F744E756C6C61626C65223A66616C73652C22756E7369676E6564223A66616C73657D2C7B226E616D65223A2272657365745F70617373776F72645F746F6B656E222C2274797065223A22737472696E67222C2261726773223A5B5D2C2264656661756C74546F223A6E756C6C2C226E6F744E756C6C61626C65223A66616C73652C22756E7369676E6564223A66616C73657D2C7B226E616D65223A22726567697374726174696F6E5F746F6B656E222C2274797065223A22737472696E67222C2261726773223A5B5D2C2264656661756C74546F223A6E756C6C2C226E6F744E756C6C61626C65223A66616C73652C22756E7369676E6564223A66616C73657D2C7B226E616D65223A2269735F616374697665222C2274797065223A22626F6F6C65616E222C2261726773223A5B5D2C2264656661756C74546F223A6E756C6C2C226E6F744E756C6C61626C65223A66616C73652C22756E7369676E6564223A66616C73657D2C7B226E616D65223A22626C6F636B6564222C2274797065223A22626F6F6C65616E222C2261726773223A5B5D2C2264656661756C74546F223A6E756C6C2C226E6F744E756C6C61626C65223A66616C73652C22756E7369676E6564223A66616C73657D2C7B226E616D65223A2270726566657265645F6C616E6775616765222C2274797065223A22737472696E67222C2261726773223A5B5D2C2264656661756C74546F223A6E756C6C2C226E6F744E756C6C61626C65223A66616C73652C22756E7369676E6564223A66616C73657D2C7B226E616D65223A22637265617465645F6174222C2274797065223A226461746574696D65222C2261726773223A5B7B22757365547A223A66616C73652C22707265636973696F6E223A367D5D2C2264656661756C74546F223A6E756C6C2C226E6F744E756C6C61626C65223A66616C73652C22756E7369676E6564223A66616C73657D2C7B226E616D65223A22757064617465645F6174222C2274797065223A226461746574696D65222C2261726773223A5B7B22757365547A223A66616C73652C22707265636973696F6E223A367D5D2C2264656661756C74546F223A6E756C6C2C226E6F744E756C6C61626C65223A66616C73652C22756E7369676E6564223A66616C73657D2C7B226E616D65223A22637265617465645F62795F6964222C2274797065223A22696E7465676572222C2261726773223A5B5D2C2264656661756C74546F223A6E756C6C2C226E6F744E756C6C61626C65223A66616C73652C22756E7369676E6564223A747275657D2C7B226E616D65223A22757064617465645F62795F6964222C2274797065223A22696E7465676572222C2261726773223A5B5D2C2264656661756C74546F223A6E756C6C2C226E6F744E756C6C61626C65223A66616C73652C22756E7369676E6564223A747275657D5D7D2C7B226E616D65223A2261646D696E5F726F6C6573222C22696E6465786573223A5B7B226E616D65223A2261646D696E5F726F6C65735F637265617465645F62795F69645F666B222C22636F6C756D6E73223A5B22637265617465645F62795F6964225D7D2C7B226E616D65223A2261646D696E5F726F6C65735F757064617465645F62795F69645F666B222C22636F6C756D6E73223A5B22757064617465645F62795F6964225D7D5D2C22666F726569676E4B657973223A5B7B226E616D65223A2261646D696E5F726F6C65735F637265617465645F62795F69645F666B222C22636F6C756D6E73223A5B22637265617465645F62795F6964225D2C227265666572656E6365645461626C65223A2261646D696E5F7573657273222C227265666572656E636564436F6C756D6E73223A5B226964225D2C226F6E44656C657465223A22534554204E554C4C227D2C7B226E616D65223A2261646D696E5F726F6C65735F757064617465645F62795F69645F666B222C22636F6C756D6E73223A5B22757064617465645F62795F6964225D2C227265666572656E6365645461626C65223A2261646D696E5F7573657273222C227265666572656E636564436F6C756D6E73223A5B226964225D2C226F6E44656C657465223A22534554204E554C4C227D5D2C22636F6C756D6E73223A5B7B226E616D65223A226964222C2274797065223A22696E6372656D656E7473222C2261726773223A5B7B227072696D617279223A747275652C227072696D6172794B6579223A747275657D5D2C2264656661756C74546F223A6E756C6C2C226E6F744E756C6C61626C65223A747275652C22756E7369676E6564223A66616C73657D2C7B226E616D65223A226E616D65222C2274797065223A22737472696E67222C2261726773223A5B5D2C2264656661756C74546F223A6E756C6C2C226E6F744E756C6C61626C65223A66616C73652C22756E7369676E6564223A66616C73657D2C7B226E616D65223A22636F6465222C2274797065223A22737472696E67222C2261726773223A5B5D2C2264656661756C74546F223A6E756C6C2C226E6F744E756C6C61626C65223A66616C73652C22756E7369676E6564223A66616C73657D2C7B226E616D65223A226465736372697074696F6E222C2274797065223A22737472696E67222C2261726773223A5B5D2C2264656661756C74546F223A6E756C6C2C226E6F744E756C6C61626C65223A66616C73652C22756E7369676E6564223A66616C73657D2C7B226E616D65223A22637265617465645F6174222C2274797065223A226461746574696D65222C2261726773223A5B7B22757365547A223A66616C73652C22707265636973696F6E223A367D5D2C2264656661756C74546F223A6E756C6C2C226E6F744E756C6C61626C65223A66616C73652C22756E7369676E6564223A66616C73657D2C7B226E616D65223A22757064617465645F6174222C2274797065223A226461746574696D65222C2261726773223A5B7B22757365547A223A66616C73652C22707265636973696F6E223A367D5D2C2264656661756C74546F223A6E756C6C2C226E6F744E756C6C61626C65223A66616C73652C22756E7369676E6564223A66616C73657D2C7B226E616D65223A22637265617465645F62795F6964222C2274797065223A22696E7465676572222C2261726773223A5B5D2C2264656661756C74546F223A6E756C6C2C226E6F744E756C6C61626C65223A66616C73652C22756E7369676E6564223A747275657D2C7B226E616D65223A22757064617465645F62795F6964222C2274797065223A22696E7465676572222C2261726773223A5B5D2C2264656661756C74546F223A6E756C6C2C226E6F744E756C6C61626C65223A66616C73652C22756E7369676E6564223A747275657D5D7D2C7B226E616D65223A227374726170695F6170695F746F6B656E73222C22696E6465786573223A5B7B226E616D65223A227374726170695F6170695F746F6B656E735F637265617465645F62795F69645F666B222C22636F6C756D6E73223A5B22637265617465645F62795F6964225D7D2C7B226E616D65223A227374726170695F6170695F746F6B656E735F757064617465645F62795F69645F666B222C22636F6C756D6E73223A5B22757064617465645F62795F6964225D7D5D2C22666F726569676E4B657973223A5B7B226E616D65223A227374726170695F6170695F746F6B656E735F637265617465645F62795F69645F666B222C22636F6C756D6E73223A5B22637265617465645F62795F6964225D2C227265666572656E6365645461626C65223A2261646D696E5F7573657273222C227265666572656E636564436F6C756D6E73223A5B226964225D2C226F6E44656C657465223A22534554204E554C4C227D2C7B226E616D65223A227374726170695F6170695F746F6B656E735F757064617465645F62795F69645F666B222C22636F6C756D6E73223A5B22757064617465645F62795F6964225D2C227265666572656E6365645461626C65223A2261646D696E5F7573657273222C227265666572656E636564436F6C756D6E73223A5B226964225D2C226F6E44656C657465223A22534554204E554C4C227D5D2C22636F6C756D6E73223A5B7B226E616D65223A226964222C2274797065223A22696E6372656D656E7473222C2261726773223A5B7B227072696D617279223A747275652C227072696D6172794B6579223A747275657D5D2C2264656661756C74546F223A6E756C6C2C226E6F744E756C6C61626C65223A747275652C22756E7369676E6564223A66616C73657D2C7B226E616D65223A226E616D65222C2274797065223A22737472696E67222C2261726773223A5B5D2C2264656661756C74546F223A6E756C6C2C226E6F744E756C6C61626C65223A66616C73652C22756E7369676E6564223A66616C73657D2C7B226E616D65223A226465736372697074696F6E222C2274797065223A22737472696E67222C2261726773223A5B5D2C2264656661756C74546F223A6E756C6C2C226E6F744E756C6C61626C65223A66616C73652C22756E7369676E6564223A66616C73657D2C7B226E616D65223A2274797065222C2274797065223A22737472696E67222C2261726773223A5B5D2C2264656661756C74546F223A6E756C6C2C226E6F744E756C6C61626C65223A66616C73652C22756E7369676E6564223A66616C73657D2C7B226E616D65223A226163636573735F6B6579222C2274797065223A22737472696E67222C2261726773223A5B5D2C2264656661756C74546F223A6E756C6C2C226E6F744E756C6C61626C65223A66616C73652C22756E7369676E6564223A66616C73657D2C7B226E616D65223A226C6173745F757365645F6174222C2274797065223A226461746574696D65222C2261726773223A5B7B22757365547A223A66616C73652C22707265636973696F6E223A367D5D2C2264656661756C74546F223A6E756C6C2C226E6F744E756C6C61626C65223A66616C73652C22756E7369676E6564223A66616C73657D2C7B226E616D65223A22657870697265735F6174222C2274797065223A226461746574696D65222C2261726773223A5B7B22757365547A223A66616C73652C22707265636973696F6E223A367D5D2C2264656661756C74546F223A6E756C6C2C226E6F744E756C6C61626C65223A66616C73652C22756E7369676E6564223A66616C73657D2C7B226E616D65223A226C6966657370616E222C2274797065223A22626967496E7465676572222C2261726773223A5B5D2C2264656661756C74546F223A6E756C6C2C226E6F744E756C6C61626C65223A66616C73652C22756E7369676E6564223A66616C73657D2C7B226E616D65223A22637265617465645F6174222C2274797065223A226461746574696D65222C2261726773223A5B7B22757365547A223A66616C73652C22707265636973696F6E223A367D5D2C2264656661756C74546F223A6E756C6C2C226E6F744E756C6C61626C65223A66616C73652C22756E7369676E6564223A66616C73657D2C7B226E616D65223A22757064617465645F6174222C2274797065223A226461746574696D65222C2261726773223A5B7B22757365547A223A66616C73652C22707265636973696F6E223A367D5D2C2264656661756C74546F223A6E756C6C2C226E6F744E756C6C61626C65223A66616C73652C22756E7369676E6564223A66616C73657D2C7B226E616D65223A22637265617465645F62795F6964222C2274797065223A22696E7465676572222C2261726773223A5B5D2C2264656661756C74546F223A6E756C6C2C226E6F744E756C6C61626C65223A66616C73652C22756E7369676E6564223A747275657D2C7B226E616D65223A22757064617465645F62795F6964222C2274797065223A22696E7465676572222C2261726773223A5B5D2C2264656661756C74546F223A6E756C6C2C226E6F744E756C6C61626C65223A66616C73652C22756E7369676E6564223A747275657D5D7D2C7B226E616D65223A227374726170695F6170695F746F6B656E5F7065726D697373696F6E73222C22696E6465786573223A5B7B226E616D65223A227374726170695F6170695F746F6B656E5F7065726D697373696F6E735F637265617465645F62795F69645F666B222C22636F6C756D6E73223A5B22637265617465645F62795F6964225D7D2C7B226E616D65223A227374726170695F6170695F746F6B656E5F7065726D697373696F6E735F757064617465645F62795F69645F666B222C22636F6C756D6E73223A5B22757064617465645F62795F6964225D7D5D2C22666F726569676E4B657973223A5B7B226E616D65223A227374726170695F6170695F746F6B656E5F7065726D697373696F6E735F637265617465645F62795F69645F666B222C22636F6C756D6E73223A5B22637265617465645F62795F6964225D2C227265666572656E6365645461626C65223A2261646D696E5F7573657273222C227265666572656E636564436F6C756D6E73223A5B226964225D2C226F6E44656C657465223A22534554204E554C4C227D2C7B226E616D65223A227374726170695F6170695F746F6B656E5F7065726D697373696F6E735F757064617465645F62795F69645F666B222C22636F6C756D6E73223A5B22757064617465645F62795F6964225D2C227265666572656E6365645461626C65223A2261646D696E5F7573657273222C227265666572656E636564436F6C756D6E73223A5B226964225D2C226F6E44656C657465223A22534554204E554C4C227D5D2C22636F6C756D6E73223A5B7B226E616D65223A226964222C2274797065223A22696E6372656D656E7473222C2261726773223A5B7B227072696D617279223A747275652C227072696D6172794B6579223A747275657D5D2C2264656661756C74546F223A6E756C6C2C226E6F744E756C6C61626C65223A747275652C22756E7369676E6564223A66616C73657D2C7B226E616D65223A22616374696F6E222C2274797065223A22737472696E67222C2261726773223A5B5D2C2264656661756C74546F223A6E756C6C2C226E6F744E756C6C61626C65223A66616C73652C22756E7369676E6564223A66616C73657D2C7B226E616D65223A22637265617465645F6174222C2274797065223A226461746574696D65222C2261726773223A5B7B22757365547A223A66616C73652C22707265636973696F6E223A367D5D2C2264656661756C74546F223A6E756C6C2C226E6F744E756C6C61626C65223A66616C73652C22756E7369676E6564223A66616C73657D2C7B226E616D65223A22757064617465645F6174222C2274797065223A226461746574696D65222C2261726773223A5B7B22757365547A223A66616C73652C22707265636973696F6E223A367D5D2C2264656661756C74546F223A6E756C6C2C226E6F744E756C6C61626C65223A66616C73652C22756E7369676E6564223A66616C73657D2C7B226E616D65223A22637265617465645F62795F6964222C2274797065223A22696E7465676572222C2261726773223A5B5D2C2264656661756C74546F223A6E756C6C2C226E6F744E756C6C61626C65223A66616C73652C22756E7369676E6564223A747275657D2C7B226E616D65223A22757064617465645F62795F6964222C2274797065223A22696E7465676572222C2261726773223A5B5D2C2264656661756C74546F223A6E756C6C2C226E6F744E756C6C61626C65223A66616C73652C22756E7369676E6564223A747275657D5D7D2C7B226E616D65223A227374726170695F7472616E736665725F746F6B656E73222C22696E6465786573223A5B7B226E616D65223A227374726170695F7472616E736665725F746F6B656E735F637265617465645F62795F69645F666B222C22636F6C756D6E73223A5B22637265617465645F62795F6964225D7D2C7B226E616D65223A227374726170695F7472616E736665725F746F6B656E735F757064617465645F62795F69645F666B222C22636F6C756D6E73223A5B22757064617465645F62795F6964225D7D5D2C22666F726569676E4B657973223A5B7B226E616D65223A227374726170695F7472616E736665725F746F6B656E735F637265617465645F62795F69645F666B222C22636F6C756D6E73223A5B22637265617465645F62795F6964225D2C227265666572656E6365645461626C65223A2261646D696E5F7573657273222C227265666572656E636564436F6C756D6E73223A5B226964225D2C226F6E44656C657465223A22534554204E554C4C227D2C7B226E616D65223A227374726170695F7472616E736665725F746F6B656E735F757064617465645F62795F69645F666B222C22636F6C756D6E73223A5B22757064617465645F62795F6964225D2C227265666572656E6365645461626C65223A2261646D696E5F7573657273222C227265666572656E636564436F6C756D6E73223A5B226964225D2C226F6E44656C657465223A22534554204E554C4C227D5D2C22636F6C756D6E73223A5B7B226E616D65223A226964222C2274797065223A22696E6372656D656E7473222C2261726773223A5B7B227072696D617279223A747275652C227072696D6172794B6579223A747275657D5D2C2264656661756C74546F223A6E756C6C2C226E6F744E756C6C61626C65223A747275652C22756E7369676E6564223A66616C73657D2C7B226E616D65223A226E616D65222C2274797065223A22737472696E67222C2261726773223A5B5D2C2264656661756C74546F223A6E756C6C2C226E6F744E756C6C61626C65223A66616C73652C22756E7369676E6564223A66616C73657D2C7B226E616D65223A226465736372697074696F6E222C2274797065223A22737472696E67222C2261726773223A5B5D2C2264656661756C74546F223A6E756C6C2C226E6F744E756C6C61626C65223A66616C73652C22756E7369676E6564223A66616C73657D2C7B226E616D65223A226163636573735F6B6579222C2274797065223A22737472696E67222C2261726773223A5B5D2C2264656661756C74546F223A6E756C6C2C226E6F744E756C6C61626C65223A66616C73652C22756E7369676E6564223A66616C73657D2C7B226E616D65223A226C6173745F757365645F6174222C2274797065223A226461746574696D65222C2261726773223A5B7B22757365547A223A66616C73652C22707265636973696F6E223A367D5D2C2264656661756C74546F223A6E756C6C2C226E6F744E756C6C61626C65223A66616C73652C22756E7369676E6564223A66616C73657D2C7B226E616D65223A22657870697265735F6174222C2274797065223A226461746574696D65222C2261726773223A5B7B22757365547A223A66616C73652C22707265636973696F6E223A367D5D2C2264656661756C74546F223A6E756C6C2C226E6F744E756C6C61626C65223A66616C73652C22756E7369676E6564223A66616C73657D2C7B226E616D65223A226C6966657370616E222C2274797065223A22626967496E7465676572222C2261726773223A5B5D2C2264656661756C74546F223A6E756C6C2C226E6F744E756C6C61626C65223A66616C73652C22756E7369676E6564223A66616C73657D2C7B226E616D65223A22637265617465645F6174222C2274797065223A226461746574696D65222C2261726773223A5B7B22757365547A223A66616C73652C22707265636973696F6E223A367D5D2C2264656661756C74546F223A6E756C6C2C226E6F744E756C6C61626C65223A66616C73652C22756E7369676E6564223A66616C73657D2C7B226E616D65223A22757064617465645F6174222C2274797065223A226461746574696D65222C2261726773223A5B7B22757365547A223A66616C73652C22707265636973696F6E223A367D5D2C2264656661756C74546F223A6E756C6C2C226E6F744E756C6C61626C65223A66616C73652C22756E7369676E6564223A66616C73657D2C7B226E616D65223A22637265617465645F62795F6964222C2274797065223A22696E7465676572222C2261726773223A5B5D2C2264656661756C74546F223A6E756C6C2C226E6F744E756C6C61626C65223A66616C73652C22756E7369676E6564223A747275657D2C7B226E616D65223A22757064617465645F62795F6964222C2274797065223A22696E7465676572222C2261726773223A5B5D2C2264656661756C74546F223A6E756C6C2C226E6F744E756C6C61626C65223A66616C73652C22756E7369676E6564223A747275657D5D7D2C7B226E616D65223A227374726170695F7472616E736665725F746F6B656E5F7065726D697373696F6E73222C22696E6465786573223A5B7B226E616D65223A227374726170695F7472616E736665725F746F6B656E5F7065726D697373696F6E735F637265617465645F62795F69645F666B222C22636F6C756D6E73223A5B22637265617465645F62795F6964225D7D2C7B226E616D65223A227374726170695F7472616E736665725F746F6B656E5F7065726D697373696F6E735F757064617465645F62795F69645F666B222C22636F6C756D6E73223A5B22757064617465645F62795F6964225D7D5D2C22666F726569676E4B657973223A5B7B226E616D65223A227374726170695F7472616E736665725F746F6B656E5F7065726D697373696F6E735F637265617465645F62795F69645F666B222C22636F6C756D6E73223A5B22637265617465645F62795F6964225D2C227265666572656E6365645461626C65223A2261646D696E5F7573657273222C227265666572656E636564436F6C756D6E73223A5B226964225D2C226F6E44656C657465223A22534554204E554C4C227D2C7B226E616D65223A227374726170695F7472616E736665725F746F6B656E5F7065726D697373696F6E735F757064617465645F62795F69645F666B222C22636F6C756D6E73223A5B22757064617465645F62795F6964225D2C227265666572656E6365645461626C65223A2261646D696E5F7573657273222C227265666572656E636564436F6C756D6E73223A5B226964225D2C226F6E44656C657465223A22534554204E554C4C227D5D2C22636F6C756D6E73223A5B7B226E616D65223A226964222C2274797065223A22696E6372656D656E7473222C2261726773223A5B7B227072696D617279223A747275652C227072696D6172794B6579223A747275657D5D2C2264656661756C74546F223A6E756C6C2C226E6F744E756C6C61626C65223A747275652C22756E7369676E6564223A66616C73657D2C7B226E616D65223A22616374696F6E222C2274797065223A22737472696E67222C2261726773223A5B5D2C2264656661756C74546F223A6E756C6C2C226E6F744E756C6C61626C65223A66616C73652C22756E7369676E6564223A66616C73657D2C7B226E616D65223A22637265617465645F6174222C2274797065223A226461746574696D65222C2261726773223A5B7B22757365547A223A66616C73652C22707265636973696F6E223A367D5D2C2264656661756C74546F223A6E756C6C2C226E6F744E756C6C61626C65223A66616C73652C22756E7369676E6564223A66616C73657D2C7B226E616D65223A22757064617465645F6174222C2274797065223A226461746574696D65222C2261726773223A5B7B22757365547A223A66616C73652C22707265636973696F6E223A367D5D2C2264656661756C74546F223A6E756C6C2C226E6F744E756C6C61626C65223A66616C73652C22756E7369676E6564223A66616C73657D2C7B226E616D65223A22637265617465645F62795F6964222C2274797065223A22696E7465676572222C2261726773223A5B5D2C2264656661756C74546F223A6E756C6C2C226E6F744E756C6C61626C65223A66616C73652C22756E7369676E6564223A747275657D2C7B226E616D65223A22757064617465645F62795F6964222C2274797065223A22696E7465676572222C2261726773223A5B5D2C2264656661756C74546F223A6E756C6C2C226E6F744E756C6C61626C65223A66616C73652C22756E7369676E6564223A747275657D5D7D2C7B226E616D65223A2266696C6573222C22696E6465786573223A5B7B226E616D65223A2275706C6F61645F66696C65735F666F6C6465725F706174685F696E646578222C22636F6C756D6E73223A5B22666F6C6465725F70617468225D2C2274797065223A6E756C6C7D2C7B226E616D65223A2275706C6F61645F66696C65735F637265617465645F61745F696E646578222C22636F6C756D6E73223A5B22637265617465645F6174225D2C2274797065223A6E756C6C7D2C7B226E616D65223A2275706C6F61645F66696C65735F757064617465645F61745F696E646578222C22636F6C756D6E73223A5B22757064617465645F6174225D2C2274797065223A6E756C6C7D2C7B226E616D65223A2275706C6F61645F66696C65735F6E616D655F696E646578222C22636F6C756D6E73223A5B226E616D65225D2C2274797065223A6E756C6C7D2C7B226E616D65223A2275706C6F61645F66696C65735F73697A655F696E646578222C22636F6C756D6E73223A5B2273697A65225D2C2274797065223A6E756C6C7D2C7B226E616D65223A2275706C6F61645F66696C65735F6578745F696E646578222C22636F6C756D6E73223A5B22657874225D2C2274797065223A6E756C6C7D2C7B226E616D65223A2266696C65735F637265617465645F62795F69645F666B222C22636F6C756D6E73223A5B22637265617465645F62795F6964225D7D2C7B226E616D65223A2266696C65735F757064617465645F62795F69645F666B222C22636F6C756D6E73223A5B22757064617465645F62795F6964225D7D5D2C22666F726569676E4B657973223A5B7B226E616D65223A2266696C65735F637265617465645F62795F69645F666B222C22636F6C756D6E73223A5B22637265617465645F62795F6964225D2C227265666572656E6365645461626C65223A2261646D696E5F7573657273222C227265666572656E636564436F6C756D6E73223A5B226964225D2C226F6E44656C657465223A22534554204E554C4C227D2C7B226E616D65223A2266696C65735F757064617465645F62795F69645F666B222C22636F6C756D6E73223A5B22757064617465645F62795F6964225D2C227265666572656E6365645461626C65223A2261646D696E5F7573657273222C227265666572656E636564436F6C756D6E73223A5B226964225D2C226F6E44656C657465223A22534554204E554C4C227D5D2C22636F6C756D6E73223A5B7B226E616D65223A226964222C2274797065223A22696E6372656D656E7473222C2261726773223A5B7B227072696D617279223A747275652C227072696D6172794B6579223A747275657D5D2C2264656661756C74546F223A6E756C6C2C226E6F744E756C6C61626C65223A747275652C22756E7369676E6564223A66616C73657D2C7B226E616D65223A226E616D65222C2274797065223A22737472696E67222C2261726773223A5B5D2C2264656661756C74546F223A6E756C6C2C226E6F744E756C6C61626C65223A66616C73652C22756E7369676E6564223A66616C73657D2C7B226E616D65223A22616C7465726E61746976655F74657874222C2274797065223A22737472696E67222C2261726773223A5B5D2C2264656661756C74546F223A6E756C6C2C226E6F744E756C6C61626C65223A66616C73652C22756E7369676E6564223A66616C73657D2C7B226E616D65223A2263617074696F6E222C2274797065223A22737472696E67222C2261726773223A5B5D2C2264656661756C74546F223A6E756C6C2C226E6F744E756C6C61626C65223A66616C73652C22756E7369676E6564223A66616C73657D2C7B226E616D65223A227769647468222C2274797065223A22696E7465676572222C2261726773223A5B5D2C2264656661756C74546F223A6E756C6C2C226E6F744E756C6C61626C65223A66616C73652C22756E7369676E6564223A66616C73657D2C7B226E616D65223A22686569676874222C2274797065223A22696E7465676572222C2261726773223A5B5D2C2264656661756C74546F223A6E756C6C2C226E6F744E756C6C61626C65223A66616C73652C22756E7369676E6564223A66616C73657D2C7B226E616D65223A22666F726D617473222C2274797065223A226A736F6E62222C2261726773223A5B5D2C2264656661756C74546F223A6E756C6C2C226E6F744E756C6C61626C65223A66616C73652C22756E7369676E6564223A66616C73657D2C7B226E616D65223A2268617368222C2274797065223A22737472696E67222C2261726773223A5B5D2C2264656661756C74546F223A6E756C6C2C226E6F744E756C6C61626C65223A66616C73652C22756E7369676E6564223A66616C73657D2C7B226E616D65223A22657874222C2274797065223A22737472696E67222C2261726773223A5B5D2C2264656661756C74546F223A6E756C6C2C226E6F744E756C6C61626C65223A66616C73652C22756E7369676E6564223A66616C73657D2C7B226E616D65223A226D696D65222C2274797065223A22737472696E67222C2261726773223A5B5D2C2264656661756C74546F223A6E756C6C2C226E6F744E756C6C61626C65223A66616C73652C22756E7369676E6564223A66616C73657D2C7B226E616D65223A2273697A65222C2274797065223A22646563696D616C222C2261726773223A5B31302C325D2C2264656661756C74546F223A6E756C6C2C226E6F744E756C6C61626C65223A66616C73652C22756E7369676E6564223A66616C73657D2C7B226E616D65223A2275726C222C2274797065223A22737472696E67222C2261726773223A5B5D2C2264656661756C74546F223A6E756C6C2C226E6F744E756C6C61626C65223A66616C73652C22756E7369676E6564223A66616C73657D2C7B226E616D65223A22707265766965775F75726C222C2274797065223A22737472696E67222C2261726773223A5B5D2C2264656661756C74546F223A6E756C6C2C226E6F744E756C6C61626C65223A66616C73652C22756E7369676E6564223A66616C73657D2C7B226E616D65223A2270726F7669646572222C2274797065223A22737472696E67222C2261726773223A5B5D2C2264656661756C74546F223A6E756C6C2C226E6F744E756C6C61626C65223A66616C73652C22756E7369676E6564223A66616C73657D2C7B226E616D65223A2270726F76696465725F6D65746164617461222C2274797065223A226A736F6E62222C2261726773223A5B5D2C2264656661756C74546F223A6E756C6C2C226E6F744E756C6C61626C65223A66616C73652C22756E7369676E6564223A66616C73657D2C7B226E616D65223A22666F6C6465725F70617468222C2274797065223A22737472696E67222C2261726773223A5B5D2C2264656661756C74546F223A6E756C6C2C226E6F744E756C6C61626C65223A66616C73652C22756E7369676E6564223A66616C73657D2C7B226E616D65223A22637265617465645F6174222C2274797065223A226461746574696D65222C2261726773223A5B7B22757365547A223A66616C73652C22707265636973696F6E223A367D5D2C2264656661756C74546F223A6E756C6C2C226E6F744E756C6C61626C65223A66616C73652C22756E7369676E6564223A66616C73657D2C7B226E616D65223A22757064617465645F6174222C2274797065223A226461746574696D65222C2261726773223A5B7B22757365547A223A66616C73652C22707265636973696F6E223A367D5D2C2264656661756C74546F223A6E756C6C2C226E6F744E756C6C61626C65223A66616C73652C22756E7369676E6564223A66616C73657D2C7B226E616D65223A22637265617465645F62795F6964222C2274797065223A22696E7465676572222C2261726773223A5B5D2C2264656661756C74546F223A6E756C6C2C226E6F744E756C6C61626C65223A66616C73652C22756E7369676E6564223A747275657D2C7B226E616D65223A22757064617465645F62795F6964222C2274797065223A22696E7465676572222C2261726773223A5B5D2C2264656661756C74546F223A6E756C6C2C226E6F744E756C6C61626C65223A66616C73652C22756E7369676E6564223A747275657D5D7D2C7B226E616D65223A2275706C6F61645F666F6C64657273222C22696E6465786573223A5B7B226E616D65223A2275706C6F61645F666F6C646572735F706174685F69645F696E646578222C22636F6C756D6E73223A5B22706174685F6964225D2C2274797065223A22756E69717565227D2C7B226E616D65223A2275706C6F61645F666F6C646572735F706174685F696E646578222C22636F6C756D6E73223A5B2270617468225D2C2274797065223A22756E69717565227D2C7B226E616D65223A2275706C6F61645F666F6C646572735F637265617465645F62795F69645F666B222C22636F6C756D6E73223A5B22637265617465645F62795F6964225D7D2C7B226E616D65223A2275706C6F61645F666F6C646572735F757064617465645F62795F69645F666B222C22636F6C756D6E73223A5B22757064617465645F62795F6964225D7D5D2C22666F726569676E4B657973223A5B7B226E616D65223A2275706C6F61645F666F6C646572735F637265617465645F62795F69645F666B222C22636F6C756D6E73223A5B22637265617465645F62795F6964225D2C227265666572656E6365645461626C65223A2261646D696E5F7573657273222C227265666572656E636564436F6C756D6E73223A5B226964225D2C226F6E44656C657465223A22534554204E554C4C227D2C7B226E616D65223A2275706C6F61645F666F6C646572735F757064617465645F62795F69645F666B222C22636F6C756D6E73223A5B22757064617465645F62795F6964225D2C227265666572656E6365645461626C65223A2261646D696E5F7573657273222C227265666572656E636564436F6C756D6E73223A5B226964225D2C226F6E44656C657465223A22534554204E554C4C227D5D2C22636F6C756D6E73223A5B7B226E616D65223A226964222C2274797065223A22696E6372656D656E7473222C2261726773223A5B7B227072696D617279223A747275652C227072696D6172794B6579223A747275657D5D2C2264656661756C74546F223A6E756C6C2C226E6F744E756C6C61626C65223A747275652C22756E7369676E6564223A66616C73657D2C7B226E616D65223A226E616D65222C2274797065223A22737472696E67222C2261726773223A5B5D2C2264656661756C74546F223A6E756C6C2C226E6F744E756C6C61626C65223A66616C73652C22756E7369676E6564223A66616C73657D2C7B226E616D65223A22706174685F6964222C2274797065223A22696E7465676572222C2261726773223A5B5D2C2264656661756C74546F223A6E756C6C2C226E6F744E756C6C61626C65223A66616C73652C22756E7369676E6564223A66616C73657D2C7B226E616D65223A2270617468222C2274797065223A22737472696E67222C2261726773223A5B5D2C2264656661756C74546F223A6E756C6C2C226E6F744E756C6C61626C65223A66616C73652C22756E7369676E6564223A66616C73657D2C7B226E616D65223A22637265617465645F6174222C2274797065223A226461746574696D65222C2261726773223A5B7B22757365547A223A66616C73652C22707265636973696F6E223A367D5D2C2264656661756C74546F223A6E756C6C2C226E6F744E756C6C61626C65223A66616C73652C22756E7369676E6564223A66616C73657D2C7B226E616D65223A22757064617465645F6174222C2274797065223A226461746574696D65222C2261726773223A5B7B22757365547A223A66616C73652C22707265636973696F6E223A367D5D2C2264656661756C74546F223A6E756C6C2C226E6F744E756C6C61626C65223A66616C73652C22756E7369676E6564223A66616C73657D2C7B226E616D65223A22637265617465645F62795F6964222C2274797065223A22696E7465676572222C2261726773223A5B5D2C2264656661756C74546F223A6E756C6C2C226E6F744E756C6C61626C65223A66616C73652C22756E7369676E6564223A747275657D2C7B226E616D65223A22757064617465645F62795F6964222C2274797065223A22696E7465676572222C2261726773223A5B5D2C2264656661756C74546F223A6E756C6C2C226E6F744E756C6C61626C65223A66616C73652C22756E7369676E6564223A747275657D5D7D2C7B226E616D65223A22736C756773222C22696E6465786573223A5B7B226E616D65223A22736C7567735F637265617465645F62795F69645F666B222C22636F6C756D6E73223A5B22637265617465645F62795F6964225D7D2C7B226E616D65223A22736C7567735F757064617465645F62795F69645F666B222C22636F6C756D6E73223A5B22757064617465645F62795F6964225D7D5D2C22666F726569676E4B657973223A5B7B226E616D65223A22736C7567735F637265617465645F62795F69645F666B222C22636F6C756D6E73223A5B22637265617465645F62795F6964225D2C227265666572656E6365645461626C65223A2261646D696E5F7573657273222C227265666572656E636564436F6C756D6E73223A5B226964225D2C226F6E44656C657465223A22534554204E554C4C227D2C7B226E616D65223A22736C7567735F757064617465645F62795F69645F666B222C22636F6C756D6E73223A5B22757064617465645F62795F6964225D2C227265666572656E6365645461626C65223A2261646D696E5F7573657273222C227265666572656E636564436F6C756D6E73223A5B226964225D2C226F6E44656C657465223A22534554204E554C4C227D5D2C22636F6C756D6E73223A5B7B226E616D65223A226964222C2274797065223A22696E6372656D656E7473222C2261726773223A5B7B227072696D617279223A747275652C227072696D6172794B6579223A747275657D5D2C2264656661756C74546F223A6E756C6C2C226E6F744E756C6C61626C65223A747275652C22756E7369676E6564223A66616C73657D2C7B226E616D65223A22736C7567222C2274797065223A2274657874222C2261726773223A5B226C6F6E6774657874225D2C2264656661756C74546F223A6E756C6C2C226E6F744E756C6C61626C65223A66616C73652C22756E7369676E6564223A66616C73657D2C7B226E616D65223A22636F756E74222C2274797065223A22696E7465676572222C2261726773223A5B5D2C2264656661756C74546F223A6E756C6C2C226E6F744E756C6C61626C65223A66616C73652C22756E7369676E6564223A66616C73657D2C7B226E616D65223A22637265617465645F6174222C2274797065223A226461746574696D65222C2261726773223A5B7B22757365547A223A66616C73652C22707265636973696F6E223A367D5D2C2264656661756C74546F223A6E756C6C2C226E6F744E756C6C61626C65223A66616C73652C22756E7369676E6564223A66616C73657D2C7B226E616D65223A22757064617465645F6174222C2274797065223A226461746574696D65222C2261726773223A5B7B22757365547A223A66616C73652C22707265636973696F6E223A367D5D2C2264656661756C74546F223A6E756C6C2C226E6F744E756C6C61626C65223A66616C73652C22756E7369676E6564223A66616C73657D2C7B226E616D65223A22637265617465645F62795F6964222C2274797065223A22696E7465676572222C2261726773223A5B5D2C2264656661756C74546F223A6E756C6C2C226E6F744E756C6C61626C65223A66616C73652C22756E7369676E6564223A747275657D2C7B226E616D65223A22757064617465645F62795F6964222C2274797065223A22696E7465676572222C2261726773223A5B5D2C2264656661756C74546F223A6E756C6C2C226E6F744E756C6C61626C65223A66616C73652C22756E7369676E6564223A747275657D5D7D2C7B226E616D65223A226931386E5F6C6F63616C65222C22696E6465786573223A5B7B226E616D65223A226931386E5F6C6F63616C655F637265617465645F62795F69645F666B222C22636F6C756D6E73223A5B22637265617465645F62795F6964225D7D2C7B226E616D65223A226931386E5F6C6F63616C655F757064617465645F62795F69645F666B222C22636F6C756D6E73223A5B22757064617465645F62795F6964225D7D5D2C22666F726569676E4B657973223A5B7B226E616D65223A226931386E5F6C6F63616C655F637265617465645F62795F69645F666B222C22636F6C756D6E73223A5B22637265617465645F62795F6964225D2C227265666572656E6365645461626C65223A2261646D696E5F7573657273222C227265666572656E636564436F6C756D6E73223A5B226964225D2C226F6E44656C657465223A22534554204E554C4C227D2C7B226E616D65223A226931386E5F6C6F63616C655F757064617465645F62795F69645F666B222C22636F6C756D6E73223A5B22757064617465645F62795F6964225D2C227265666572656E6365645461626C65223A2261646D696E5F7573657273222C227265666572656E636564436F6C756D6E73223A5B226964225D2C226F6E44656C657465223A22534554204E554C4C227D5D2C22636F6C756D6E73223A5B7B226E616D65223A226964222C2274797065223A22696E6372656D656E7473222C2261726773223A5B7B227072696D617279223A747275652C227072696D6172794B6579223A747275657D5D2C2264656661756C74546F223A6E756C6C2C226E6F744E756C6C61626C65223A747275652C22756E7369676E6564223A66616C73657D2C7B226E616D65223A226E616D65222C2274797065223A22737472696E67222C2261726773223A5B5D2C2264656661756C74546F223A6E756C6C2C226E6F744E756C6C61626C65223A66616C73652C22756E7369676E6564223A66616C73657D2C7B226E616D65223A22636F6465222C2274797065223A22737472696E67222C2261726773223A5B5D2C2264656661756C74546F223A6E756C6C2C226E6F744E756C6C61626C65223A66616C73652C22756E7369676E6564223A66616C73657D2C7B226E616D65223A22637265617465645F6174222C2274797065223A226461746574696D65222C2261726773223A5B7B22757365547A223A66616C73652C22707265636973696F6E223A367D5D2C2264656661756C74546F223A6E756C6C2C226E6F744E756C6C61626C65223A66616C73652C22756E7369676E6564223A66616C73657D2C7B226E616D65223A22757064617465645F6174222C2274797065223A226461746574696D65222C2261726773223A5B7B22757365547A223A66616C73652C22707265636973696F6E223A367D5D2C2264656661756C74546F223A6E756C6C2C226E6F744E756C6C61626C65223A66616C73652C22756E7369676E6564223A66616C73657D2C7B226E616D65223A22637265617465645F62795F6964222C2274797065223A22696E7465676572222C2261726773223A5B5D2C2264656661756C74546F223A6E756C6C2C226E6F744E756C6C61626C65223A66616C73652C22756E7369676E6564223A747275657D2C7B226E616D65223A22757064617465645F62795F6964222C2274797065223A22696E7465676572222C2261726773223A5B5D2C2264656661756C74546F223A6E756C6C2C226E6F744E756C6C61626C65223A66616C73652C22756E7369676E6564223A747275657D5D7D2C7B226E616D65223A22626C6F636B73222C22696E6465786573223A5B7B226E616D65223A22626C6F636B735F637265617465645F62795F69645F666B222C22636F6C756D6E73223A5B22637265617465645F62795F6964225D7D2C7B226E616D65223A22626C6F636B735F757064617465645F62795F69645F666B222C22636F6C756D6E73223A5B22757064617465645F62795F6964225D7D5D2C22666F726569676E4B657973223A5B7B226E616D65223A22626C6F636B735F637265617465645F62795F69645F666B222C22636F6C756D6E73223A5B22637265617465645F62795F6964225D2C227265666572656E6365645461626C65223A2261646D696E5F7573657273222C227265666572656E636564436F6C756D6E73223A5B226964225D2C226F6E44656C657465223A22534554204E554C4C227D2C7B226E616D65223A22626C6F636B735F757064617465645F62795F69645F666B222C22636F6C756D6E73223A5B22757064617465645F62795F6964225D2C227265666572656E6365645461626C65223A2261646D696E5F7573657273222C227265666572656E636564436F6C756D6E73223A5B226964225D2C226F6E44656C657465223A22534554204E554C4C227D5D2C22636F6C756D6E73223A5B7B226E616D65223A226964222C2274797065223A22696E6372656D656E7473222C2261726773223A5B7B227072696D617279223A747275652C227072696D6172794B6579223A747275657D5D2C2264656661756C74546F223A6E756C6C2C226E6F744E756C6C61626C65223A747275652C22756E7369676E6564223A66616C73657D2C7B226E616D65223A22646973706C61795F6E616D65222C2274797065223A22737472696E67222C2261726773223A5B5D2C2264656661756C74546F223A6E756C6C2C226E6F744E756C6C61626C65223A66616C73652C22756E7369676E6564223A66616C73657D2C7B226E616D65223A22626C6F636B5F6E616D65222C2274797065223A22737472696E67222C2261726773223A5B5D2C2264656661756C74546F223A6E756C6C2C226E6F744E756C6C61626C65223A66616C73652C22756E7369676E6564223A66616C73657D2C7B226E616D65223A2265787465726E616C5F75726C222C2274797065223A22737472696E67222C2261726773223A5B5D2C2264656661756C74546F223A6E756C6C2C226E6F744E756C6C61626C65223A66616C73652C22756E7369676E6564223A66616C73657D2C7B226E616D65223A22637265617465645F6174222C2274797065223A226461746574696D65222C2261726773223A5B7B22757365547A223A66616C73652C22707265636973696F6E223A367D5D2C2264656661756C74546F223A6E756C6C2C226E6F744E756C6C61626C65223A66616C73652C22756E7369676E6564223A66616C73657D2C7B226E616D65223A22757064617465645F6174222C2274797065223A226461746574696D65222C2261726773223A5B7B22757365547A223A66616C73652C22707265636973696F6E223A367D5D2C2264656661756C74546F223A6E756C6C2C226E6F744E756C6C61626C65223A66616C73652C22756E7369676E6564223A66616C73657D2C7B226E616D65223A22637265617465645F62795F6964222C2274797065223A22696E7465676572222C2261726773223A5B5D2C2264656661756C74546F223A6E756C6C2C226E6F744E756C6C61626C65223A66616C73652C22756E7369676E6564223A747275657D2C7B226E616D65223A22757064617465645F62795F6964222C2274797065223A22696E7465676572222C2261726773223A5B5D2C2264656661756C74546F223A6E756C6C2C226E6F744E756C6C61626C65223A66616C73652C22756E7369676E6564223A747275657D5D7D2C7B226E616D65223A2275705F7065726D697373696F6E73222C22696E6465786573223A5B7B226E616D65223A2275705F7065726D697373696F6E735F637265617465645F62795F69645F666B222C22636F6C756D6E73223A5B22637265617465645F62795F6964225D7D2C7B226E616D65223A2275705F7065726D697373696F6E735F757064617465645F62795F69645F666B222C22636F6C756D6E73223A5B22757064617465645F62795F6964225D7D5D2C22666F726569676E4B657973223A5B7B226E616D65223A2275705F7065726D697373696F6E735F637265617465645F62795F69645F666B222C22636F6C756D6E73223A5B22637265617465645F62795F6964225D2C227265666572656E6365645461626C65223A2261646D696E5F7573657273222C227265666572656E636564436F6C756D6E73223A5B226964225D2C226F6E44656C657465223A22534554204E554C4C227D2C7B226E616D65223A2275705F7065726D697373696F6E735F757064617465645F62795F69645F666B222C22636F6C756D6E73223A5B22757064617465645F62795F6964225D2C227265666572656E6365645461626C65223A2261646D696E5F7573657273222C227265666572656E636564436F6C756D6E73223A5B226964225D2C226F6E44656C657465223A22534554204E554C4C227D5D2C22636F6C756D6E73223A5B7B226E616D65223A226964222C2274797065223A22696E6372656D656E7473222C2261726773223A5B7B227072696D617279223A747275652C227072696D6172794B6579223A747275657D5D2C2264656661756C74546F223A6E756C6C2C226E6F744E756C6C61626C65223A747275652C22756E7369676E6564223A66616C73657D2C7B226E616D65223A22616374696F6E222C2274797065223A22737472696E67222C2261726773223A5B5D2C2264656661756C74546F223A6E756C6C2C226E6F744E756C6C61626C65223A66616C73652C22756E7369676E6564223A66616C73657D2C7B226E616D65223A22637265617465645F6174222C2274797065223A226461746574696D65222C2261726773223A5B7B22757365547A223A66616C73652C22707265636973696F6E223A367D5D2C2264656661756C74546F223A6E756C6C2C226E6F744E756C6C61626C65223A66616C73652C22756E7369676E6564223A66616C73657D2C7B226E616D65223A22757064617465645F6174222C2274797065223A226461746574696D65222C2261726773223A5B7B22757365547A223A66616C73652C22707265636973696F6E223A367D5D2C2264656661756C74546F223A6E756C6C2C226E6F744E756C6C61626C65223A66616C73652C22756E7369676E6564223A66616C73657D2C7B226E616D65223A22637265617465645F62795F6964222C2274797065223A22696E7465676572222C2261726773223A5B5D2C2264656661756C74546F223A6E756C6C2C226E6F744E756C6C61626C65223A66616C73652C22756E7369676E6564223A747275657D2C7B226E616D65223A22757064617465645F62795F6964222C2274797065223A22696E7465676572222C2261726773223A5B5D2C2264656661756C74546F223A6E756C6C2C226E6F744E756C6C61626C65223A66616C73652C22756E7369676E6564223A747275657D5D7D2C7B226E616D65223A2275705F726F6C6573222C22696E6465786573223A5B7B226E616D65223A2275705F726F6C65735F637265617465645F62795F69645F666B222C22636F6C756D6E73223A5B22637265617465645F62795F6964225D7D2C7B226E616D65223A2275705F726F6C65735F757064617465645F62795F69645F666B222C22636F6C756D6E73223A5B22757064617465645F62795F6964225D7D5D2C22666F726569676E4B657973223A5B7B226E616D65223A2275705F726F6C65735F637265617465645F62795F69645F666B222C22636F6C756D6E73223A5B22637265617465645F62795F6964225D2C227265666572656E6365645461626C65223A2261646D696E5F7573657273222C227265666572656E636564436F6C756D6E73223A5B226964225D2C226F6E44656C657465223A22534554204E554C4C227D2C7B226E616D65223A2275705F726F6C65735F757064617465645F62795F69645F666B222C22636F6C756D6E73223A5B22757064617465645F62795F6964225D2C227265666572656E6365645461626C65223A2261646D696E5F7573657273222C227265666572656E636564436F6C756D6E73223A5B226964225D2C226F6E44656C657465223A22534554204E554C4C227D5D2C22636F6C756D6E73223A5B7B226E616D65223A226964222C2274797065223A22696E6372656D656E7473222C2261726773223A5B7B227072696D617279223A747275652C227072696D6172794B6579223A747275657D5D2C2264656661756C74546F223A6E756C6C2C226E6F744E756C6C61626C65223A747275652C22756E7369676E6564223A66616C73657D2C7B226E616D65223A226E616D65222C2274797065223A22737472696E67222C2261726773223A5B5D2C2264656661756C74546F223A6E756C6C2C226E6F744E756C6C61626C65223A66616C73652C22756E7369676E6564223A66616C73657D2C7B226E616D65223A226465736372697074696F6E222C2274797065223A22737472696E67222C2261726773223A5B5D2C2264656661756C74546F223A6E756C6C2C226E6F744E756C6C61626C65223A66616C73652C22756E7369676E6564223A66616C73657D2C7B226E616D65223A2274797065222C2274797065223A22737472696E67222C2261726773223A5B5D2C2264656661756C74546F223A6E756C6C2C226E6F744E756C6C61626C65223A66616C73652C22756E7369676E6564223A66616C73657D2C7B226E616D65223A22637265617465645F6174222C2274797065223A226461746574696D65222C2261726773223A5B7B22757365547A223A66616C73652C22707265636973696F6E223A367D5D2C2264656661756C74546F223A6E756C6C2C226E6F744E756C6C61626C65223A66616C73652C22756E7369676E6564223A66616C73657D2C7B226E616D65223A22757064617465645F6174222C2274797065223A226461746574696D65222C2261726773223A5B7B22757365547A223A66616C73652C22707265636973696F6E223A367D5D2C2264656661756C74546F223A6E756C6C2C226E6F744E756C6C61626C65223A66616C73652C22756E7369676E6564223A66616C73657D2C7B226E616D65223A22637265617465645F62795F6964222C2274797065223A22696E7465676572222C2261726773223A5B5D2C2264656661756C74546F223A6E756C6C2C226E6F744E756C6C61626C65223A66616C73652C22756E7369676E6564223A747275657D2C7B226E616D65223A22757064617465645F62795F6964222C2274797065223A22696E7465676572222C2261726773223A5B5D2C2264656661756C74546F223A6E756C6C2C226E6F744E756C6C61626C65223A66616C73652C22756E7369676E6564223A747275657D5D7D2C7B226E616D65223A2275705F7573657273222C22696E6465786573223A5B7B226E616D65223A2275705F75736572735F637265617465645F62795F69645F666B222C22636F6C756D6E73223A5B22637265617465645F62795F6964225D7D2C7B226E616D65223A2275705F75736572735F757064617465645F62795F69645F666B222C22636F6C756D6E73223A5B22757064617465645F62795F6964225D7D5D2C22666F726569676E4B657973223A5B7B226E616D65223A2275705F75736572735F637265617465645F62795F69645F666B222C22636F6C756D6E73223A5B22637265617465645F62795F6964225D2C227265666572656E6365645461626C65223A2261646D696E5F7573657273222C227265666572656E636564436F6C756D6E73223A5B226964225D2C226F6E44656C657465223A22534554204E554C4C227D2C7B226E616D65223A2275705F75736572735F757064617465645F62795F69645F666B222C22636F6C756D6E73223A5B22757064617465645F62795F6964225D2C227265666572656E6365645461626C65223A2261646D696E5F7573657273222C227265666572656E636564436F6C756D6E73223A5B226964225D2C226F6E44656C657465223A22534554204E554C4C227D5D2C22636F6C756D6E73223A5B7B226E616D65223A226964222C2274797065223A22696E6372656D656E7473222C2261726773223A5B7B227072696D617279223A747275652C227072696D6172794B6579223A747275657D5D2C2264656661756C74546F223A6E756C6C2C226E6F744E756C6C61626C65223A747275652C22756E7369676E6564223A66616C73657D2C7B226E616D65223A22757365726E616D65222C2274797065223A22737472696E67222C2261726773223A5B5D2C2264656661756C74546F223A6E756C6C2C226E6F744E756C6C61626C65223A66616C73652C22756E7369676E6564223A66616C73657D2C7B226E616D65223A22656D61696C222C2274797065223A22737472696E67222C2261726773223A5B5D2C2264656661756C74546F223A6E756C6C2C226E6F744E756C6C61626C65223A66616C73652C22756E7369676E6564223A66616C73657D2C7B226E616D65223A2270726F7669646572222C2274797065223A22737472696E67222C2261726773223A5B5D2C2264656661756C74546F223A6E756C6C2C226E6F744E756C6C61626C65223A66616C73652C22756E7369676E6564223A66616C73657D2C7B226E616D65223A2270617373776F7264222C2274797065223A22737472696E67222C2261726773223A5B5D2C2264656661756C74546F223A6E756C6C2C226E6F744E756C6C61626C65223A66616C73652C22756E7369676E6564223A66616C73657D2C7B226E616D65223A2272657365745F70617373776F72645F746F6B656E222C2274797065223A22737472696E67222C2261726773223A5B5D2C2264656661756C74546F223A6E756C6C2C226E6F744E756C6C61626C65223A66616C73652C22756E7369676E6564223A66616C73657D2C7B226E616D65223A22636F6E6669726D6174696F6E5F746F6B656E222C2274797065223A22737472696E67222C2261726773223A5B5D2C2264656661756C74546F223A6E756C6C2C226E6F744E756C6C61626C65223A66616C73652C22756E7369676E6564223A66616C73657D2C7B226E616D65223A22636F6E6669726D6564222C2274797065223A22626F6F6C65616E222C2261726773223A5B5D2C2264656661756C74546F223A6E756C6C2C226E6F744E756C6C61626C65223A66616C73652C22756E7369676E6564223A66616C73657D2C7B226E616D65223A22626C6F636B6564222C2274797065223A22626F6F6C65616E222C2261726773223A5B5D2C2264656661756C74546F223A6E756C6C2C226E6F744E756C6C61626C65223A66616C73652C22756E7369676E6564223A66616C73657D2C7B226E616D65223A22637265617465645F6174222C2274797065223A226461746574696D65222C2261726773223A5B7B22757365547A223A66616C73652C22707265636973696F6E223A367D5D2C2264656661756C74546F223A6E756C6C2C226E6F744E756C6C61626C65223A66616C73652C22756E7369676E6564223A66616C73657D2C7B226E616D65223A22757064617465645F6174222C2274797065223A226461746574696D65222C2261726773223A5B7B22757365547A223A66616C73652C22707265636973696F6E223A367D5D2C2264656661756C74546F223A6E756C6C2C226E6F744E756C6C61626C65223A66616C73652C22756E7369676E6564223A66616C73657D2C7B226E616D65223A22637265617465645F62795F6964222C2274797065223A22696E7465676572222C2261726773223A5B5D2C2264656661756C74546F223A6E756C6C2C226E6F744E756C6C61626C65223A66616C73652C22756E7369676E6564223A747275657D2C7B226E616D65223A22757064617465645F62795F6964222C2274797065223A22696E7465676572222C2261726773223A5B5D2C2264656661756C74546F223A6E756C6C2C226E6F744E756C6C61626C65223A66616C73652C22756E7369676E6564223A747275657D5D7D2C7B226E616D65223A2261727469636C6573222C22696E6465786573223A5B7B2274797065223A22756E69717565222C226E616D65223A2261727469636C65735F736C75675F756E69717565222C22636F6C756D6E73223A5B22736C7567225D7D2C7B226E616D65223A2261727469636C65735F637265617465645F62795F69645F666B222C22636F6C756D6E73223A5B22637265617465645F62795F6964225D7D2C7B226E616D65223A2261727469636C65735F757064617465645F62795F69645F666B222C22636F6C756D6E73223A5B22757064617465645F62795F6964225D7D5D2C22666F726569676E4B657973223A5B7B226E616D65223A2261727469636C65735F637265617465645F62795F69645F666B222C22636F6C756D6E73223A5B22637265617465645F62795F6964225D2C227265666572656E6365645461626C65223A2261646D696E5F7573657273222C227265666572656E636564436F6C756D6E73223A5B226964225D2C226F6E44656C657465223A22534554204E554C4C227D2C7B226E616D65223A2261727469636C65735F757064617465645F62795F69645F666B222C22636F6C756D6E73223A5B22757064617465645F62795F6964225D2C227265666572656E6365645461626C65223A2261646D696E5F7573657273222C227265666572656E636564436F6C756D6E73223A5B226964225D2C226F6E44656C657465223A22534554204E554C4C227D5D2C22636F6C756D6E73223A5B7B226E616D65223A226964222C2274797065223A22696E6372656D656E7473222C2261726773223A5B7B227072696D617279223A747275652C227072696D6172794B6579223A747275657D5D2C2264656661756C74546F223A6E756C6C2C226E6F744E756C6C61626C65223A747275652C22756E7369676E6564223A66616C73657D2C7B226E616D65223A227469746C65222C2274797065223A22737472696E67222C2261726773223A5B5D2C2264656661756C74546F223A6E756C6C2C226E6F744E756C6C61626C65223A66616C73652C22756E7369676E6564223A66616C73657D2C7B226E616D65223A227075626C6973685F64617465222C2274797065223A226461746574696D65222C2261726773223A5B7B22757365547A223A66616C73652C22707265636973696F6E223A367D5D2C2264656661756C74546F223A6E756C6C2C226E6F744E756C6C61626C65223A66616C73652C22756E7369676E6564223A66616C73657D2C7B226E616D65223A22636F6E74656E74222C2274797065223A2274657874222C2261726773223A5B226C6F6E6774657874225D2C2264656661756C74546F223A6E756C6C2C226E6F744E756C6C61626C65223A66616C73652C22756E7369676E6564223A66616C73657D2C7B226E616D65223A22736C7567222C2274797065223A22737472696E67222C2261726773223A5B5D2C2264656661756C74546F223A6E756C6C2C226E6F744E756C6C61626C65223A66616C73652C22756E7369676E6564223A66616C73652C22756E69717565223A747275657D2C7B226E616D65223A227065726578222C2274797065223A2274657874222C2261726773223A5B226C6F6E6774657874225D2C2264656661756C74546F223A6E756C6C2C226E6F744E756C6C61626C65223A66616C73652C22756E7369676E6564223A66616C73657D2C7B226E616D65223A22617574686F72222C2274797065223A22737472696E67222C2261726773223A5B5D2C2264656661756C74546F223A6E756C6C2C226E6F744E756C6C61626C65223A66616C73652C22756E7369676E6564223A66616C73657D2C7B226E616D65223A22637265617465645F6174222C2274797065223A226461746574696D65222C2261726773223A5B7B22757365547A223A66616C73652C22707265636973696F6E223A367D5D2C2264656661756C74546F223A6E756C6C2C226E6F744E756C6C61626C65223A66616C73652C22756E7369676E6564223A66616C73657D2C7B226E616D65223A22757064617465645F6174222C2274797065223A226461746574696D65222C2261726773223A5B7B22757365547A223A66616C73652C22707265636973696F6E223A367D5D2C2264656661756C74546F223A6E756C6C2C226E6F744E756C6C61626C65223A66616C73652C22756E7369676E6564223A66616C73657D2C7B226E616D65223A227075626C69736865645F6174222C2274797065223A226461746574696D65222C2261726773223A5B7B22757365547A223A66616C73652C22707265636973696F6E223A367D5D2C2264656661756C74546F223A6E756C6C2C226E6F744E756C6C61626C65223A66616C73652C22756E7369676E6564223A66616C73657D2C7B226E616D65223A22637265617465645F62795F6964222C2274797065223A22696E7465676572222C2261726773223A5B5D2C2264656661756C74546F223A6E756C6C2C226E6F744E756C6C61626C65223A66616C73652C22756E7369676E6564223A747275657D2C7B226E616D65223A22757064617465645F62795F6964222C2274797065223A22696E7465676572222C2261726773223A5B5D2C2264656661756C74546F223A6E756C6C2C226E6F744E756C6C61626C65223A66616C73652C22756E7369676E6564223A747275657D2C7B226E616D65223A2276756964222C2274797065223A22737472696E67222C2261726773223A5B5D2C2264656661756C74546F223A6E756C6C2C226E6F744E756C6C61626C65223A66616C73652C22756E7369676E6564223A66616C73657D2C7B226E616D65223A2276657273696F6E5F6E756D626572222C2274797065223A22696E7465676572222C2261726773223A5B5D2C2264656661756C74546F223A6E756C6C2C226E6F744E756C6C61626C65223A66616C73652C22756E7369676E6564223A66616C73657D2C7B226E616D65223A2269735F76697369626C655F696E5F6C6973745F76696577222C2274797065223A22626F6F6C65616E222C2261726773223A5B5D2C2264656661756C74546F223A6E756C6C2C226E6F744E756C6C61626C65223A66616C73652C22756E7369676E6564223A66616C73657D2C7B226E616D65223A226C6F63616C65222C2274797065223A22737472696E67222C2261726773223A5B5D2C2264656661756C74546F223A6E756C6C2C226E6F744E756C6C61626C65223A66616C73652C22756E7369676E6564223A66616C73657D5D7D2C7B226E616D65223A2269636F6E73222C22696E6465786573223A5B7B226E616D65223A2269636F6E735F637265617465645F62795F69645F666B222C22636F6C756D6E73223A5B22637265617465645F62795F6964225D7D2C7B226E616D65223A2269636F6E735F757064617465645F62795F69645F666B222C22636F6C756D6E73223A5B22757064617465645F62795F6964225D7D5D2C22666F726569676E4B657973223A5B7B226E616D65223A2269636F6E735F637265617465645F62795F69645F666B222C22636F6C756D6E73223A5B22637265617465645F62795F6964225D2C227265666572656E6365645461626C65223A2261646D696E5F7573657273222C227265666572656E636564436F6C756D6E73223A5B226964225D2C226F6E44656C657465223A22534554204E554C4C227D2C7B226E616D65223A2269636F6E735F757064617465645F62795F69645F666B222C22636F6C756D6E73223A5B22757064617465645F62795F6964225D2C227265666572656E6365645461626C65223A2261646D696E5F7573657273222C227265666572656E636564436F6C756D6E73223A5B226964225D2C226F6E44656C657465223A22534554204E554C4C227D5D2C22636F6C756D6E73223A5B7B226E616D65223A226964222C2274797065223A22696E6372656D656E7473222C2261726773223A5B7B227072696D617279223A747275652C227072696D6172794B6579223A747275657D5D2C2264656661756C74546F223A6E756C6C2C226E6F744E756C6C61626C65223A747275652C22756E7369676E6564223A66616C73657D2C7B226E616D65223A227469746C65222C2274797065223A22737472696E67222C2261726773223A5B5D2C2264656661756C74546F223A6E756C6C2C226E6F744E756C6C61626C65223A66616C73652C22756E7369676E6564223A66616C73657D2C7B226E616D65223A22636F64656E616D65222C2274797065223A22737472696E67222C2261726773223A5B5D2C2264656661756C74546F223A6E756C6C2C226E6F744E756C6C61626C65223A66616C73652C22756E7369676E6564223A66616C73657D2C7B226E616D65223A22637265617465645F6174222C2274797065223A226461746574696D65222C2261726773223A5B7B22757365547A223A66616C73652C22707265636973696F6E223A367D5D2C2264656661756C74546F223A6E756C6C2C226E6F744E756C6C61626C65223A66616C73652C22756E7369676E6564223A66616C73657D2C7B226E616D65223A22757064617465645F6174222C2274797065223A226461746574696D65222C2261726773223A5B7B22757365547A223A66616C73652C22707265636973696F6E223A367D5D2C2264656661756C74546F223A6E756C6C2C226E6F744E756C6C61626C65223A66616C73652C22756E7369676E6564223A66616C73657D2C7B226E616D65223A227075626C69736865645F6174222C2274797065223A226461746574696D65222C2261726773223A5B7B22757365547A223A66616C73652C22707265636973696F6E223A367D5D2C2264656661756C74546F223A6E756C6C2C226E6F744E756C6C61626C65223A66616C73652C22756E7369676E6564223A66616C73657D2C7B226E616D65223A22637265617465645F62795F6964222C2274797065223A22696E7465676572222C2261726773223A5B5D2C2264656661756C74546F223A6E756C6C2C226E6F744E756C6C61626C65223A66616C73652C22756E7369676E6564223A747275657D2C7B226E616D65223A22757064617465645F62795F6964222C2274797065223A22696E7465676572222C2261726773223A5B5D2C2264656661756C74546F223A6E756C6C2C226E6F744E756C6C61626C65223A66616C73652C22756E7369676E6564223A747275657D5D7D2C7B226E616D65223A226D656E7573222C22696E6465786573223A5B7B226E616D65223A226D656E75735F637265617465645F62795F69645F666B222C22636F6C756D6E73223A5B22637265617465645F62795F6964225D7D2C7B226E616D65223A226D656E75735F757064617465645F62795F69645F666B222C22636F6C756D6E73223A5B22757064617465645F62795F6964225D7D5D2C22666F726569676E4B657973223A5B7B226E616D65223A226D656E75735F637265617465645F62795F69645F666B222C22636F6C756D6E73223A5B22637265617465645F62795F6964225D2C227265666572656E6365645461626C65223A2261646D696E5F7573657273222C227265666572656E636564436F6C756D6E73223A5B226964225D2C226F6E44656C657465223A22534554204E554C4C227D2C7B226E616D65223A226D656E75735F757064617465645F62795F69645F666B222C22636F6C756D6E73223A5B22757064617465645F62795F6964225D2C227265666572656E6365645461626C65223A2261646D696E5F7573657273222C227265666572656E636564436F6C756D6E73223A5B226964225D2C226F6E44656C657465223A22534554204E554C4C227D5D2C22636F6C756D6E73223A5B7B226E616D65223A226964222C2274797065223A22696E6372656D656E7473222C2261726773223A5B7B227072696D617279223A747275652C227072696D6172794B6579223A747275657D5D2C2264656661756C74546F223A6E756C6C2C226E6F744E756C6C61626C65223A747275652C22756E7369676E6564223A66616C73657D2C7B226E616D65223A227469746C65222C2274797065223A22737472696E67222C2261726773223A5B5D2C2264656661756C74546F223A6E756C6C2C226E6F744E756C6C61626C65223A66616C73652C22756E7369676E6564223A66616C73657D2C7B226E616D65223A22637265617465645F6174222C2274797065223A226461746574696D65222C2261726773223A5B7B22757365547A223A66616C73652C22707265636973696F6E223A367D5D2C2264656661756C74546F223A6E756C6C2C226E6F744E756C6C61626C65223A66616C73652C22756E7369676E6564223A66616C73657D2C7B226E616D65223A22757064617465645F6174222C2274797065223A226461746574696D65222C2261726773223A5B7B22757365547A223A66616C73652C22707265636973696F6E223A367D5D2C2264656661756C74546F223A6E756C6C2C226E6F744E756C6C61626C65223A66616C73652C22756E7369676E6564223A66616C73657D2C7B226E616D65223A227075626C69736865645F6174222C2274797065223A226461746574696D65222C2261726773223A5B7B22757365547A223A66616C73652C22707265636973696F6E223A367D5D2C2264656661756C74546F223A6E756C6C2C226E6F744E756C6C61626C65223A66616C73652C22756E7369676E6564223A66616C73657D2C7B226E616D65223A22637265617465645F62795F6964222C2274797065223A22696E7465676572222C2261726773223A5B5D2C2264656661756C74546F223A6E756C6C2C226E6F744E756C6C61626C65223A66616C73652C22756E7369676E6564223A747275657D2C7B226E616D65223A22757064617465645F62795F6964222C2274797065223A22696E7465676572222C2261726773223A5B5D2C2264656661756C74546F223A6E756C6C2C226E6F744E756C6C61626C65223A66616C73652C22756E7369676E6564223A747275657D2C7B226E616D65223A226C6F63616C65222C2274797065223A22737472696E67222C2261726773223A5B5D2C2264656661756C74546F223A6E756C6C2C226E6F744E756C6C61626C65223A66616C73652C22756E7369676E6564223A66616C73657D5D7D2C7B226E616D65223A226D65737361676573222C22696E6465786573223A5B7B226E616D65223A226D657373616765735F637265617465645F62795F69645F666B222C22636F6C756D6E73223A5B22637265617465645F62795F6964225D7D2C7B226E616D65223A226D657373616765735F757064617465645F62795F69645F666B222C22636F6C756D6E73223A5B22757064617465645F62795F6964225D7D5D2C22666F726569676E4B657973223A5B7B226E616D65223A226D657373616765735F637265617465645F62795F69645F666B222C22636F6C756D6E73223A5B22637265617465645F62795F6964225D2C227265666572656E6365645461626C65223A2261646D696E5F7573657273222C227265666572656E636564436F6C756D6E73223A5B226964225D2C226F6E44656C657465223A22534554204E554C4C227D2C7B226E616D65223A226D657373616765735F757064617465645F62795F69645F666B222C22636F6C756D6E73223A5B22757064617465645F62795F6964225D2C227265666572656E6365645461626C65223A2261646D696E5F7573657273222C227265666572656E636564436F6C756D6E73223A5B226964225D2C226F6E44656C657465223A22534554204E554C4C227D5D2C22636F6C756D6E73223A5B7B226E616D65223A226964222C2274797065223A22696E6372656D656E7473222C2261726773223A5B7B227072696D617279223A747275652C227072696D6172794B6579223A747275657D5D2C2264656661756C74546F223A6E756C6C2C226E6F744E756C6C61626C65223A747275652C22756E7369676E6564223A66616C73657D2C7B226E616D65223A226E616D65222C2274797065223A22737472696E67222C2261726773223A5B5D2C2264656661756C74546F223A6E756C6C2C226E6F744E756C6C61626C65223A66616C73652C22756E7369676E6564223A66616C73657D2C7B226E616D65223A2270686F6E65222C2274797065223A22737472696E67222C2261726773223A5B5D2C2264656661756C74546F223A6E756C6C2C226E6F744E756C6C61626C65223A66616C73652C22756E7369676E6564223A66616C73657D2C7B226E616D65223A22656D61696C222C2274797065223A22737472696E67222C2261726773223A5B5D2C2264656661756C74546F223A6E756C6C2C226E6F744E756C6C61626C65223A66616C73652C22756E7369676E6564223A66616C73657D2C7B226E616D65223A226D657373616765222C2274797065223A2274657874222C2261726773223A5B226C6F6E6774657874225D2C2264656661756C74546F223A6E756C6C2C226E6F744E756C6C61626C65223A66616C73652C22756E7369676E6564223A66616C73657D2C7B226E616D65223A2263697479222C2274797065223A22737472696E67222C2261726773223A5B5D2C2264656661756C74546F223A6E756C6C2C226E6F744E756C6C61626C65223A66616C73652C22756E7369676E6564223A66616C73657D2C7B226E616D65223A22637265617465645F6174222C2274797065223A226461746574696D65222C2261726773223A5B7B22757365547A223A66616C73652C22707265636973696F6E223A367D5D2C2264656661756C74546F223A6E756C6C2C226E6F744E756C6C61626C65223A66616C73652C22756E7369676E6564223A66616C73657D2C7B226E616D65223A22757064617465645F6174222C2274797065223A226461746574696D65222C2261726773223A5B7B22757365547A223A66616C73652C22707265636973696F6E223A367D5D2C2264656661756C74546F223A6E756C6C2C226E6F744E756C6C61626C65223A66616C73652C22756E7369676E6564223A66616C73657D2C7B226E616D65223A227075626C69736865645F6174222C2274797065223A226461746574696D65222C2261726773223A5B7B22757365547A223A66616C73652C22707265636973696F6E223A367D5D2C2264656661756C74546F223A6E756C6C2C226E6F744E756C6C61626C65223A66616C73652C22756E7369676E6564223A66616C73657D2C7B226E616D65223A22637265617465645F62795F6964222C2274797065223A22696E7465676572222C2261726773223A5B5D2C2264656661756C74546F223A6E756C6C2C226E6F744E756C6C61626C65223A66616C73652C22756E7369676E6564223A747275657D2C7B226E616D65223A22757064617465645F62795F6964222C2274797065223A22696E7465676572222C2261726773223A5B5D2C2264656661756C74546F223A6E756C6C2C226E6F744E756C6C61626C65223A66616C73652C22756E7369676E6564223A747275657D5D7D2C7B226E616D65223A226E6577736C65747465725F7375627363726962657273222C22696E6465786573223A5B7B226E616D65223A226E6577736C65747465725F73756273637269626572735F637265617465645F62795F69645F666B222C22636F6C756D6E73223A5B22637265617465645F62795F6964225D7D2C7B226E616D65223A226E6577736C65747465725F73756273637269626572735F757064617465645F62795F69645F666B222C22636F6C756D6E73223A5B22757064617465645F62795F6964225D7D5D2C22666F726569676E4B657973223A5B7B226E616D65223A226E6577736C65747465725F73756273637269626572735F637265617465645F62795F69645F666B222C22636F6C756D6E73223A5B22637265617465645F62795F6964225D2C227265666572656E6365645461626C65223A2261646D696E5F7573657273222C227265666572656E636564436F6C756D6E73223A5B226964225D2C226F6E44656C657465223A22534554204E554C4C227D2C7B226E616D65223A226E6577736C65747465725F73756273637269626572735F757064617465645F62795F69645F666B222C22636F6C756D6E73223A5B22757064617465645F62795F6964225D2C227265666572656E6365645461626C65223A2261646D696E5F7573657273222C227265666572656E636564436F6C756D6E73223A5B226964225D2C226F6E44656C657465223A22534554204E554C4C227D5D2C22636F6C756D6E73223A5B7B226E616D65223A226964222C2274797065223A22696E6372656D656E7473222C2261726773223A5B7B227072696D617279223A747275652C227072696D6172794B6579223A747275657D5D2C2264656661756C74546F223A6E756C6C2C226E6F744E756C6C61626C65223A747275652C22756E7369676E6564223A66616C73657D2C7B226E616D65223A22656D61696C222C2274797065223A22737472696E67222C2261726773223A5B5D2C2264656661756C74546F223A6E756C6C2C226E6F744E756C6C61626C65223A66616C73652C22756E7369676E6564223A66616C73657D2C7B226E616D65223A22637265617465645F6174222C2274797065223A226461746574696D65222C2261726773223A5B7B22757365547A223A66616C73652C22707265636973696F6E223A367D5D2C2264656661756C74546F223A6E756C6C2C226E6F744E756C6C61626C65223A66616C73652C22756E7369676E6564223A66616C73657D2C7B226E616D65223A22757064617465645F6174222C2274797065223A226461746574696D65222C2261726773223A5B7B22757365547A223A66616C73652C22707265636973696F6E223A367D5D2C2264656661756C74546F223A6E756C6C2C226E6F744E756C6C61626C65223A66616C73652C22756E7369676E6564223A66616C73657D2C7B226E616D65223A227075626C69736865645F6174222C2274797065223A226461746574696D65222C2261726773223A5B7B22757365547A223A66616C73652C22707265636973696F6E223A367D5D2C2264656661756C74546F223A6E756C6C2C226E6F744E756C6C61626C65223A66616C73652C22756E7369676E6564223A66616C73657D2C7B226E616D65223A22637265617465645F62795F6964222C2274797065223A22696E7465676572222C2261726773223A5B5D2C2264656661756C74546F223A6E756C6C2C226E6F744E756C6C61626C65223A66616C73652C22756E7369676E6564223A747275657D2C7B226E616D65223A22757064617465645F62795F6964222C2274797065223A22696E7465676572222C2261726773223A5B5D2C2264656661756C74546F223A6E756C6C2C226E6F744E756C6C61626C65223A66616C73652C22756E7369676E6564223A747275657D5D7D2C7B226E616D65223A227061676573222C22696E6465786573223A5B7B226E616D65223A2270616765735F637265617465645F62795F69645F666B222C22636F6C756D6E73223A5B22637265617465645F62795F6964225D7D2C7B226E616D65223A2270616765735F757064617465645F62795F69645F666B222C22636F6C756D6E73223A5B22757064617465645F62795F6964225D7D5D2C22666F726569676E4B657973223A5B7B226E616D65223A2270616765735F637265617465645F62795F69645F666B222C22636F6C756D6E73223A5B22637265617465645F62795F6964225D2C227265666572656E6365645461626C65223A2261646D696E5F7573657273222C227265666572656E636564436F6C756D6E73223A5B226964225D2C226F6E44656C657465223A22534554204E554C4C227D2C7B226E616D65223A2270616765735F757064617465645F62795F69645F666B222C22636F6C756D6E73223A5B22757064617465645F62795F6964225D2C227265666572656E6365645461626C65223A2261646D696E5F7573657273222C227265666572656E636564436F6C756D6E73223A5B226964225D2C226F6E44656C657465223A22534554204E554C4C227D5D2C22636F6C756D6E73223A5B7B226E616D65223A226964222C2274797065223A22696E6372656D656E7473222C2261726773223A5B7B227072696D617279223A747275652C227072696D6172794B6579223A747275657D5D2C2264656661756C74546F223A6E756C6C2C226E6F744E756C6C61626C65223A747275652C22756E7369676E6564223A66616C73657D2C7B226E616D65223A227469746C65222C2274797065223A22737472696E67222C2261726773223A5B5D2C2264656661756C74546F223A6E756C6C2C226E6F744E756C6C61626C65223A66616C73652C22756E7369676E6564223A66616C73657D2C7B226E616D65223A2275726C222C2274797065223A22737472696E67222C2261726773223A5B5D2C2264656661756C74546F223A6E756C6C2C226E6F744E756C6C61626C65223A66616C73652C22756E7369676E6564223A66616C73657D2C7B226E616D65223A22637265617465645F6174222C2274797065223A226461746574696D65222C2261726773223A5B7B22757365547A223A66616C73652C22707265636973696F6E223A367D5D2C2264656661756C74546F223A6E756C6C2C226E6F744E756C6C61626C65223A66616C73652C22756E7369676E6564223A66616C73657D2C7B226E616D65223A22757064617465645F6174222C2274797065223A226461746574696D65222C2261726773223A5B7B22757365547A223A66616C73652C22707265636973696F6E223A367D5D2C2264656661756C74546F223A6E756C6C2C226E6F744E756C6C61626C65223A66616C73652C22756E7369676E6564223A66616C73657D2C7B226E616D65223A227075626C69736865645F6174222C2274797065223A226461746574696D65222C2261726773223A5B7B22757365547A223A66616C73652C22707265636973696F6E223A367D5D2C2264656661756C74546F223A6E756C6C2C226E6F744E756C6C61626C65223A66616C73652C22756E7369676E6564223A66616C73657D2C7B226E616D65223A22637265617465645F62795F6964222C2274797065223A22696E7465676572222C2261726773223A5B5D2C2264656661756C74546F223A6E756C6C2C226E6F744E756C6C61626C65223A66616C73652C22756E7369676E6564223A747275657D2C7B226E616D65223A22757064617465645F62795F6964222C2274797065223A22696E7465676572222C2261726773223A5B5D2C2264656661756C74546F223A6E756C6C2C226E6F744E756C6C61626C65223A66616C73652C22756E7369676E6564223A747275657D2C7B226E616D65223A2276756964222C2274797065223A22737472696E67222C2261726773223A5B5D2C2264656661756C74546F223A6E756C6C2C226E6F744E756C6C61626C65223A66616C73652C22756E7369676E6564223A66616C73657D2C7B226E616D65223A2276657273696F6E5F6E756D626572222C2274797065223A22696E7465676572222C2261726773223A5B5D2C2264656661756C74546F223A6E756C6C2C226E6F744E756C6C61626C65223A66616C73652C22756E7369676E6564223A66616C73657D2C7B226E616D65223A2269735F76697369626C655F696E5F6C6973745F76696577222C2274797065223A22626F6F6C65616E222C2261726773223A5B5D2C2264656661756C74546F223A6E756C6C2C226E6F744E756C6C61626C65223A66616C73652C22756E7369676E6564223A66616C73657D2C7B226E616D65223A226C6F63616C65222C2274797065223A22737472696E67222C2261726773223A5B5D2C2264656661756C74546F223A6E756C6C2C226E6F744E756C6C61626C65223A66616C73652C22756E7369676E6564223A66616C73657D5D7D2C7B226E616D65223A22726564697265637473222C22696E6465786573223A5B7B226E616D65223A227265646972656374735F637265617465645F62795F69645F666B222C22636F6C756D6E73223A5B22637265617465645F62795F6964225D7D2C7B226E616D65223A227265646972656374735F757064617465645F62795F69645F666B222C22636F6C756D6E73223A5B22757064617465645F62795F6964225D7D5D2C22666F726569676E4B657973223A5B7B226E616D65223A227265646972656374735F637265617465645F62795F69645F666B222C22636F6C756D6E73223A5B22637265617465645F62795F6964225D2C227265666572656E6365645461626C65223A2261646D696E5F7573657273222C227265666572656E636564436F6C756D6E73223A5B226964225D2C226F6E44656C657465223A22534554204E554C4C227D2C7B226E616D65223A227265646972656374735F757064617465645F62795F69645F666B222C22636F6C756D6E73223A5B22757064617465645F62795F6964225D2C227265666572656E6365645461626C65223A2261646D696E5F7573657273222C227265666572656E636564436F6C756D6E73223A5B226964225D2C226F6E44656C657465223A22534554204E554C4C227D5D2C22636F6C756D6E73223A5B7B226E616D65223A226964222C2274797065223A22696E6372656D656E7473222C2261726773223A5B7B227072696D617279223A747275652C227072696D6172794B6579223A747275657D5D2C2264656661756C74546F223A6E756C6C2C226E6F744E756C6C61626C65223A747275652C22756E7369676E6564223A66616C73657D2C7B226E616D65223A2272656469726563745F66726F6D222C2274797065223A22737472696E67222C2261726773223A5B5D2C2264656661756C74546F223A6E756C6C2C226E6F744E756C6C61626C65223A66616C73652C22756E7369676E6564223A66616C73657D2C7B226E616D65223A2272656469726563745F746F222C2274797065223A22737472696E67222C2261726773223A5B5D2C2264656661756C74546F223A6E756C6C2C226E6F744E756C6C61626C65223A66616C73652C22756E7369676E6564223A66616C73657D2C7B226E616D65223A227374617475735F636F6465222C2274797065223A22737472696E67222C2261726773223A5B5D2C2264656661756C74546F223A6E756C6C2C226E6F744E756C6C61626C65223A66616C73652C22756E7369676E6564223A66616C73657D2C7B226E616D65223A22637265617465645F6174222C2274797065223A226461746574696D65222C2261726773223A5B7B22757365547A223A66616C73652C22707265636973696F6E223A367D5D2C2264656661756C74546F223A6E756C6C2C226E6F744E756C6C61626C65223A66616C73652C22756E7369676E6564223A66616C73657D2C7B226E616D65223A22757064617465645F6174222C2274797065223A226461746574696D65222C2261726773223A5B7B22757365547A223A66616C73652C22707265636973696F6E223A367D5D2C2264656661756C74546F223A6E756C6C2C226E6F744E756C6C61626C65223A66616C73652C22756E7369676E6564223A66616C73657D2C7B226E616D65223A227075626C69736865645F6174222C2274797065223A226461746574696D65222C2261726773223A5B7B22757365547A223A66616C73652C22707265636973696F6E223A367D5D2C2264656661756C74546F223A6E756C6C2C226E6F744E756C6C61626C65223A66616C73652C22756E7369676E6564223A66616C73657D2C7B226E616D65223A22637265617465645F62795F6964222C2274797065223A22696E7465676572222C2261726773223A5B5D2C2264656661756C74546F223A6E756C6C2C226E6F744E756C6C61626C65223A66616C73652C22756E7369676E6564223A747275657D2C7B226E616D65223A22757064617465645F62795F6964222C2274797065223A22696E7465676572222C2261726773223A5B5D2C2264656661756C74546F223A6E756C6C2C226E6F744E756C6C61626C65223A66616C73652C22756E7369676E6564223A747275657D5D7D2C7B226E616D65223A2273797374656D5F7265736F7572636573222C22696E6465786573223A5B7B226E616D65223A2273797374656D5F7265736F75726365735F637265617465645F62795F69645F666B222C22636F6C756D6E73223A5B22637265617465645F62795F6964225D7D2C7B226E616D65223A2273797374656D5F7265736F75726365735F757064617465645F62795F69645F666B222C22636F6C756D6E73223A5B22757064617465645F62795F6964225D7D5D2C22666F726569676E4B657973223A5B7B226E616D65223A2273797374656D5F7265736F75726365735F637265617465645F62795F69645F666B222C22636F6C756D6E73223A5B22637265617465645F62795F6964225D2C227265666572656E6365645461626C65223A2261646D696E5F7573657273222C227265666572656E636564436F6C756D6E73223A5B226964225D2C226F6E44656C657465223A22534554204E554C4C227D2C7B226E616D65223A2273797374656D5F7265736F75726365735F757064617465645F62795F69645F666B222C22636F6C756D6E73223A5B22757064617465645F62795F6964225D2C227265666572656E6365645461626C65223A2261646D696E5F7573657273222C227265666572656E636564436F6C756D6E73223A5B226964225D2C226F6E44656C657465223A22534554204E554C4C227D5D2C22636F6C756D6E73223A5B7B226E616D65223A226964222C2274797065223A22696E6372656D656E7473222C2261726773223A5B7B227072696D617279223A747275652C227072696D6172794B6579223A747275657D5D2C2264656661756C74546F223A6E756C6C2C226E6F744E756C6C61626C65223A747275652C22756E7369676E6564223A66616C73657D2C7B226E616D65223A226E616D65222C2274797065223A22737472696E67222C2261726773223A5B5D2C2264656661756C74546F223A6E756C6C2C226E6F744E756C6C61626C65223A66616C73652C22756E7369676E6564223A66616C73657D2C7B226E616D65223A22636F64656E616D65222C2274797065223A22737472696E67222C2261726773223A5B5D2C2264656661756C74546F223A6E756C6C2C226E6F744E756C6C61626C65223A66616C73652C22756E7369676E6564223A66616C73657D2C7B226E616D65223A2276616C7565222C2274797065223A2274657874222C2261726773223A5B226C6F6E6774657874225D2C2264656661756C74546F223A6E756C6C2C226E6F744E756C6C61626C65223A66616C73652C22756E7369676E6564223A66616C73657D2C7B226E616D65223A22637265617465645F6174222C2274797065223A226461746574696D65222C2261726773223A5B7B22757365547A223A66616C73652C22707265636973696F6E223A367D5D2C2264656661756C74546F223A6E756C6C2C226E6F744E756C6C61626C65223A66616C73652C22756E7369676E6564223A66616C73657D2C7B226E616D65223A22757064617465645F6174222C2274797065223A226461746574696D65222C2261726773223A5B7B22757365547A223A66616C73652C22707265636973696F6E223A367D5D2C2264656661756C74546F223A6E756C6C2C226E6F744E756C6C61626C65223A66616C73652C22756E7369676E6564223A66616C73657D2C7B226E616D65223A227075626C69736865645F6174222C2274797065223A226461746574696D65222C2261726773223A5B7B22757365547A223A66616C73652C22707265636973696F6E223A367D5D2C2264656661756C74546F223A6E756C6C2C226E6F744E756C6C61626C65223A66616C73652C22756E7369676E6564223A66616C73657D2C7B226E616D65223A22637265617465645F62795F6964222C2274797065223A22696E7465676572222C2261726773223A5B5D2C2264656661756C74546F223A6E756C6C2C226E6F744E756C6C61626C65223A66616C73652C22756E7369676E6564223A747275657D2C7B226E616D65223A22757064617465645F62795F6964222C2274797065223A22696E7465676572222C2261726773223A5B5D2C2264656661756C74546F223A6E756C6C2C226E6F744E756C6C61626C65223A66616C73652C22756E7369676E6564223A747275657D2C7B226E616D65223A2276756964222C2274797065223A22737472696E67222C2261726773223A5B5D2C2264656661756C74546F223A6E756C6C2C226E6F744E756C6C61626C65223A66616C73652C22756E7369676E6564223A66616C73657D2C7B226E616D65223A2276657273696F6E5F6E756D626572222C2274797065223A22696E7465676572222C2261726773223A5B5D2C2264656661756C74546F223A6E756C6C2C226E6F744E756C6C61626C65223A66616C73652C22756E7369676E6564223A66616C73657D2C7B226E616D65223A2269735F76697369626C655F696E5F6C6973745F76696577222C2274797065223A22626F6F6C65616E222C2261726773223A5B5D2C2264656661756C74546F223A6E756C6C2C226E6F744E756C6C61626C65223A66616C73652C22756E7369676E6564223A66616C73657D2C7B226E616D65223A226C6F63616C65222C2274797065223A22737472696E67222C2261726773223A5B5D2C2264656661756C74546F223A6E756C6C2C226E6F744E756C6C61626C65223A66616C73652C22756E7369676E6564223A66616C73657D5D7D2C7B226E616D65223A2274656D706C61746573222C22696E6465786573223A5B7B226E616D65223A2274656D706C617465735F637265617465645F62795F69645F666B222C22636F6C756D6E73223A5B22637265617465645F62795F6964225D7D2C7B226E616D65223A2274656D706C617465735F757064617465645F62795F69645F666B222C22636F6C756D6E73223A5B22757064617465645F62795F6964225D7D5D2C22666F726569676E4B657973223A5B7B226E616D65223A2274656D706C617465735F637265617465645F62795F69645F666B222C22636F6C756D6E73223A5B22637265617465645F62795F6964225D2C227265666572656E6365645461626C65223A2261646D696E5F7573657273222C227265666572656E636564436F6C756D6E73223A5B226964225D2C226F6E44656C657465223A22534554204E554C4C227D2C7B226E616D65223A2274656D706C617465735F757064617465645F62795F69645F666B222C22636F6C756D6E73223A5B22757064617465645F62795F6964225D2C227265666572656E6365645461626C65223A2261646D696E5F7573657273222C227265666572656E636564436F6C756D6E73223A5B226964225D2C226F6E44656C657465223A22534554204E554C4C227D5D2C22636F6C756D6E73223A5B7B226E616D65223A226964222C2274797065223A22696E6372656D656E7473222C2261726773223A5B7B227072696D617279223A747275652C227072696D6172794B6579223A747275657D5D2C2264656661756C74546F223A6E756C6C2C226E6F744E756C6C61626C65223A747275652C22756E7369676E6564223A66616C73657D2C7B226E616D65223A227469746C65222C2274797065223A22737472696E67222C2261726773223A5B5D2C2264656661756C74546F223A6E756C6C2C226E6F744E756C6C61626C65223A66616C73652C22756E7369676E6564223A66616C73657D2C7B226E616D65223A22637265617465645F6174222C2274797065223A226461746574696D65222C2261726773223A5B7B22757365547A223A66616C73652C22707265636973696F6E223A367D5D2C2264656661756C74546F223A6E756C6C2C226E6F744E756C6C61626C65223A66616C73652C22756E7369676E6564223A66616C73657D2C7B226E616D65223A22757064617465645F6174222C2274797065223A226461746574696D65222C2261726773223A5B7B22757365547A223A66616C73652C22707265636973696F6E223A367D5D2C2264656661756C74546F223A6E756C6C2C226E6F744E756C6C61626C65223A66616C73652C22756E7369676E6564223A66616C73657D2C7B226E616D65223A227075626C69736865645F6174222C2274797065223A226461746574696D65222C2261726773223A5B7B22757365547A223A66616C73652C22707265636973696F6E223A367D5D2C2264656661756C74546F223A6E756C6C2C226E6F744E756C6C61626C65223A66616C73652C22756E7369676E6564223A66616C73657D2C7B226E616D65223A22637265617465645F62795F6964222C2274797065223A22696E7465676572222C2261726773223A5B5D2C2264656661756C74546F223A6E756C6C2C226E6F744E756C6C61626C65223A66616C73652C22756E7369676E6564223A747275657D2C7B226E616D65223A22757064617465645F62795F6964222C2274797065223A22696E7465676572222C2261726773223A5B5D2C2264656661756C74546F223A6E756C6C2C226E6F744E756C6C61626C65223A66616C73652C22756E7369676E6564223A747275657D2C7B226E616D65223A226C6F63616C65222C2274797065223A22737472696E67222C2261726773223A5B5D2C2264656661756C74546F223A6E756C6C2C226E6F744E756C6C61626C65223A66616C73652C22756E7369676E6564223A66616C73657D5D7D2C7B226E616D65223A227765625F73657474696E6773222C22696E6465786573223A5B7B226E616D65223A227765625F73657474696E67735F637265617465645F62795F69645F666B222C22636F6C756D6E73223A5B22637265617465645F62795F6964225D7D2C7B226E616D65223A227765625F73657474696E67735F757064617465645F62795F69645F666B222C22636F6C756D6E73223A5B22757064617465645F62795F6964225D7D5D2C22666F726569676E4B657973223A5B7B226E616D65223A227765625F73657474696E67735F637265617465645F62795F69645F666B222C22636F6C756D6E73223A5B22637265617465645F62795F6964225D2C227265666572656E6365645461626C65223A2261646D696E5F7573657273222C227265666572656E636564436F6C756D6E73223A5B226964225D2C226F6E44656C657465223A22534554204E554C4C227D2C7B226E616D65223A227765625F73657474696E67735F757064617465645F62795F69645F666B222C22636F6C756D6E73223A5B22757064617465645F62795F6964225D2C227265666572656E6365645461626C65223A2261646D696E5F7573657273222C227265666572656E636564436F6C756D6E73223A5B226964225D2C226F6E44656C657465223A22534554204E554C4C227D5D2C22636F6C756D6E73223A5B7B226E616D65223A226964222C2274797065223A22696E6372656D656E7473222C2261726773223A5B7B227072696D617279223A747275652C227072696D6172794B6579223A747275657D5D2C2264656661756C74546F223A6E756C6C2C226E6F744E756C6C61626C65223A747275652C22756E7369676E6564223A66616C73657D2C7B226E616D65223A2267746D5F636F6465222C2274797065223A22737472696E67222C2261726773223A5B5D2C2264656661756C74546F223A6E756C6C2C226E6F744E756C6C61626C65223A66616C73652C22756E7369676E6564223A66616C73657D2C7B226E616D65223A2266616365626F6F6B222C2274797065223A22737472696E67222C2261726773223A5B5D2C2264656661756C74546F223A6E756C6C2C226E6F744E756C6C61626C65223A66616C73652C22756E7369676E6564223A66616C73657D2C7B226E616D65223A2274776974746572222C2274797065223A22737472696E67222C2261726773223A5B5D2C2264656661756C74546F223A6E756C6C2C226E6F744E756C6C61626C65223A66616C73652C22756E7369676E6564223A66616C73657D2C7B226E616D65223A22696E7374616772616D222C2274797065223A22737472696E67222C2261726773223A5B5D2C2264656661756C74546F223A6E756C6C2C226E6F744E756C6C61626C65223A66616C73652C22756E7369676E6564223A66616C73657D2C7B226E616D65223A2270696E746572657374222C2274797065223A22737472696E67222C2261726773223A5B5D2C2264656661756C74546F223A6E756C6C2C226E6F744E756C6C61626C65223A66616C73652C22756E7369676E6564223A66616C73657D2C7B226E616D65223A22796F7574756265222C2274797065223A22737472696E67222C2261726773223A5B5D2C2264656661756C74546F223A6E756C6C2C226E6F744E756C6C61626C65223A66616C73652C22756E7369676E6564223A66616C73657D2C7B226E616D65223A226D61696C5F66726F6D222C2274797065223A22737472696E67222C2261726773223A5B5D2C2264656661756C74546F223A6E756C6C2C226E6F744E756C6C61626C65223A66616C73652C22756E7369676E6564223A66616C73657D2C7B226E616D65223A226D61696C5F746F222C2274797065223A22737472696E67222C2261726773223A5B5D2C2264656661756C74546F223A6E756C6C2C226E6F744E756C6C61626C65223A66616C73652C22756E7369676E6564223A66616C73657D2C7B226E616D65223A226D61696C5F7375626A656374222C2274797065223A22737472696E67222C2261726773223A5B5D2C2264656661756C74546F223A6E756C6C2C226E6F744E756C6C61626C65223A66616C73652C22756E7369676E6564223A66616C73657D2C7B226E616D65223A22637265617465645F6174222C2274797065223A226461746574696D65222C2261726773223A5B7B22757365547A223A66616C73652C22707265636973696F6E223A367D5D2C2264656661756C74546F223A6E756C6C2C226E6F744E756C6C61626C65223A66616C73652C22756E7369676E6564223A66616C73657D2C7B226E616D65223A22757064617465645F6174222C2274797065223A226461746574696D65222C2261726773223A5B7B22757365547A223A66616C73652C22707265636973696F6E223A367D5D2C2264656661756C74546F223A6E756C6C2C226E6F744E756C6C61626C65223A66616C73652C22756E7369676E6564223A66616C73657D2C7B226E616D65223A227075626C69736865645F6174222C2274797065223A226461746574696D65222C2261726773223A5B7B22757365547A223A66616C73652C22707265636973696F6E223A367D5D2C2264656661756C74546F223A6E756C6C2C226E6F744E756C6C61626C65223A66616C73652C22756E7369676E6564223A66616C73657D2C7B226E616D65223A22637265617465645F62795F6964222C2274797065223A22696E7465676572222C2261726773223A5B5D2C2264656661756C74546F223A6E756C6C2C226E6F744E756C6C61626C65223A66616C73652C22756E7369676E6564223A747275657D2C7B226E616D65223A22757064617465645F62795F6964222C2274797065223A22696E7465676572222C2261726773223A5B5D2C2264656661756C74546F223A6E756C6C2C226E6F744E756C6C61626C65223A66616C73652C22756E7369676E6564223A747275657D2C7B226E616D65223A2276756964222C2274797065223A22737472696E67222C2261726773223A5B5D2C2264656661756C74546F223A6E756C6C2C226E6F744E756C6C61626C65223A66616C73652C22756E7369676E6564223A66616C73657D2C7B226E616D65223A2276657273696F6E5F6E756D626572222C2274797065223A22696E7465676572222C2261726773223A5B5D2C2264656661756C74546F223A6E756C6C2C226E6F744E756C6C61626C65223A66616C73652C22756E7369676E6564223A66616C73657D2C7B226E616D65223A2269735F76697369626C655F696E5F6C6973745F76696577222C2274797065223A22626F6F6C65616E222C2261726773223A5B5D2C2264656661756C74546F223A6E756C6C2C226E6F744E756C6C61626C65223A66616C73652C22756E7369676E6564223A66616C73657D2C7B226E616D65223A226C6F63616C65222C2274797065223A22737472696E67222C2261726773223A5B5D2C2264656661756C74546F223A6E756C6C2C226E6F744E756C6C61626C65223A66616C73652C22756E7369676E6564223A66616C73657D5D7D2C7B226E616D65223A22636F6D706F6E656E74735F626C6F636B5F61727469636C655F64657461696C5F626C6F636B73222C22696E6465786573223A5B5D2C22666F726569676E4B657973223A5B5D2C22636F6C756D6E73223A5B7B226E616D65223A226964222C2274797065223A22696E6372656D656E7473222C2261726773223A5B7B227072696D617279223A747275652C227072696D6172794B6579223A747275657D5D2C2264656661756C74546F223A6E756C6C2C226E6F744E756C6C61626C65223A747275652C22756E7369676E6564223A66616C73657D2C7B226E616D65223A2273656374696F6E5F6964222C2274797065223A22737472696E67222C2261726773223A5B5D2C2264656661756C74546F223A6E756C6C2C226E6F744E756C6C61626C65223A66616C73652C22756E7369676E6564223A66616C73657D5D7D2C7B226E616D65223A22636F6D706F6E656E74735F626C6F636B5F61727469636C65735F6C6973745F626C6F636B73222C22696E6465786573223A5B5D2C22666F726569676E4B657973223A5B5D2C22636F6C756D6E73223A5B7B226E616D65223A226964222C2274797065223A22696E6372656D656E7473222C2261726773223A5B7B227072696D617279223A747275652C227072696D6172794B6579223A747275657D5D2C2264656661756C74546F223A6E756C6C2C226E6F744E756C6C61626C65223A747275652C22756E7369676E6564223A66616C73657D2C7B226E616D65223A2273656374696F6E5F6964222C2274797065223A22737472696E67222C2261726773223A5B5D2C2264656661756C74546F223A6E756C6C2C226E6F744E756C6C61626C65223A66616C73652C22756E7369676E6564223A66616C73657D5D7D2C7B226E616D65223A22636F6D706F6E656E74735F626C6F636B5F627574746F6E5F626C6F636B73222C22696E6465786573223A5B5D2C22666F726569676E4B657973223A5B5D2C22636F6C756D6E73223A5B7B226E616D65223A226964222C2274797065223A22696E6372656D656E7473222C2261726773223A5B7B227072696D617279223A747275652C227072696D6172794B6579223A747275657D5D2C2264656661756C74546F223A6E756C6C2C226E6F744E756C6C61626C65223A747275652C22756E7369676E6564223A66616C73657D2C7B226E616D65223A226C6162656C222C2274797065223A22737472696E67222C2261726773223A5B5D2C2264656661756C74546F223A6E756C6C2C226E6F744E756C6C61626C65223A66616C73652C22756E7369676E6564223A66616C73657D5D7D2C7B226E616D65223A22636F6D706F6E656E74735F626C6F636B5F6361726F7573656C5F626C6F636B73222C22696E6465786573223A5B5D2C22666F726569676E4B657973223A5B5D2C22636F6C756D6E73223A5B7B226E616D65223A226964222C2274797065223A22696E6372656D656E7473222C2261726773223A5B7B227072696D617279223A747275652C227072696D6172794B6579223A747275657D5D2C2264656661756C74546F223A6E756C6C2C226E6F744E756C6C61626C65223A747275652C22756E7369676E6564223A66616C73657D2C7B226E616D65223A22746578745F616C69676E222C2274797065223A22737472696E67222C2261726773223A5B5D2C2264656661756C74546F223A6E756C6C2C226E6F744E756C6C61626C65223A66616C73652C22756E7369676E6564223A66616C73657D2C7B226E616D65223A226175746F706C6179222C2274797065223A22626F6F6C65616E222C2261726773223A5B5D2C2264656661756C74546F223A6E756C6C2C226E6F744E756C6C61626C65223A66616C73652C22756E7369676E6564223A66616C73657D2C7B226E616D65223A22696E74657276616C222C2274797065223A22696E7465676572222C2261726773223A5B5D2C2264656661756C74546F223A6E756C6C2C226E6F744E756C6C61626C65223A66616C73652C22756E7369676E6564223A66616C73657D5D7D2C7B226E616D65223A22636F6D706F6E656E74735F626C6F636B5F6572726F725F706167655F626C6F636B73222C22696E6465786573223A5B5D2C22666F726569676E4B657973223A5B5D2C22636F6C756D6E73223A5B7B226E616D65223A226964222C2274797065223A22696E6372656D656E7473222C2261726773223A5B7B227072696D617279223A747275652C227072696D6172794B6579223A747275657D5D2C2264656661756C74546F223A6E756C6C2C226E6F744E756C6C61626C65223A747275652C22756E7369676E6564223A66616C73657D2C7B226E616D65223A22686561646C696E65222C2274797065223A22737472696E67222C2261726773223A5B5D2C2264656661756C74546F223A6E756C6C2C226E6F744E756C6C61626C65223A66616C73652C22756E7369676E6564223A66616C73657D2C7B226E616D65223A226465736372697074696F6E222C2274797065223A2274657874222C2261726773223A5B226C6F6E6774657874225D2C2264656661756C74546F223A6E756C6C2C226E6F744E756C6C61626C65223A66616C73652C22756E7369676E6564223A66616C73657D5D7D2C7B226E616D65223A22636F6D706F6E656E74735F626C6F636B5F67616C6C6572795F626C6F636B73222C22696E6465786573223A5B5D2C22666F726569676E4B657973223A5B5D2C22636F6C756D6E73223A5B7B226E616D65223A226964222C2274797065223A22696E6372656D656E7473222C2261726773223A5B7B227072696D617279223A747275652C227072696D6172794B6579223A747275657D5D2C2264656661756C74546F223A6E756C6C2C226E6F744E756C6C61626C65223A747275652C22756E7369676E6564223A66616C73657D5D7D2C7B226E616D65223A22636F6D706F6E656E74735F626C6F636B5F696D6167655F626C6F636B73222C22696E6465786573223A5B5D2C22666F726569676E4B657973223A5B5D2C22636F6C756D6E73223A5B7B226E616D65223A226964222C2274797065223A22696E6372656D656E7473222C2261726773223A5B7B227072696D617279223A747275652C227072696D6172794B6579223A747275657D5D2C2264656661756C74546F223A6E756C6C2C226E6F744E756C6C61626C65223A747275652C22756E7369676E6564223A66616C73657D5D7D2C7B226E616D65223A22636F6D706F6E656E74735F626C6F636B5F6C61746573745F61727469636C65735F626C6F636B73222C22696E6465786573223A5B5D2C22666F726569676E4B657973223A5B5D2C22636F6C756D6E73223A5B7B226E616D65223A226964222C2274797065223A22696E6372656D656E7473222C2261726773223A5B7B227072696D617279223A747275652C227072696D6172794B6579223A747275657D5D2C2264656661756C74546F223A6E756C6C2C226E6F744E756C6C61626C65223A747275652C22756E7369676E6564223A66616C73657D2C7B226E616D65223A2268656164696E67222C2274797065223A22737472696E67222C2261726773223A5B5D2C2264656661756C74546F223A6E756C6C2C226E6F744E756C6C61626C65223A66616C73652C22756E7369676E6564223A66616C73657D2C7B226E616D65223A22627574746F6E5F6C6162656C222C2274797065223A22737472696E67222C2261726773223A5B5D2C2264656661756C74546F223A6E756C6C2C226E6F744E756C6C61626C65223A66616C73652C22756E7369676E6564223A66616C73657D5D7D2C7B226E616D65223A22636F6D706F6E656E74735F626C6F636B5F6D61705F626C6F636B73222C22696E6465786573223A5B5D2C22666F726569676E4B657973223A5B5D2C22636F6C756D6E73223A5B7B226E616D65223A226964222C2274797065223A22696E6372656D656E7473222C2261726773223A5B7B227072696D617279223A747275652C227072696D6172794B6579223A747275657D5D2C2264656661756C74546F223A6E756C6C2C226E6F744E756C6C61626C65223A747275652C22756E7369676E6564223A66616C73657D2C7B226E616D65223A22627562626C655F74657874222C2274797065223A2274657874222C2261726773223A5B226C6F6E6774657874225D2C2264656661756C74546F223A6E756C6C2C226E6F744E756C6C61626C65223A66616C73652C22756E7369676E6564223A66616C73657D5D7D2C7B226E616D65223A22636F6D706F6E656E74735F626C6F636B5F726963685F746578745F626C6F636B73222C22696E6465786573223A5B5D2C22666F726569676E4B657973223A5B5D2C22636F6C756D6E73223A5B7B226E616D65223A226964222C2274797065223A22696E6372656D656E7473222C2261726773223A5B7B227072696D617279223A747275652C227072696D6172794B6579223A747275657D5D2C2264656661756C74546F223A6E756C6C2C226E6F744E756C6C61626C65223A747275652C22756E7369676E6564223A66616C73657D2C7B226E616D65223A22636F6E74656E74222C2274797065223A2274657874222C2261726773223A5B226C6F6E6774657874225D2C2264656661756C74546F223A6E756C6C2C226E6F744E756C6C61626C65223A66616C73652C22756E7369676E6564223A66616C73657D5D7D2C7B226E616D65223A22636F6D706F6E656E74735F626C6F636B5F74656D706C6174655F626C6F636B73222C22696E6465786573223A5B5D2C22666F726569676E4B657973223A5B5D2C22636F6C756D6E73223A5B7B226E616D65223A226964222C2274797065223A22696E6372656D656E7473222C2261726773223A5B7B227072696D617279223A747275652C227072696D6172794B6579223A747275657D5D2C2264656661756C74546F223A6E756C6C2C226E6F744E756C6C61626C65223A747275652C22756E7369676E6564223A66616C73657D5D7D2C7B226E616D65223A22636F6D706F6E656E74735F626C6F636B5F746573745F626C6F636B73222C22696E6465786573223A5B5D2C22666F726569676E4B657973223A5B5D2C22636F6C756D6E73223A5B7B226E616D65223A226964222C2274797065223A22696E6372656D656E7473222C2261726773223A5B7B227072696D617279223A747275652C227072696D6172794B6579223A747275657D5D2C2264656661756C74546F223A6E756C6C2C226E6F744E756C6C61626C65223A747275652C22756E7369676E6564223A66616C73657D2C7B226E616D65223A22746573745F74657874222C2274797065223A22737472696E67222C2261726773223A5B5D2C2264656661756C74546F223A6E756C6C2C226E6F744E756C6C61626C65223A66616C73652C22756E7369676E6564223A66616C73657D5D7D2C7B226E616D65223A22636F6D706F6E656E74735F626C6F636B5F766964656F5F626C6F636B73222C22696E6465786573223A5B5D2C22666F726569676E4B657973223A5B5D2C22636F6C756D6E73223A5B7B226E616D65223A226964222C2274797065223A22696E6372656D656E7473222C2261726773223A5B7B227072696D617279223A747275652C227072696D6172794B6579223A747275657D5D2C2264656661756C74546F223A6E756C6C2C226E6F744E756C6C61626C65223A747275652C22756E7369676E6564223A66616C73657D2C7B226E616D65223A226175746F706C6179222C2274797065223A22626F6F6C65616E222C2261726773223A5B5D2C2264656661756C74546F223A6E756C6C2C226E6F744E756C6C61626C65223A66616C73652C22756E7369676E6564223A66616C73657D2C7B226E616D65223A22766964656F5F6964222C2274797065223A22737472696E67222C2261726773223A5B5D2C2264656661756C74546F223A6E756C6C2C226E6F744E756C6C61626C65223A66616C73652C22756E7369676E6564223A66616C73657D2C7B226E616D65223A2275726C222C2274797065223A22737472696E67222C2261726773223A5B5D2C2264656661756C74546F223A6E756C6C2C226E6F744E756C6C61626C65223A66616C73652C22756E7369676E6564223A66616C73657D2C7B226E616D65223A227468756D626E61696C5F75726C222C2274797065223A22737472696E67222C2261726773223A5B5D2C2264656661756C74546F223A6E756C6C2C226E6F744E756C6C61626C65223A66616C73652C22756E7369676E6564223A66616C73657D5D7D2C7B226E616D65223A22636F6D706F6E656E74735F626C6F636B5F796F75747562655F76696D656F5F626C6F636B73222C22696E6465786573223A5B5D2C22666F726569676E4B657973223A5B5D2C22636F6C756D6E73223A5B7B226E616D65223A226964222C2274797065223A22696E6372656D656E7473222C2261726773223A5B7B227072696D617279223A747275652C227072696D6172794B6579223A747275657D5D2C2264656661756C74546F223A6E756C6C2C226E6F744E756C6C61626C65223A747275652C22756E7369676E6564223A66616C73657D2C7B226E616D65223A2275726C222C2274797065223A22737472696E67222C2261726773223A5B5D2C2264656661756C74546F223A6E756C6C2C226E6F744E756C6C61626C65223A66616C73652C22756E7369676E6564223A66616C73657D2C7B226E616D65223A2270726F7669646572222C2274797065223A22737472696E67222C2261726773223A5B5D2C2264656661756C74546F223A6E756C6C2C226E6F744E756C6C61626C65223A66616C73652C22756E7369676E6564223A66616C73657D2C7B226E616D65223A2270726F76696465725F756964222C2274797065223A22737472696E67222C2261726773223A5B5D2C2264656661756C74546F223A6E756C6C2C226E6F744E756C6C61626C65223A66616C73652C22756E7369676E6564223A66616C73657D2C7B226E616D65223A227769647468222C2274797065223A22696E7465676572222C2261726773223A5B5D2C2264656661756C74546F223A6E756C6C2C226E6F744E756C6C61626C65223A66616C73652C22756E7369676E6564223A66616C73657D2C7B226E616D65223A22686569676874222C2274797065223A22696E7465676572222C2261726773223A5B5D2C2264656661756C74546F223A6E756C6C2C226E6F744E756C6C61626C65223A66616C73652C22756E7369676E6564223A66616C73657D2C7B226E616D65223A227469746C65222C2274797065223A22737472696E67222C2261726773223A5B5D2C2264656661756C74546F223A6E756C6C2C226E6F744E756C6C61626C65223A66616C73652C22756E7369676E6564223A66616C73657D2C7B226E616D65223A227468756D626E61696C5F75726C222C2274797065223A22737472696E67222C2261726773223A5B5D2C2264656661756C74546F223A6E756C6C2C226E6F744E756C6C61626C65223A66616C73652C22756E7369676E6564223A66616C73657D5D7D2C7B226E616D65223A22636F6D706F6E656E74735F636F6D706C656D656E746172795F627574746F6E73222C22696E6465786573223A5B5D2C22666F726569676E4B657973223A5B5D2C22636F6C756D6E73223A5B7B226E616D65223A226964222C2274797065223A22696E6372656D656E7473222C2261726773223A5B7B227072696D617279223A747275652C227072696D6172794B6579223A747275657D5D2C2264656661756C74546F223A6E756C6C2C226E6F744E756C6C61626C65223A747275652C22756E7369676E6564223A66616C73657D2C7B226E616D65223A226C6162656C222C2274797065223A22737472696E67222C2261726773223A5B5D2C2264656661756C74546F223A6E756C6C2C226E6F744E756C6C61626C65223A66616C73652C22756E7369676E6564223A66616C73657D2C7B226E616D65223A226C696E6B5F65787465726E616C222C2274797065223A22737472696E67222C2261726773223A5B5D2C2264656661756C74546F223A6E756C6C2C226E6F744E756C6C61626C65223A66616C73652C22756E7369676E6564223A66616C73657D2C7B226E616D65223A226F70656E5F696E5F6E65775F746162222C2274797065223A22626F6F6C65616E222C2261726773223A5B5D2C2264656661756C74546F223A6E756C6C2C226E6F744E756C6C61626C65223A66616C73652C22756E7369676E6564223A66616C73657D5D7D2C7B226E616D65223A22636F6D706F6E656E74735F636F6D706C656D656E746172795F6361726F7573656C5F62616E6E657273222C22696E6465786573223A5B5D2C22666F726569676E4B657973223A5B5D2C22636F6C756D6E73223A5B7B226E616D65223A226964222C2274797065223A22696E6372656D656E7473222C2261726773223A5B7B227072696D617279223A747275652C227072696D6172794B6579223A747275657D5D2C2264656661756C74546F223A6E756C6C2C226E6F744E756C6C61626C65223A747275652C22756E7369676E6564223A66616C73657D2C7B226E616D65223A22686561646C696E65222C2274797065223A22737472696E67222C2261726773223A5B5D2C2264656661756C74546F223A6E756C6C2C226E6F744E756C6C61626C65223A66616C73652C22756E7369676E6564223A66616C73657D2C7B226E616D65223A226465736372697074696F6E222C2274797065223A2274657874222C2261726773223A5B226C6F6E6774657874225D2C2264656661756C74546F223A6E756C6C2C226E6F744E756C6C61626C65223A66616C73652C22756E7369676E6564223A66616C73657D2C7B226E616D65223A22746578745F616C69676E222C2274797065223A22737472696E67222C2261726773223A5B5D2C2264656661756C74546F223A6E756C6C2C226E6F744E756C6C61626C65223A66616C73652C22756E7369676E6564223A66616C73657D5D7D2C7B226E616D65223A22636F6D706F6E656E74735F636F6D706C656D656E746172795F65636F6D61696C73222C22696E6465786573223A5B5D2C22666F726569676E4B657973223A5B5D2C22636F6C756D6E73223A5B7B226E616D65223A226964222C2274797065223A22696E6372656D656E7473222C2261726773223A5B7B227072696D617279223A747275652C227072696D6172794B6579223A747275657D5D2C2264656661756C74546F223A6E756C6C2C226E6F744E756C6C61626C65223A747275652C22756E7369676E6564223A66616C73657D2C7B226E616D65223A226170695F6B6579222C2274797065223A22737472696E67222C2261726773223A5B5D2C2264656661756C74546F223A6E756C6C2C226E6F744E756C6C61626C65223A66616C73652C22756E7369676E6564223A66616C73657D2C7B226E616D65223A226C6973745F6964222C2274797065223A22737472696E67222C2261726773223A5B5D2C2264656661756C74546F223A6E756C6C2C226E6F744E756C6C61626C65223A66616C73652C22756E7369676E6564223A66616C73657D5D7D2C7B226E616D65223A22636F6D706F6E656E74735F636F6D706C656D656E746172795F67616C6C6572795F6974656D73222C22696E6465786573223A5B5D2C22666F726569676E4B657973223A5B5D2C22636F6C756D6E73223A5B7B226E616D65223A226964222C2274797065223A22696E6372656D656E7473222C2261726773223A5B7B227072696D617279223A747275652C227072696D6172794B6579223A747275657D5D2C2264656661756C74546F223A6E756C6C2C226E6F744E756C6C61626C65223A747275652C22756E7369676E6564223A66616C73657D5D7D2C7B226E616D65223A22636F6D706F6E656E74735F636F6D706C656D656E746172795F6770735F636F6F7264696E61746573222C22696E6465786573223A5B5D2C22666F726569676E4B657973223A5B5D2C22636F6C756D6E73223A5B7B226E616D65223A226964222C2274797065223A22696E6372656D656E7473222C2261726773223A5B7B227072696D617279223A747275652C227072696D6172794B6579223A747275657D5D2C2264656661756C74546F223A6E756C6C2C226E6F744E756C6C61626C65223A747275652C22756E7369676E6564223A66616C73657D2C7B226E616D65223A226C61746974756465222C2274797065223A22737472696E67222C2261726773223A5B5D2C2264656661756C74546F223A6E756C6C2C226E6F744E756C6C61626C65223A66616C73652C22756E7369676E6564223A66616C73657D2C7B226E616D65223A226C6F6E676974756465222C2274797065223A22737472696E67222C2261726773223A5B5D2C2264656661756C74546F223A6E756C6C2C226E6F744E756C6C61626C65223A66616C73652C22756E7369676E6564223A66616C73657D5D7D2C7B226E616D65223A22636F6D706F6E656E74735F636F6D706C656D656E746172795F6C696E6B73222C22696E6465786573223A5B5D2C22666F726569676E4B657973223A5B5D2C22636F6C756D6E73223A5B7B226E616D65223A226964222C2274797065223A22696E6372656D656E7473222C2261726773223A5B7B227072696D617279223A747275652C227072696D6172794B6579223A747275657D5D2C2264656661756C74546F223A6E756C6C2C226E6F744E756C6C61626C65223A747275652C22756E7369676E6564223A66616C73657D2C7B226E616D65223A2274657874222C2274797065223A22737472696E67222C2261726773223A5B5D2C2264656661756C74546F223A6E756C6C2C226E6F744E756C6C61626C65223A66616C73652C22756E7369676E6564223A66616C73657D2C7B226E616D65223A226C696E6B5F65787465726E616C222C2274797065223A22737472696E67222C2261726773223A5B5D2C2264656661756C74546F223A6E756C6C2C226E6F744E756C6C61626C65223A66616C73652C22756E7369676E6564223A66616C73657D5D7D2C7B226E616D65223A22636F6D706F6E656E74735F636F6D706C656D656E746172795F6D61696C6368696D7073222C22696E6465786573223A5B5D2C22666F726569676E4B657973223A5B5D2C22636F6C756D6E73223A5B7B226E616D65223A226964222C2274797065223A22696E6372656D656E7473222C2261726773223A5B7B227072696D617279223A747275652C227072696D6172794B6579223A747275657D5D2C2264656661756C74546F223A6E756C6C2C226E6F744E756C6C61626C65223A747275652C22756E7369676E6564223A66616C73657D2C7B226E616D65223A227365727665725F707265666978222C2274797065223A22737472696E67222C2261726773223A5B5D2C2264656661756C74546F223A6E756C6C2C226E6F744E756C6C61626C65223A66616C73652C22756E7369676E6564223A66616C73657D2C7B226E616D65223A226170695F6B6579222C2274797065223A22737472696E67222C2261726773223A5B5D2C2264656661756C74546F223A6E756C6C2C226E6F744E756C6C61626C65223A66616C73652C22756E7369676E6564223A66616C73657D2C7B226E616D65223A226C6973745F6964222C2274797065223A22737472696E67222C2261726773223A5B5D2C2264656661756C74546F223A6E756C6C2C226E6F744E756C6C61626C65223A66616C73652C22756E7369676E6564223A66616C73657D5D7D2C7B226E616D65223A22636F6D706F6E656E74735F636F6D706C656D656E746172795F746573745F636F6D706F6E656E7473222C22696E6465786573223A5B5D2C22666F726569676E4B657973223A5B5D2C22636F6C756D6E73223A5B7B226E616D65223A226964222C2274797065223A22696E6372656D656E7473222C2261726773223A5B7B227072696D617279223A747275652C227072696D6172794B6579223A747275657D5D2C2264656661756C74546F223A6E756C6C2C226E6F744E756C6C61626C65223A747275652C22756E7369676E6564223A66616C73657D2C7B226E616D65223A2274657874222C2274797065223A22737472696E67222C2261726773223A5B5D2C2264656661756C74546F223A6E756C6C2C226E6F744E756C6C61626C65223A66616C73652C22756E7369676E6564223A66616C73657D5D7D2C7B226E616D65223A22636F6D706F6E656E74735F6D656E755F6D656E755F6974656D73222C22696E6465786573223A5B5D2C22666F726569676E4B657973223A5B5D2C22636F6C756D6E73223A5B7B226E616D65223A226964222C2274797065223A22696E6372656D656E7473222C2261726773223A5B7B227072696D617279223A747275652C227072696D6172794B6579223A747275657D5D2C2264656661756C74546F223A6E756C6C2C226E6F744E756C6C61626C65223A747275652C22756E7369676E6564223A66616C73657D2C7B226E616D65223A226C6162656C222C2274797065223A22737472696E67222C2261726773223A5B5D2C2264656661756C74546F223A6E756C6C2C226E6F744E756C6C61626C65223A66616C73652C22756E7369676E6564223A66616C73657D2C7B226E616D65223A2265787465726E616C5F75726C222C2274797065223A22737472696E67222C2261726773223A5B5D2C2264656661756C74546F223A6E756C6C2C226E6F744E756C6C61626C65223A66616C73652C22756E7369676E6564223A66616C73657D2C7B226E616D65223A226F70656E5F696E5F6E65775F746162222C2274797065223A22626F6F6C65616E222C2261726773223A5B5D2C2264656661756C74546F223A6E756C6C2C226E6F744E756C6C61626C65223A66616C73652C22756E7369676E6564223A66616C73657D5D7D2C7B226E616D65223A22636F6D706F6E656E74735F7368617265645F66616C6C6261636B5F73656F73222C22696E6465786573223A5B5D2C22666F726569676E4B657973223A5B5D2C22636F6C756D6E73223A5B7B226E616D65223A226964222C2274797065223A22696E6372656D656E7473222C2261726773223A5B7B227072696D617279223A747275652C227072696D6172794B6579223A747275657D5D2C2264656661756C74546F223A6E756C6C2C226E6F744E756C6C61626C65223A747275652C22756E7369676E6564223A66616C73657D2C7B226E616D65223A226465736372697074696F6E222C2274797065223A2274657874222C2261726773223A5B226C6F6E6774657874225D2C2264656661756C74546F223A6E756C6C2C226E6F744E756C6C61626C65223A66616C73652C22756E7369676E6564223A66616C73657D2C7B226E616D65223A227469746C65222C2274797065223A22737472696E67222C2261726773223A5B5D2C2264656661756C74546F223A6E756C6C2C226E6F744E756C6C61626C65223A66616C73652C22756E7369676E6564223A66616C73657D2C7B226E616D65223A22747769747465725F63617264222C2274797065223A22737472696E67222C2261726773223A5B5D2C2264656661756C74546F223A6E756C6C2C226E6F744E756C6C61626C65223A66616C73652C22756E7369676E6564223A66616C73657D5D7D2C7B226E616D65223A22636F6D706F6E656E74735F7368617265645F66617669636F6E5F6D6574615F74616773222C22696E6465786573223A5B5D2C22666F726569676E4B657973223A5B5D2C22636F6C756D6E73223A5B7B226E616D65223A226964222C2274797065223A22696E6372656D656E7473222C2261726773223A5B7B227072696D617279223A747275652C227072696D6172794B6579223A747275657D5D2C2264656661756C74546F223A6E756C6C2C226E6F744E756C6C61626C65223A747275652C22756E7369676E6564223A66616C73657D2C7B226E616D65223A22746167222C2274797065223A22737472696E67222C2261726773223A5B5D2C2264656661756C74546F223A6E756C6C2C226E6F744E756C6C61626C65223A66616C73652C22756E7369676E6564223A66616C73657D2C7B226E616D65223A2261747472696275746573222C2274797065223A2274657874222C2261726773223A5B226C6F6E6774657874225D2C2264656661756C74546F223A6E756C6C2C226E6F744E756C6C61626C65223A66616C73652C22756E7369676E6564223A66616C73657D2C7B226E616D65223A22636F6E74656E74222C2274797065223A2274657874222C2261726773223A5B226C6F6E6774657874225D2C2264656661756C74546F223A6E756C6C2C226E6F744E756C6C61626C65223A66616C73652C22756E7369676E6564223A66616C73657D5D7D2C7B226E616D65223A22636F6D706F6E656E74735F7368617265645F676C6F62616C5F73656F73222C22696E6465786573223A5B5D2C22666F726569676E4B657973223A5B5D2C22636F6C756D6E73223A5B7B226E616D65223A226964222C2274797065223A22696E6372656D656E7473222C2261726773223A5B7B227072696D617279223A747275652C227072696D6172794B6579223A747275657D5D2C2264656661756C74546F223A6E756C6C2C226E6F744E756C6C61626C65223A747275652C22756E7369676E6564223A66616C73657D2C7B226E616D65223A22736974655F6E616D65222C2274797065223A22737472696E67222C2261726773223A5B5D2C2264656661756C74546F223A6E756C6C2C226E6F744E756C6C61626C65223A66616C73652C22756E7369676E6564223A66616C73657D2C7B226E616D65223A227469746C655F737566666978222C2274797065223A22737472696E67222C2261726773223A5B5D2C2264656661756C74546F223A6E756C6C2C226E6F744E756C6C61626C65223A66616C73652C22756E7369676E6564223A66616C73657D2C7B226E616D65223A2266616365626F6F6B5F706167655F75726C222C2274797065223A22737472696E67222C2261726773223A5B5D2C2264656661756C74546F223A6E756C6C2C226E6F744E756C6C61626C65223A66616C73652C22756E7369676E6564223A66616C73657D2C7B226E616D65223A22747769747465725F6163636F756E74222C2274797065223A22737472696E67222C2261726773223A5B5D2C2264656661756C74546F223A6E756C6C2C226E6F744E756C6C61626C65223A66616C73652C22756E7369676E6564223A66616C73657D5D7D2C7B226E616D65223A22636F6D706F6E656E74735F7368617265645F6D6574615F736F6369616C73222C22696E6465786573223A5B5D2C22666F726569676E4B657973223A5B5D2C22636F6C756D6E73223A5B7B226E616D65223A226964222C2274797065223A22696E6372656D656E7473222C2261726773223A5B7B227072696D617279223A747275652C227072696D6172794B6579223A747275657D5D2C2264656661756C74546F223A6E756C6C2C226E6F744E756C6C61626C65223A747275652C22756E7369676E6564223A66616C73657D2C7B226E616D65223A22736F6369616C5F6E6574776F726B222C2274797065223A22737472696E67222C2261726773223A5B5D2C2264656661756C74546F223A6E756C6C2C226E6F744E756C6C61626C65223A66616C73652C22756E7369676E6564223A66616C73657D2C7B226E616D65223A227469746C65222C2274797065223A22737472696E67222C2261726773223A5B5D2C2264656661756C74546F223A6E756C6C2C226E6F744E756C6C61626C65223A66616C73652C22756E7369676E6564223A66616C73657D2C7B226E616D65223A226465736372697074696F6E222C2274797065223A22737472696E67222C2261726773223A5B5D2C2264656661756C74546F223A6E756C6C2C226E6F744E756C6C61626C65223A66616C73652C22756E7369676E6564223A66616C73657D5D7D2C7B226E616D65223A22636F6D706F6E656E74735F7368617265645F6D65746173222C22696E6465786573223A5B5D2C22666F726569676E4B657973223A5B5D2C22636F6C756D6E73223A5B7B226E616D65223A226964222C2274797065223A22696E6372656D656E7473222C2261726773223A5B7B227072696D617279223A747275652C227072696D6172794B6579223A747275657D5D2C2264656661756C74546F223A6E756C6C2C226E6F744E756C6C61626C65223A747275652C22756E7369676E6564223A66616C73657D2C7B226E616D65223A226E616D65222C2274797065223A22737472696E67222C2261726773223A5B5D2C2264656661756C74546F223A6E756C6C2C226E6F744E756C6C61626C65223A66616C73652C22756E7369676E6564223A66616C73657D2C7B226E616D65223A22636F6E74656E74222C2274797065223A2274657874222C2261726773223A5B226C6F6E6774657874225D2C2264656661756C74546F223A6E756C6C2C226E6F744E756C6C61626C65223A66616C73652C22756E7369676E6564223A66616C73657D5D7D2C7B226E616D65223A22636F6D706F6E656E74735F7368617265645F73656F73222C22696E6465786573223A5B5D2C22666F726569676E4B657973223A5B5D2C22636F6C756D6E73223A5B7B226E616D65223A226964222C2274797065223A22696E6372656D656E7473222C2261726773223A5B7B227072696D617279223A747275652C227072696D6172794B6579223A747275657D5D2C2264656661756C74546F223A6E756C6C2C226E6F744E756C6C61626C65223A747275652C22756E7369676E6564223A66616C73657D2C7B226E616D65223A226D6574615F7469746C65222C2274797065223A22737472696E67222C2261726773223A5B5D2C2264656661756C74546F223A6E756C6C2C226E6F744E756C6C61626C65223A66616C73652C22756E7369676E6564223A66616C73657D2C7B226E616D65223A226D6574615F6465736372697074696F6E222C2274797065223A22737472696E67222C2261726773223A5B5D2C2264656661756C74546F223A6E756C6C2C226E6F744E756C6C61626C65223A66616C73652C22756E7369676E6564223A66616C73657D2C7B226E616D65223A226B6579776F726473222C2274797065223A2274657874222C2261726773223A5B226C6F6E6774657874225D2C2264656661756C74546F223A6E756C6C2C226E6F744E756C6C61626C65223A66616C73652C22756E7369676E6564223A66616C73657D2C7B226E616D65223A226D6574615F726F626F7473222C2274797065223A22737472696E67222C2261726773223A5B5D2C2264656661756C74546F223A6E756C6C2C226E6F744E756C6C61626C65223A66616C73652C22756E7369676E6564223A66616C73657D2C7B226E616D65223A22737472756374757265645F64617461222C2274797065223A226A736F6E62222C2261726773223A5B5D2C2264656661756C74546F223A6E756C6C2C226E6F744E756C6C61626C65223A66616C73652C22756E7369676E6564223A66616C73657D2C7B226E616D65223A226D6574615F76696577706F7274222C2274797065223A22737472696E67222C2261726773223A5B5D2C2264656661756C74546F223A6E756C6C2C226E6F744E756C6C61626C65223A66616C73652C22756E7369676E6564223A66616C73657D2C7B226E616D65223A2263616E6F6E6963616C5F75726C222C2274797065223A22737472696E67222C2261726773223A5B5D2C2264656661756C74546F223A6E756C6C2C226E6F744E756C6C61626C65223A66616C73652C22756E7369676E6564223A66616C73657D2C7B226E616D65223A2270726576656E745F696E646578696E67222C2274797065223A22626F6F6C65616E222C2261726773223A5B5D2C2264656661756C74546F223A6E756C6C2C226E6F744E756C6C61626C65223A66616C73652C22756E7369676E6564223A66616C73657D2C7B226E616D65223A227469746C65222C2274797065223A22737472696E67222C2261726773223A5B5D2C2264656661756C74546F223A6E756C6C2C226E6F744E756C6C61626C65223A66616C73652C22756E7369676E6564223A66616C73657D5D7D2C7B226E616D65223A22636F6D706F6E656E74735F7368617265645F736974656D617073222C22696E6465786573223A5B5D2C22666F726569676E4B657973223A5B5D2C22636F6C756D6E73223A5B7B226E616D65223A226964222C2274797065223A22696E6372656D656E7473222C2261726773223A5B7B227072696D617279223A747275652C227072696D6172794B6579223A747275657D5D2C2264656661756C74546F223A6E756C6C2C226E6F744E756C6C61626C65223A747275652C22756E7369676E6564223A66616C73657D2C7B226E616D65223A22656E61626C6564222C2274797065223A22626F6F6C65616E222C2261726773223A5B5D2C2264656661756C74546F223A6E756C6C2C226E6F744E756C6C61626C65223A66616C73652C22756E7369676E6564223A66616C73657D2C7B226E616D65223A226368616E67655F6672657175656E6379222C2274797065223A22737472696E67222C2261726773223A5B5D2C2264656661756C74546F223A6E756C6C2C226E6F744E756C6C61626C65223A66616C73652C22756E7369676E6564223A66616C73657D2C7B226E616D65223A227072696F72697479222C2274797065223A22646563696D616C222C2261726773223A5B31302C325D2C2264656661756C74546F223A6E756C6C2C226E6F744E756C6C61626C65223A66616C73652C22756E7369676E6564223A66616C73657D5D7D2C7B226E616D65223A2261646D696E5F7065726D697373696F6E735F726F6C655F6C696E6B73222C22696E6465786573223A5B7B226E616D65223A2261646D696E5F7065726D697373696F6E735F726F6C655F6C696E6B735F666B222C22636F6C756D6E73223A5B227065726D697373696F6E5F6964225D7D2C7B226E616D65223A2261646D696E5F7065726D697373696F6E735F726F6C655F6C696E6B735F696E765F666B222C22636F6C756D6E73223A5B22726F6C655F6964225D7D2C7B226E616D65223A2261646D696E5F7065726D697373696F6E735F726F6C655F6C696E6B735F756E69717565222C22636F6C756D6E73223A5B227065726D697373696F6E5F6964222C22726F6C655F6964225D2C2274797065223A22756E69717565227D2C7B226E616D65223A2261646D696E5F7065726D697373696F6E735F726F6C655F6C696E6B735F6F726465725F696E765F666B222C22636F6C756D6E73223A5B227065726D697373696F6E5F6F72646572225D7D5D2C22666F726569676E4B657973223A5B7B226E616D65223A2261646D696E5F7065726D697373696F6E735F726F6C655F6C696E6B735F666B222C22636F6C756D6E73223A5B227065726D697373696F6E5F6964225D2C227265666572656E636564436F6C756D6E73223A5B226964225D2C227265666572656E6365645461626C65223A2261646D696E5F7065726D697373696F6E73222C226F6E44656C657465223A2243415343414445227D2C7B226E616D65223A2261646D696E5F7065726D697373696F6E735F726F6C655F6C696E6B735F696E765F666B222C22636F6C756D6E73223A5B22726F6C655F6964225D2C227265666572656E636564436F6C756D6E73223A5B226964225D2C227265666572656E6365645461626C65223A2261646D696E5F726F6C6573222C226F6E44656C657465223A2243415343414445227D5D2C22636F6C756D6E73223A5B7B226E616D65223A226964222C2274797065223A22696E6372656D656E7473222C2261726773223A5B7B227072696D617279223A747275652C227072696D6172794B6579223A747275657D5D2C2264656661756C74546F223A6E756C6C2C226E6F744E756C6C61626C65223A747275652C22756E7369676E6564223A66616C73657D2C7B226E616D65223A227065726D697373696F6E5F6964222C2274797065223A22696E7465676572222C2261726773223A5B5D2C2264656661756C74546F223A6E756C6C2C226E6F744E756C6C61626C65223A66616C73652C22756E7369676E6564223A747275657D2C7B226E616D65223A22726F6C655F6964222C2274797065223A22696E7465676572222C2261726773223A5B5D2C2264656661756C74546F223A6E756C6C2C226E6F744E756C6C61626C65223A66616C73652C22756E7369676E6564223A747275657D2C7B226E616D65223A227065726D697373696F6E5F6F72646572222C2274797065223A22646F75626C65222C2261726773223A5B5D2C2264656661756C74546F223A6E756C6C2C226E6F744E756C6C61626C65223A66616C73652C22756E7369676E6564223A747275657D5D7D2C7B226E616D65223A2261646D696E5F75736572735F726F6C65735F6C696E6B73222C22696E6465786573223A5B7B226E616D65223A2261646D696E5F75736572735F726F6C65735F6C696E6B735F666B222C22636F6C756D6E73223A5B22757365725F6964225D7D2C7B226E616D65223A2261646D696E5F75736572735F726F6C65735F6C696E6B735F696E765F666B222C22636F6C756D6E73223A5B22726F6C655F6964225D7D2C7B226E616D65223A2261646D696E5F75736572735F726F6C65735F6C696E6B735F756E69717565222C22636F6C756D6E73223A5B22757365725F6964222C22726F6C655F6964225D2C2274797065223A22756E69717565227D2C7B226E616D65223A2261646D696E5F75736572735F726F6C65735F6C696E6B735F6F726465725F666B222C22636F6C756D6E73223A5B22726F6C655F6F72646572225D7D2C7B226E616D65223A2261646D696E5F75736572735F726F6C65735F6C696E6B735F6F726465725F696E765F666B222C22636F6C756D6E73223A5B22757365725F6F72646572225D7D5D2C22666F726569676E4B657973223A5B7B226E616D65223A2261646D696E5F75736572735F726F6C65735F6C696E6B735F666B222C22636F6C756D6E73223A5B22757365725F6964225D2C227265666572656E636564436F6C756D6E73223A5B226964225D2C227265666572656E6365645461626C65223A2261646D696E5F7573657273222C226F6E44656C657465223A2243415343414445227D2C7B226E616D65223A2261646D696E5F75736572735F726F6C65735F6C696E6B735F696E765F666B222C22636F6C756D6E73223A5B22726F6C655F6964225D2C227265666572656E636564436F6C756D6E73223A5B226964225D2C227265666572656E6365645461626C65223A2261646D696E5F726F6C6573222C226F6E44656C657465223A2243415343414445227D5D2C22636F6C756D6E73223A5B7B226E616D65223A226964222C2274797065223A22696E6372656D656E7473222C2261726773223A5B7B227072696D617279223A747275652C227072696D6172794B6579223A747275657D5D2C2264656661756C74546F223A6E756C6C2C226E6F744E756C6C61626C65223A747275652C22756E7369676E6564223A66616C73657D2C7B226E616D65223A22757365725F6964222C2274797065223A22696E7465676572222C2261726773223A5B5D2C2264656661756C74546F223A6E756C6C2C226E6F744E756C6C61626C65223A66616C73652C22756E7369676E6564223A747275657D2C7B226E616D65223A22726F6C655F6964222C2274797065223A22696E7465676572222C2261726773223A5B5D2C2264656661756C74546F223A6E756C6C2C226E6F744E756C6C61626C65223A66616C73652C22756E7369676E6564223A747275657D2C7B226E616D65223A22726F6C655F6F72646572222C2274797065223A22646F75626C65222C2261726773223A5B5D2C2264656661756C74546F223A6E756C6C2C226E6F744E756C6C61626C65223A66616C73652C22756E7369676E6564223A747275657D2C7B226E616D65223A22757365725F6F72646572222C2274797065223A22646F75626C65222C2261726773223A5B5D2C2264656661756C74546F223A6E756C6C2C226E6F744E756C6C61626C65223A66616C73652C22756E7369676E6564223A747275657D5D7D2C7B226E616D65223A227374726170695F6170695F746F6B656E5F7065726D697373696F6E735F746F6B656E5F6C696E6B73222C22696E6465786573223A5B7B226E616D65223A227374726170695F6170695F746F6B656E5F7065726D697373696F6E735F746F6B656E5F6C696E6B735F666B222C22636F6C756D6E73223A5B226170695F746F6B656E5F7065726D697373696F6E5F6964225D7D2C7B226E616D65223A227374726170695F6170695F746F6B656E5F7065726D697373696F6E735F746F6B656E5F6C696E6B735F696E765F666B222C22636F6C756D6E73223A5B226170695F746F6B656E5F6964225D7D2C7B226E616D65223A227374726170695F6170695F746F6B656E5F7065726D697373696F6E735F746F6B656E5F6C696E6B735F756E69717565222C22636F6C756D6E73223A5B226170695F746F6B656E5F7065726D697373696F6E5F6964222C226170695F746F6B656E5F6964225D2C2274797065223A22756E69717565227D2C7B226E616D65223A227374726170695F6170695F746F6B656E5F7065726D697373696F6E735F746F6B656E5F6C696E6B735F6F726465725F696E765F666B222C22636F6C756D6E73223A5B226170695F746F6B656E5F7065726D697373696F6E5F6F72646572225D7D5D2C22666F726569676E4B657973223A5B7B226E616D65223A227374726170695F6170695F746F6B656E5F7065726D697373696F6E735F746F6B656E5F6C696E6B735F666B222C22636F6C756D6E73223A5B226170695F746F6B656E5F7065726D697373696F6E5F6964225D2C227265666572656E636564436F6C756D6E73223A5B226964225D2C227265666572656E6365645461626C65223A227374726170695F6170695F746F6B656E5F7065726D697373696F6E73222C226F6E44656C657465223A2243415343414445227D2C7B226E616D65223A227374726170695F6170695F746F6B656E5F7065726D697373696F6E735F746F6B656E5F6C696E6B735F696E765F666B222C22636F6C756D6E73223A5B226170695F746F6B656E5F6964225D2C227265666572656E636564436F6C756D6E73223A5B226964225D2C227265666572656E6365645461626C65223A227374726170695F6170695F746F6B656E73222C226F6E44656C657465223A2243415343414445227D5D2C22636F6C756D6E73223A5B7B226E616D65223A226964222C2274797065223A22696E6372656D656E7473222C2261726773223A5B7B227072696D617279223A747275652C227072696D6172794B6579223A747275657D5D2C2264656661756C74546F223A6E756C6C2C226E6F744E756C6C61626C65223A747275652C22756E7369676E6564223A66616C73657D2C7B226E616D65223A226170695F746F6B656E5F7065726D697373696F6E5F6964222C2274797065223A22696E7465676572222C2261726773223A5B5D2C2264656661756C74546F223A6E756C6C2C226E6F744E756C6C61626C65223A66616C73652C22756E7369676E6564223A747275657D2C7B226E616D65223A226170695F746F6B656E5F6964222C2274797065223A22696E7465676572222C2261726773223A5B5D2C2264656661756C74546F223A6E756C6C2C226E6F744E756C6C61626C65223A66616C73652C22756E7369676E6564223A747275657D2C7B226E616D65223A226170695F746F6B656E5F7065726D697373696F6E5F6F72646572222C2274797065223A22646F75626C65222C2261726773223A5B5D2C2264656661756C74546F223A6E756C6C2C226E6F744E756C6C61626C65223A66616C73652C22756E7369676E6564223A747275657D5D7D2C7B226E616D65223A227374726170695F7472616E736665725F746F6B656E5F7065726D697373696F6E735F746F6B656E5F6C696E6B73222C22696E6465786573223A5B7B226E616D65223A227374726170695F7472616E736665725F746F6B656E5F7065726D697373696F6E735F746F6B656E5F6C696E6B735F666B222C22636F6C756D6E73223A5B227472616E736665725F746F6B656E5F7065726D697373696F6E5F6964225D7D2C7B226E616D65223A227374726170695F7472616E736665725F746F6B656E5F7065726D697373696F6E735F746F6B656E5F6C696E6B735F696E765F666B222C22636F6C756D6E73223A5B227472616E736665725F746F6B656E5F6964225D7D2C7B226E616D65223A227374726170695F7472616E736665725F746F6B656E5F7065726D697373696F6E735F746F6B656E5F6C696E6B735F756E69717565222C22636F6C756D6E73223A5B227472616E736665725F746F6B656E5F7065726D697373696F6E5F6964222C227472616E736665725F746F6B656E5F6964225D2C2274797065223A22756E69717565227D2C7B226E616D65223A227374726170695F7472616E736665725F746F6B656E5F7065726D697373696F6E735F746F6B656E5F6C696E6B735F6F726465725F696E765F666B222C22636F6C756D6E73223A5B227472616E736665725F746F6B656E5F7065726D697373696F6E5F6F72646572225D7D5D2C22666F726569676E4B657973223A5B7B226E616D65223A227374726170695F7472616E736665725F746F6B656E5F7065726D697373696F6E735F746F6B656E5F6C696E6B735F666B222C22636F6C756D6E73223A5B227472616E736665725F746F6B656E5F7065726D697373696F6E5F6964225D2C227265666572656E636564436F6C756D6E73223A5B226964225D2C227265666572656E6365645461626C65223A227374726170695F7472616E736665725F746F6B656E5F7065726D697373696F6E73222C226F6E44656C657465223A2243415343414445227D2C7B226E616D65223A227374726170695F7472616E736665725F746F6B656E5F7065726D697373696F6E735F746F6B656E5F6C696E6B735F696E765F666B222C22636F6C756D6E73223A5B227472616E736665725F746F6B656E5F6964225D2C227265666572656E636564436F6C756D6E73223A5B226964225D2C227265666572656E6365645461626C65223A227374726170695F7472616E736665725F746F6B656E73222C226F6E44656C657465223A2243415343414445227D5D2C22636F6C756D6E73223A5B7B226E616D65223A226964222C2274797065223A22696E6372656D656E7473222C2261726773223A5B7B227072696D617279223A747275652C227072696D6172794B6579223A747275657D5D2C2264656661756C74546F223A6E756C6C2C226E6F744E756C6C61626C65223A747275652C22756E7369676E6564223A66616C73657D2C7B226E616D65223A227472616E736665725F746F6B656E5F7065726D697373696F6E5F6964222C2274797065223A22696E7465676572222C2261726773223A5B5D2C2264656661756C74546F223A6E756C6C2C226E6F744E756C6C61626C65223A66616C73652C22756E7369676E6564223A747275657D2C7B226E616D65223A227472616E736665725F746F6B656E5F6964222C2274797065223A22696E7465676572222C2261726773223A5B5D2C2264656661756C74546F223A6E756C6C2C226E6F744E756C6C61626C65223A66616C73652C22756E7369676E6564223A747275657D2C7B226E616D65223A227472616E736665725F746F6B656E5F7065726D697373696F6E5F6F72646572222C2274797065223A22646F75626C65222C2261726773223A5B5D2C2264656661756C74546F223A6E756C6C2C226E6F744E756C6C61626C65223A66616C73652C22756E7369676E6564223A747275657D5D7D2C7B226E616D65223A2266696C65735F72656C617465645F6D6F72706873222C22696E6465786573223A5B7B226E616D65223A2266696C65735F72656C617465645F6D6F727068735F666B222C22636F6C756D6E73223A5B2266696C655F6964225D7D5D2C22666F726569676E4B657973223A5B7B226E616D65223A2266696C65735F72656C617465645F6D6F727068735F666B222C22636F6C756D6E73223A5B2266696C655F6964225D2C227265666572656E636564436F6C756D6E73223A5B226964225D2C227265666572656E6365645461626C65223A2266696C6573222C226F6E44656C657465223A2243415343414445227D5D2C22636F6C756D6E73223A5B7B226E616D65223A226964222C2274797065223A22696E6372656D656E7473222C2261726773223A5B7B227072696D617279223A747275652C227072696D6172794B6579223A747275657D5D2C2264656661756C74546F223A6E756C6C2C226E6F744E756C6C61626C65223A747275652C22756E7369676E6564223A66616C73657D2C7B226E616D65223A2266696C655F6964222C2274797065223A22696E7465676572222C2261726773223A5B5D2C2264656661756C74546F223A6E756C6C2C226E6F744E756C6C61626C65223A66616C73652C22756E7369676E6564223A747275657D2C7B226E616D65223A2272656C617465645F6964222C2274797065223A22696E7465676572222C2261726773223A5B5D2C2264656661756C74546F223A6E756C6C2C226E6F744E756C6C61626C65223A66616C73652C22756E7369676E6564223A747275657D2C7B226E616D65223A2272656C617465645F74797065222C2274797065223A22737472696E67222C2261726773223A5B5D2C2264656661756C74546F223A6E756C6C2C226E6F744E756C6C61626C65223A66616C73652C22756E7369676E6564223A66616C73657D2C7B226E616D65223A226669656C64222C2274797065223A22737472696E67222C2261726773223A5B5D2C2264656661756C74546F223A6E756C6C2C226E6F744E756C6C61626C65223A66616C73652C22756E7369676E6564223A66616C73657D2C7B226E616D65223A226F72646572222C2274797065223A22646F75626C65222C2261726773223A5B5D2C2264656661756C74546F223A6E756C6C2C226E6F744E756C6C61626C65223A66616C73652C22756E7369676E6564223A747275657D5D7D2C7B226E616D65223A2266696C65735F666F6C6465725F6C696E6B73222C22696E6465786573223A5B7B226E616D65223A2266696C65735F666F6C6465725F6C696E6B735F666B222C22636F6C756D6E73223A5B2266696C655F6964225D7D2C7B226E616D65223A2266696C65735F666F6C6465725F6C696E6B735F696E765F666B222C22636F6C756D6E73223A5B22666F6C6465725F6964225D7D2C7B226E616D65223A2266696C65735F666F6C6465725F6C696E6B735F756E69717565222C22636F6C756D6E73223A5B2266696C655F6964222C22666F6C6465725F6964225D2C2274797065223A22756E69717565227D2C7B226E616D65223A2266696C65735F666F6C6465725F6C696E6B735F6F726465725F696E765F666B222C22636F6C756D6E73223A5B2266696C655F6F72646572225D7D5D2C22666F726569676E4B657973223A5B7B226E616D65223A2266696C65735F666F6C6465725F6C696E6B735F666B222C22636F6C756D6E73223A5B2266696C655F6964225D2C227265666572656E636564436F6C756D6E73223A5B226964225D2C227265666572656E6365645461626C65223A2266696C6573222C226F6E44656C657465223A2243415343414445227D2C7B226E616D65223A2266696C65735F666F6C6465725F6C696E6B735F696E765F666B222C22636F6C756D6E73223A5B22666F6C6465725F6964225D2C227265666572656E636564436F6C756D6E73223A5B226964225D2C227265666572656E6365645461626C65223A2275706C6F61645F666F6C64657273222C226F6E44656C657465223A2243415343414445227D5D2C22636F6C756D6E73223A5B7B226E616D65223A226964222C2274797065223A22696E6372656D656E7473222C2261726773223A5B7B227072696D617279223A747275652C227072696D6172794B6579223A747275657D5D2C2264656661756C74546F223A6E756C6C2C226E6F744E756C6C61626C65223A747275652C22756E7369676E6564223A66616C73657D2C7B226E616D65223A2266696C655F6964222C2274797065223A22696E7465676572222C2261726773223A5B5D2C2264656661756C74546F223A6E756C6C2C226E6F744E756C6C61626C65223A66616C73652C22756E7369676E6564223A747275657D2C7B226E616D65223A22666F6C6465725F6964222C2274797065223A22696E7465676572222C2261726773223A5B5D2C2264656661756C74546F223A6E756C6C2C226E6F744E756C6C61626C65223A66616C73652C22756E7369676E6564223A747275657D2C7B226E616D65223A2266696C655F6F72646572222C2274797065223A22646F75626C65222C2261726773223A5B5D2C2264656661756C74546F223A6E756C6C2C226E6F744E756C6C61626C65223A66616C73652C22756E7369676E6564223A747275657D5D7D2C7B226E616D65223A2275706C6F61645F666F6C646572735F706172656E745F6C696E6B73222C22696E6465786573223A5B7B226E616D65223A2275706C6F61645F666F6C646572735F706172656E745F6C696E6B735F666B222C22636F6C756D6E73223A5B22666F6C6465725F6964225D7D2C7B226E616D65223A2275706C6F61645F666F6C646572735F706172656E745F6C696E6B735F696E765F666B222C22636F6C756D6E73223A5B22696E765F666F6C6465725F6964225D7D2C7B226E616D65223A2275706C6F61645F666F6C646572735F706172656E745F6C696E6B735F756E69717565222C22636F6C756D6E73223A5B22666F6C6465725F6964222C22696E765F666F6C6465725F6964225D2C2274797065223A22756E69717565227D2C7B226E616D65223A2275706C6F61645F666F6C646572735F706172656E745F6C696E6B735F6F726465725F696E765F666B222C22636F6C756D6E73223A5B22666F6C6465725F6F72646572225D7D5D2C22666F726569676E4B657973223A5B7B226E616D65223A2275706C6F61645F666F6C646572735F706172656E745F6C696E6B735F666B222C22636F6C756D6E73223A5B22666F6C6465725F6964225D2C227265666572656E636564436F6C756D6E73223A5B226964225D2C227265666572656E6365645461626C65223A2275706C6F61645F666F6C64657273222C226F6E44656C657465223A2243415343414445227D2C7B226E616D65223A2275706C6F61645F666F6C646572735F706172656E745F6C696E6B735F696E765F666B222C22636F6C756D6E73223A5B22696E765F666F6C6465725F6964225D2C227265666572656E636564436F6C756D6E73223A5B226964225D2C227265666572656E6365645461626C65223A2275706C6F61645F666F6C64657273222C226F6E44656C657465223A2243415343414445227D5D2C22636F6C756D6E73223A5B7B226E616D65223A226964222C2274797065223A22696E6372656D656E7473222C2261726773223A5B7B227072696D617279223A747275652C227072696D6172794B6579223A747275657D5D2C2264656661756C74546F223A6E756C6C2C226E6F744E756C6C61626C65223A747275652C22756E7369676E6564223A66616C73657D2C7B226E616D65223A22666F6C6465725F6964222C2274797065223A22696E7465676572222C2261726773223A5B5D2C2264656661756C74546F223A6E756C6C2C226E6F744E756C6C61626C65223A66616C73652C22756E7369676E6564223A747275657D2C7B226E616D65223A22696E765F666F6C6465725F6964222C2274797065223A22696E7465676572222C2261726773223A5B5D2C2264656661756C74546F223A6E756C6C2C226E6F744E756C6C61626C65223A66616C73652C22756E7369676E6564223A747275657D2C7B226E616D65223A22666F6C6465725F6F72646572222C2274797065223A22646F75626C65222C2261726773223A5B5D2C2264656661756C74546F223A6E756C6C2C226E6F744E756C6C61626C65223A66616C73652C22756E7369676E6564223A747275657D5D7D2C7B226E616D65223A2275705F7065726D697373696F6E735F726F6C655F6C696E6B73222C22696E6465786573223A5B7B226E616D65223A2275705F7065726D697373696F6E735F726F6C655F6C696E6B735F666B222C22636F6C756D6E73223A5B227065726D697373696F6E5F6964225D7D2C7B226E616D65223A2275705F7065726D697373696F6E735F726F6C655F6C696E6B735F696E765F666B222C22636F6C756D6E73223A5B22726F6C655F6964225D7D2C7B226E616D65223A2275705F7065726D697373696F6E735F726F6C655F6C696E6B735F756E69717565222C22636F6C756D6E73223A5B227065726D697373696F6E5F6964222C22726F6C655F6964225D2C2274797065223A22756E69717565227D2C7B226E616D65223A2275705F7065726D697373696F6E735F726F6C655F6C696E6B735F6F726465725F696E765F666B222C22636F6C756D6E73223A5B227065726D697373696F6E5F6F72646572225D7D5D2C22666F726569676E4B657973223A5B7B226E616D65223A2275705F7065726D697373696F6E735F726F6C655F6C696E6B735F666B222C22636F6C756D6E73223A5B227065726D697373696F6E5F6964225D2C227265666572656E636564436F6C756D6E73223A5B226964225D2C227265666572656E6365645461626C65223A2275705F7065726D697373696F6E73222C226F6E44656C657465223A2243415343414445227D2C7B226E616D65223A2275705F7065726D697373696F6E735F726F6C655F6C696E6B735F696E765F666B222C22636F6C756D6E73223A5B22726F6C655F6964225D2C227265666572656E636564436F6C756D6E73223A5B226964225D2C227265666572656E6365645461626C65223A2275705F726F6C6573222C226F6E44656C657465223A2243415343414445227D5D2C22636F6C756D6E73223A5B7B226E616D65223A226964222C2274797065223A22696E6372656D656E7473222C2261726773223A5B7B227072696D617279223A747275652C227072696D6172794B6579223A747275657D5D2C2264656661756C74546F223A6E756C6C2C226E6F744E756C6C61626C65223A747275652C22756E7369676E6564223A66616C73657D2C7B226E616D65223A227065726D697373696F6E5F6964222C2274797065223A22696E7465676572222C2261726773223A5B5D2C2264656661756C74546F223A6E756C6C2C226E6F744E756C6C61626C65223A66616C73652C22756E7369676E6564223A747275657D2C7B226E616D65223A22726F6C655F6964222C2274797065223A22696E7465676572222C2261726773223A5B5D2C2264656661756C74546F223A6E756C6C2C226E6F744E756C6C61626C65223A66616C73652C22756E7369676E6564223A747275657D2C7B226E616D65223A227065726D697373696F6E5F6F72646572222C2274797065223A22646F75626C65222C2261726773223A5B5D2C2264656661756C74546F223A6E756C6C2C226E6F744E756C6C61626C65223A66616C73652C22756E7369676E6564223A747275657D5D7D2C7B226E616D65223A2275705F75736572735F726F6C655F6C696E6B73222C22696E6465786573223A5B7B226E616D65223A2275705F75736572735F726F6C655F6C696E6B735F666B222C22636F6C756D6E73223A5B22757365725F6964225D7D2C7B226E616D65223A2275705F75736572735F726F6C655F6C696E6B735F696E765F666B222C22636F6C756D6E73223A5B22726F6C655F6964225D7D2C7B226E616D65223A2275705F75736572735F726F6C655F6C696E6B735F756E69717565222C22636F6C756D6E73223A5B22757365725F6964222C22726F6C655F6964225D2C2274797065223A22756E69717565227D2C7B226E616D65223A2275705F75736572735F726F6C655F6C696E6B735F6F726465725F696E765F666B222C22636F6C756D6E73223A5B22757365725F6F72646572225D7D5D2C22666F726569676E4B657973223A5B7B226E616D65223A2275705F75736572735F726F6C655F6C696E6B735F666B222C22636F6C756D6E73223A5B22757365725F6964225D2C227265666572656E636564436F6C756D6E73223A5B226964225D2C227265666572656E6365645461626C65223A2275705F7573657273222C226F6E44656C657465223A2243415343414445227D2C7B226E616D65223A2275705F75736572735F726F6C655F6C696E6B735F696E765F666B222C22636F6C756D6E73223A5B22726F6C655F6964225D2C227265666572656E636564436F6C756D6E73223A5B226964225D2C227265666572656E6365645461626C65223A2275705F726F6C6573222C226F6E44656C657465223A2243415343414445227D5D2C22636F6C756D6E73223A5B7B226E616D65223A226964222C2274797065223A22696E6372656D656E7473222C2261726773223A5B7B227072696D617279223A747275652C227072696D6172794B6579223A747275657D5D2C2264656661756C74546F223A6E756C6C2C226E6F744E756C6C61626C65223A747275652C22756E7369676E6564223A66616C73657D2C7B226E616D65223A22757365725F6964222C2274797065223A22696E7465676572222C2261726773223A5B5D2C2264656661756C74546F223A6E756C6C2C226E6F744E756C6C61626C65223A66616C73652C22756E7369676E6564223A747275657D2C7B226E616D65223A22726F6C655F6964222C2274797065223A22696E7465676572222C2261726773223A5B5D2C2264656661756C74546F223A6E756C6C2C226E6F744E756C6C61626C65223A66616C73652C22756E7369676E6564223A747275657D2C7B226E616D65223A22757365725F6F72646572222C2274797065223A22646F75626C65222C2261726773223A5B5D2C2264656661756C74546F223A6E756C6C2C226E6F744E756C6C61626C65223A66616C73652C22756E7369676E6564223A747275657D5D7D2C7B226E616D65223A2261727469636C65735F636F6D706F6E656E7473222C22696E6465786573223A5B7B226E616D65223A2261727469636C65735F6669656C645F696E646578222C22636F6C756D6E73223A5B226669656C64225D2C2274797065223A6E756C6C7D2C7B226E616D65223A2261727469636C65735F636F6D706F6E656E745F747970655F696E646578222C22636F6C756D6E73223A5B22636F6D706F6E656E745F74797065225D2C2274797065223A6E756C6C7D2C7B226E616D65223A2261727469636C65735F656E746974795F666B222C22636F6C756D6E73223A5B22656E746974795F6964225D7D2C7B226E616D65223A2261727469636C65735F756E69717565222C22636F6C756D6E73223A5B22656E746974795F6964222C22636F6D706F6E656E745F6964222C226669656C64222C22636F6D706F6E656E745F74797065225D2C2274797065223A22756E69717565227D5D2C22666F726569676E4B657973223A5B7B226E616D65223A2261727469636C65735F656E746974795F666B222C22636F6C756D6E73223A5B22656E746974795F6964225D2C227265666572656E636564436F6C756D6E73223A5B226964225D2C227265666572656E6365645461626C65223A2261727469636C6573222C226F6E44656C657465223A2243415343414445227D5D2C22636F6C756D6E73223A5B7B226E616D65223A226964222C2274797065223A22696E6372656D656E7473222C2261726773223A5B7B227072696D617279223A747275652C227072696D6172794B6579223A747275657D5D2C2264656661756C74546F223A6E756C6C2C226E6F744E756C6C61626C65223A747275652C22756E7369676E6564223A66616C73657D2C7B226E616D65223A22656E746974795F6964222C2274797065223A22696E7465676572222C2261726773223A5B5D2C2264656661756C74546F223A6E756C6C2C226E6F744E756C6C61626C65223A66616C73652C22756E7369676E6564223A747275657D2C7B226E616D65223A22636F6D706F6E656E745F6964222C2274797065223A22696E7465676572222C2261726773223A5B5D2C2264656661756C74546F223A6E756C6C2C226E6F744E756C6C61626C65223A66616C73652C22756E7369676E6564223A747275657D2C7B226E616D65223A22636F6D706F6E656E745F74797065222C2274797065223A22737472696E67222C2261726773223A5B5D2C2264656661756C74546F223A6E756C6C2C226E6F744E756C6C61626C65223A66616C73652C22756E7369676E6564223A66616C73657D2C7B226E616D65223A226669656C64222C2274797065223A22737472696E67222C2261726773223A5B5D2C2264656661756C74546F223A6E756C6C2C226E6F744E756C6C61626C65223A66616C73652C22756E7369676E6564223A66616C73657D2C7B226E616D65223A226F72646572222C2274797065223A22646F75626C65222C2261726773223A5B5D2C2264656661756C74546F223A6E756C6C2C226E6F744E756C6C61626C65223A66616C73652C22756E7369676E6564223A747275657D5D7D2C7B226E616D65223A2261727469636C65735F76657273696F6E735F6C696E6B73222C22696E6465786573223A5B7B226E616D65223A2261727469636C65735F76657273696F6E735F6C696E6B735F666B222C22636F6C756D6E73223A5B2261727469636C655F6964225D7D2C7B226E616D65223A2261727469636C65735F76657273696F6E735F6C696E6B735F696E765F666B222C22636F6C756D6E73223A5B22696E765F61727469636C655F6964225D7D2C7B226E616D65223A2261727469636C65735F76657273696F6E735F6C696E6B735F756E69717565222C22636F6C756D6E73223A5B2261727469636C655F6964222C22696E765F61727469636C655F6964225D2C2274797065223A22756E69717565227D2C7B226E616D65223A2261727469636C65735F76657273696F6E735F6C696E6B735F6F726465725F666B222C22636F6C756D6E73223A5B2261727469636C655F6F72646572225D7D5D2C22666F726569676E4B657973223A5B7B226E616D65223A2261727469636C65735F76657273696F6E735F6C696E6B735F666B222C22636F6C756D6E73223A5B2261727469636C655F6964225D2C227265666572656E636564436F6C756D6E73223A5B226964225D2C227265666572656E6365645461626C65223A2261727469636C6573222C226F6E44656C657465223A2243415343414445227D2C7B226E616D65223A2261727469636C65735F76657273696F6E735F6C696E6B735F696E765F666B222C22636F6C756D6E73223A5B22696E765F61727469636C655F6964225D2C227265666572656E636564436F6C756D6E73223A5B226964225D2C227265666572656E6365645461626C65223A2261727469636C6573222C226F6E44656C657465223A2243415343414445227D5D2C22636F6C756D6E73223A5B7B226E616D65223A226964222C2274797065223A22696E6372656D656E7473222C2261726773223A5B7B227072696D617279223A747275652C227072696D6172794B6579223A747275657D5D2C2264656661756C74546F223A6E756C6C2C226E6F744E756C6C61626C65223A747275652C22756E7369676E6564223A66616C73657D2C7B226E616D65223A2261727469636C655F6964222C2274797065223A22696E7465676572222C2261726773223A5B5D2C2264656661756C74546F223A6E756C6C2C226E6F744E756C6C61626C65223A66616C73652C22756E7369676E6564223A747275657D2C7B226E616D65223A22696E765F61727469636C655F6964222C2274797065223A22696E7465676572222C2261726773223A5B5D2C2264656661756C74546F223A6E756C6C2C226E6F744E756C6C61626C65223A66616C73652C22756E7369676E6564223A747275657D2C7B226E616D65223A2261727469636C655F6F72646572222C2274797065223A22646F75626C65222C2261726773223A5B5D2C2264656661756C74546F223A6E756C6C2C226E6F744E756C6C61626C65223A66616C73652C22756E7369676E6564223A747275657D5D7D2C7B226E616D65223A2261727469636C65735F6C6F63616C697A6174696F6E735F6C696E6B73222C22696E6465786573223A5B7B226E616D65223A2261727469636C65735F6C6F63616C697A6174696F6E735F6C696E6B735F666B222C22636F6C756D6E73223A5B2261727469636C655F6964225D7D2C7B226E616D65223A2261727469636C65735F6C6F63616C697A6174696F6E735F6C696E6B735F696E765F666B222C22636F6C756D6E73223A5B22696E765F61727469636C655F6964225D7D2C7B226E616D65223A2261727469636C65735F6C6F63616C697A6174696F6E735F6C696E6B735F756E69717565222C22636F6C756D6E73223A5B2261727469636C655F6964222C22696E765F61727469636C655F6964225D2C2274797065223A22756E69717565227D2C7B226E616D65223A2261727469636C65735F6C6F63616C697A6174696F6E735F6C696E6B735F6F726465725F666B222C22636F6C756D6E73223A5B2261727469636C655F6F72646572225D7D5D2C22666F726569676E4B657973223A5B7B226E616D65223A2261727469636C65735F6C6F63616C697A6174696F6E735F6C696E6B735F666B222C22636F6C756D6E73223A5B2261727469636C655F6964225D2C227265666572656E636564436F6C756D6E73223A5B226964225D2C227265666572656E6365645461626C65223A2261727469636C6573222C226F6E44656C657465223A2243415343414445227D2C7B226E616D65223A2261727469636C65735F6C6F63616C697A6174696F6E735F6C696E6B735F696E765F666B222C22636F6C756D6E73223A5B22696E765F61727469636C655F6964225D2C227265666572656E636564436F6C756D6E73223A5B226964225D2C227265666572656E6365645461626C65223A2261727469636C6573222C226F6E44656C657465223A2243415343414445227D5D2C22636F6C756D6E73223A5B7B226E616D65223A226964222C2274797065223A22696E6372656D656E7473222C2261726773223A5B7B227072696D617279223A747275652C227072696D6172794B6579223A747275657D5D2C2264656661756C74546F223A6E756C6C2C226E6F744E756C6C61626C65223A747275652C22756E7369676E6564223A66616C73657D2C7B226E616D65223A2261727469636C655F6964222C2274797065223A22696E7465676572222C2261726773223A5B5D2C2264656661756C74546F223A6E756C6C2C226E6F744E756C6C61626C65223A66616C73652C22756E7369676E6564223A747275657D2C7B226E616D65223A22696E765F61727469636C655F6964222C2274797065223A22696E7465676572222C2261726773223A5B5D2C2264656661756C74546F223A6E756C6C2C226E6F744E756C6C61626C65223A66616C73652C22756E7369676E6564223A747275657D2C7B226E616D65223A2261727469636C655F6F72646572222C2274797065223A22646F75626C65222C2261726773223A5B5D2C2264656661756C74546F223A6E756C6C2C226E6F744E756C6C61626C65223A66616C73652C22756E7369676E6564223A747275657D5D7D2C7B226E616D65223A226D656E75735F636F6D706F6E656E7473222C22696E6465786573223A5B7B226E616D65223A226D656E75735F6669656C645F696E646578222C22636F6C756D6E73223A5B226669656C64225D2C2274797065223A6E756C6C7D2C7B226E616D65223A226D656E75735F636F6D706F6E656E745F747970655F696E646578222C22636F6C756D6E73223A5B22636F6D706F6E656E745F74797065225D2C2274797065223A6E756C6C7D2C7B226E616D65223A226D656E75735F656E746974795F666B222C22636F6C756D6E73223A5B22656E746974795F6964225D7D2C7B226E616D65223A226D656E75735F756E69717565222C22636F6C756D6E73223A5B22656E746974795F6964222C22636F6D706F6E656E745F6964222C226669656C64222C22636F6D706F6E656E745F74797065225D2C2274797065223A22756E69717565227D5D2C22666F726569676E4B657973223A5B7B226E616D65223A226D656E75735F656E746974795F666B222C22636F6C756D6E73223A5B22656E746974795F6964225D2C227265666572656E636564436F6C756D6E73223A5B226964225D2C227265666572656E6365645461626C65223A226D656E7573222C226F6E44656C657465223A2243415343414445227D5D2C22636F6C756D6E73223A5B7B226E616D65223A226964222C2274797065223A22696E6372656D656E7473222C2261726773223A5B7B227072696D617279223A747275652C227072696D6172794B6579223A747275657D5D2C2264656661756C74546F223A6E756C6C2C226E6F744E756C6C61626C65223A747275652C22756E7369676E6564223A66616C73657D2C7B226E616D65223A22656E746974795F6964222C2274797065223A22696E7465676572222C2261726773223A5B5D2C2264656661756C74546F223A6E756C6C2C226E6F744E756C6C61626C65223A66616C73652C22756E7369676E6564223A747275657D2C7B226E616D65223A22636F6D706F6E656E745F6964222C2274797065223A22696E7465676572222C2261726773223A5B5D2C2264656661756C74546F223A6E756C6C2C226E6F744E756C6C61626C65223A66616C73652C22756E7369676E6564223A747275657D2C7B226E616D65223A22636F6D706F6E656E745F74797065222C2274797065223A22737472696E67222C2261726773223A5B5D2C2264656661756C74546F223A6E756C6C2C226E6F744E756C6C61626C65223A66616C73652C22756E7369676E6564223A66616C73657D2C7B226E616D65223A226669656C64222C2274797065223A22737472696E67222C2261726773223A5B5D2C2264656661756C74546F223A6E756C6C2C226E6F744E756C6C61626C65223A66616C73652C22756E7369676E6564223A66616C73657D2C7B226E616D65223A226F72646572222C2274797065223A22646F75626C65222C2261726773223A5B5D2C2264656661756C74546F223A6E756C6C2C226E6F744E756C6C61626C65223A66616C73652C22756E7369676E6564223A747275657D5D7D2C7B226E616D65223A226D656E75735F6C6F63616C697A6174696F6E735F6C696E6B73222C22696E6465786573223A5B7B226E616D65223A226D656E75735F6C6F63616C697A6174696F6E735F6C696E6B735F666B222C22636F6C756D6E73223A5B226D656E755F6964225D7D2C7B226E616D65223A226D656E75735F6C6F63616C697A6174696F6E735F6C696E6B735F696E765F666B222C22636F6C756D6E73223A5B22696E765F6D656E755F6964225D7D2C7B226E616D65223A226D656E75735F6C6F63616C697A6174696F6E735F6C696E6B735F756E69717565222C22636F6C756D6E73223A5B226D656E755F6964222C22696E765F6D656E755F6964225D2C2274797065223A22756E69717565227D2C7B226E616D65223A226D656E75735F6C6F63616C697A6174696F6E735F6C696E6B735F6F726465725F666B222C22636F6C756D6E73223A5B226D656E755F6F72646572225D7D5D2C22666F726569676E4B657973223A5B7B226E616D65223A226D656E75735F6C6F63616C697A6174696F6E735F6C696E6B735F666B222C22636F6C756D6E73223A5B226D656E755F6964225D2C227265666572656E636564436F6C756D6E73223A5B226964225D2C227265666572656E6365645461626C65223A226D656E7573222C226F6E44656C657465223A2243415343414445227D2C7B226E616D65223A226D656E75735F6C6F63616C697A6174696F6E735F6C696E6B735F696E765F666B222C22636F6C756D6E73223A5B22696E765F6D656E755F6964225D2C227265666572656E636564436F6C756D6E73223A5B226964225D2C227265666572656E6365645461626C65223A226D656E7573222C226F6E44656C657465223A2243415343414445227D5D2C22636F6C756D6E73223A5B7B226E616D65223A226964222C2274797065223A22696E6372656D656E7473222C2261726773223A5B7B227072696D617279223A747275652C227072696D6172794B6579223A747275657D5D2C2264656661756C74546F223A6E756C6C2C226E6F744E756C6C61626C65223A747275652C22756E7369676E6564223A66616C73657D2C7B226E616D65223A226D656E755F6964222C2274797065223A22696E7465676572222C2261726773223A5B5D2C2264656661756C74546F223A6E756C6C2C226E6F744E756C6C61626C65223A66616C73652C22756E7369676E6564223A747275657D2C7B226E616D65223A22696E765F6D656E755F6964222C2274797065223A22696E7465676572222C2261726773223A5B5D2C2264656661756C74546F223A6E756C6C2C226E6F744E756C6C61626C65223A66616C73652C22756E7369676E6564223A747275657D2C7B226E616D65223A226D656E755F6F72646572222C2274797065223A22646F75626C65222C2261726773223A5B5D2C2264656661756C74546F223A6E756C6C2C226E6F744E756C6C61626C65223A66616C73652C22756E7369676E6564223A747275657D5D7D2C7B226E616D65223A2270616765735F636F6D706F6E656E7473222C22696E6465786573223A5B7B226E616D65223A2270616765735F6669656C645F696E646578222C22636F6C756D6E73223A5B226669656C64225D2C2274797065223A6E756C6C7D2C7B226E616D65223A2270616765735F636F6D706F6E656E745F747970655F696E646578222C22636F6C756D6E73223A5B22636F6D706F6E656E745F74797065225D2C2274797065223A6E756C6C7D2C7B226E616D65223A2270616765735F656E746974795F666B222C22636F6C756D6E73223A5B22656E746974795F6964225D7D2C7B226E616D65223A2270616765735F756E69717565222C22636F6C756D6E73223A5B22656E746974795F6964222C22636F6D706F6E656E745F6964222C226669656C64222C22636F6D706F6E656E745F74797065225D2C2274797065223A22756E69717565227D5D2C22666F726569676E4B657973223A5B7B226E616D65223A2270616765735F656E746974795F666B222C22636F6C756D6E73223A5B22656E746974795F6964225D2C227265666572656E636564436F6C756D6E73223A5B226964225D2C227265666572656E6365645461626C65223A227061676573222C226F6E44656C657465223A2243415343414445227D5D2C22636F6C756D6E73223A5B7B226E616D65223A226964222C2274797065223A22696E6372656D656E7473222C2261726773223A5B7B227072696D617279223A747275652C227072696D6172794B6579223A747275657D5D2C2264656661756C74546F223A6E756C6C2C226E6F744E756C6C61626C65223A747275652C22756E7369676E6564223A66616C73657D2C7B226E616D65223A22656E746974795F6964222C2274797065223A22696E7465676572222C2261726773223A5B5D2C2264656661756C74546F223A6E756C6C2C226E6F744E756C6C61626C65223A66616C73652C22756E7369676E6564223A747275657D2C7B226E616D65223A22636F6D706F6E656E745F6964222C2274797065223A22696E7465676572222C2261726773223A5B5D2C2264656661756C74546F223A6E756C6C2C226E6F744E756C6C61626C65223A66616C73652C22756E7369676E6564223A747275657D2C7B226E616D65223A22636F6D706F6E656E745F74797065222C2274797065223A22737472696E67222C2261726773223A5B5D2C2264656661756C74546F223A6E756C6C2C226E6F744E756C6C61626C65223A66616C73652C22756E7369676E6564223A66616C73657D2C7B226E616D65223A226669656C64222C2274797065223A22737472696E67222C2261726773223A5B5D2C2264656661756C74546F223A6E756C6C2C226E6F744E756C6C61626C65223A66616C73652C22756E7369676E6564223A66616C73657D2C7B226E616D65223A226F72646572222C2274797065223A22646F75626C65222C2261726773223A5B5D2C2264656661756C74546F223A6E756C6C2C226E6F744E756C6C61626C65223A66616C73652C22756E7369676E6564223A747275657D5D7D2C7B226E616D65223A2270616765735F706172656E745F6C696E6B73222C22696E6465786573223A5B7B226E616D65223A2270616765735F706172656E745F6C696E6B735F666B222C22636F6C756D6E73223A5B22706167655F6964225D7D2C7B226E616D65223A2270616765735F706172656E745F6C696E6B735F696E765F666B222C22636F6C756D6E73223A5B22696E765F706167655F6964225D7D2C7B226E616D65223A2270616765735F706172656E745F6C696E6B735F756E69717565222C22636F6C756D6E73223A5B22706167655F6964222C22696E765F706167655F6964225D2C2274797065223A22756E69717565227D2C7B226E616D65223A2270616765735F706172656E745F6C696E6B735F6F726465725F696E765F666B222C22636F6C756D6E73223A5B22706167655F6F72646572225D7D5D2C22666F726569676E4B657973223A5B7B226E616D65223A2270616765735F706172656E745F6C696E6B735F666B222C22636F6C756D6E73223A5B22706167655F6964225D2C227265666572656E636564436F6C756D6E73223A5B226964225D2C227265666572656E6365645461626C65223A227061676573222C226F6E44656C657465223A2243415343414445227D2C7B226E616D65223A2270616765735F706172656E745F6C696E6B735F696E765F666B222C22636F6C756D6E73223A5B22696E765F706167655F6964225D2C227265666572656E636564436F6C756D6E73223A5B226964225D2C227265666572656E6365645461626C65223A227061676573222C226F6E44656C657465223A2243415343414445227D5D2C22636F6C756D6E73223A5B7B226E616D65223A226964222C2274797065223A22696E6372656D656E7473222C2261726773223A5B7B227072696D617279223A747275652C227072696D6172794B6579223A747275657D5D2C2264656661756C74546F223A6E756C6C2C226E6F744E756C6C61626C65223A747275652C22756E7369676E6564223A66616C73657D2C7B226E616D65223A22706167655F6964222C2274797065223A22696E7465676572222C2261726773223A5B5D2C2264656661756C74546F223A6E756C6C2C226E6F744E756C6C61626C65223A66616C73652C22756E7369676E6564223A747275657D2C7B226E616D65223A22696E765F706167655F6964222C2274797065223A22696E7465676572222C2261726773223A5B5D2C2264656661756C74546F223A6E756C6C2C226E6F744E756C6C61626C65223A66616C73652C22756E7369676E6564223A747275657D2C7B226E616D65223A22706167655F6F72646572222C2274797065223A22646F75626C65222C2261726773223A5B5D2C2264656661756C74546F223A6E756C6C2C226E6F744E756C6C61626C65223A66616C73652C22756E7369676E6564223A747275657D5D7D2C7B226E616D65223A2270616765735F76657273696F6E735F6C696E6B73222C22696E6465786573223A5B7B226E616D65223A2270616765735F76657273696F6E735F6C696E6B735F666B222C22636F6C756D6E73223A5B22706167655F6964225D7D2C7B226E616D65223A2270616765735F76657273696F6E735F6C696E6B735F696E765F666B222C22636F6C756D6E73223A5B22696E765F706167655F6964225D7D2C7B226E616D65223A2270616765735F76657273696F6E735F6C696E6B735F756E69717565222C22636F6C756D6E73223A5B22706167655F6964222C22696E765F706167655F6964225D2C2274797065223A22756E69717565227D2C7B226E616D65223A2270616765735F76657273696F6E735F6C696E6B735F6F726465725F666B222C22636F6C756D6E73223A5B22706167655F6F72646572225D7D5D2C22666F726569676E4B657973223A5B7B226E616D65223A2270616765735F76657273696F6E735F6C696E6B735F666B222C22636F6C756D6E73223A5B22706167655F6964225D2C227265666572656E636564436F6C756D6E73223A5B226964225D2C227265666572656E6365645461626C65223A227061676573222C226F6E44656C657465223A2243415343414445227D2C7B226E616D65223A2270616765735F76657273696F6E735F6C696E6B735F696E765F666B222C22636F6C756D6E73223A5B22696E765F706167655F6964225D2C227265666572656E636564436F6C756D6E73223A5B226964225D2C227265666572656E6365645461626C65223A227061676573222C226F6E44656C657465223A2243415343414445227D5D2C22636F6C756D6E73223A5B7B226E616D65223A226964222C2274797065223A22696E6372656D656E7473222C2261726773223A5B7B227072696D617279223A747275652C227072696D6172794B6579223A747275657D5D2C2264656661756C74546F223A6E756C6C2C226E6F744E756C6C61626C65223A747275652C22756E7369676E6564223A66616C73657D2C7B226E616D65223A22706167655F6964222C2274797065223A22696E7465676572222C2261726773223A5B5D2C2264656661756C74546F223A6E756C6C2C226E6F744E756C6C61626C65223A66616C73652C22756E7369676E6564223A747275657D2C7B226E616D65223A22696E765F706167655F6964222C2274797065223A22696E7465676572222C2261726773223A5B5D2C2264656661756C74546F223A6E756C6C2C226E6F744E756C6C61626C65223A66616C73652C22756E7369676E6564223A747275657D2C7B226E616D65223A22706167655F6F72646572222C2274797065223A22646F75626C65222C2261726773223A5B5D2C2264656661756C74546F223A6E756C6C2C226E6F744E756C6C61626C65223A66616C73652C22756E7369676E6564223A747275657D5D7D2C7B226E616D65223A2270616765735F6C6F63616C697A6174696F6E735F6C696E6B73222C22696E6465786573223A5B7B226E616D65223A2270616765735F6C6F63616C697A6174696F6E735F6C696E6B735F666B222C22636F6C756D6E73223A5B22706167655F6964225D7D2C7B226E616D65223A2270616765735F6C6F63616C697A6174696F6E735F6C696E6B735F696E765F666B222C22636F6C756D6E73223A5B22696E765F706167655F6964225D7D2C7B226E616D65223A2270616765735F6C6F63616C697A6174696F6E735F6C696E6B735F756E69717565222C22636F6C756D6E73223A5B22706167655F6964222C22696E765F706167655F6964225D2C2274797065223A22756E69717565227D2C7B226E616D65223A2270616765735F6C6F63616C697A6174696F6E735F6C696E6B735F6F726465725F666B222C22636F6C756D6E73223A5B22706167655F6F72646572225D7D5D2C22666F726569676E4B657973223A5B7B226E616D65223A2270616765735F6C6F63616C697A6174696F6E735F6C696E6B735F666B222C22636F6C756D6E73223A5B22706167655F6964225D2C227265666572656E636564436F6C756D6E73223A5B226964225D2C227265666572656E6365645461626C65223A227061676573222C226F6E44656C657465223A2243415343414445227D2C7B226E616D65223A2270616765735F6C6F63616C697A6174696F6E735F6C696E6B735F696E765F666B222C22636F6C756D6E73223A5B22696E765F706167655F6964225D2C227265666572656E636564436F6C756D6E73223A5B226964225D2C227265666572656E6365645461626C65223A227061676573222C226F6E44656C657465223A2243415343414445227D5D2C22636F6C756D6E73223A5B7B226E616D65223A226964222C2274797065223A22696E6372656D656E7473222C2261726773223A5B7B227072696D617279223A747275652C227072696D6172794B6579223A747275657D5D2C2264656661756C74546F223A6E756C6C2C226E6F744E756C6C61626C65223A747275652C22756E7369676E6564223A66616C73657D2C7B226E616D65223A22706167655F6964222C2274797065223A22696E7465676572222C2261726773223A5B5D2C2264656661756C74546F223A6E756C6C2C226E6F744E756C6C61626C65223A66616C73652C22756E7369676E6564223A747275657D2C7B226E616D65223A22696E765F706167655F6964222C2274797065223A22696E7465676572222C2261726773223A5B5D2C2264656661756C74546F223A6E756C6C2C226E6F744E756C6C61626C65223A66616C73652C22756E7369676E6564223A747275657D2C7B226E616D65223A22706167655F6F72646572222C2274797065223A22646F75626C65222C2261726773223A5B5D2C2264656661756C74546F223A6E756C6C2C226E6F744E756C6C61626C65223A66616C73652C22756E7369676E6564223A747275657D5D7D2C7B226E616D65223A2273797374656D5F7265736F75726365735F76657273696F6E735F6C696E6B73222C22696E6465786573223A5B7B226E616D65223A2273797374656D5F7265736F75726365735F76657273696F6E735F6C696E6B735F666B222C22636F6C756D6E73223A5B2273797374656D5F7265736F757263655F6964225D7D2C7B226E616D65223A2273797374656D5F7265736F75726365735F76657273696F6E735F6C696E6B735F696E765F666B222C22636F6C756D6E73223A5B22696E765F73797374656D5F7265736F757263655F6964225D7D2C7B226E616D65223A2273797374656D5F7265736F75726365735F76657273696F6E735F6C696E6B735F756E69717565222C22636F6C756D6E73223A5B2273797374656D5F7265736F757263655F6964222C22696E765F73797374656D5F7265736F757263655F6964225D2C2274797065223A22756E69717565227D2C7B226E616D65223A2273797374656D5F7265736F75726365735F76657273696F6E735F6C696E6B735F6F726465725F666B222C22636F6C756D6E73223A5B2273797374656D5F7265736F757263655F6F72646572225D7D5D2C22666F726569676E4B657973223A5B7B226E616D65223A2273797374656D5F7265736F75726365735F76657273696F6E735F6C696E6B735F666B222C22636F6C756D6E73223A5B2273797374656D5F7265736F757263655F6964225D2C227265666572656E636564436F6C756D6E73223A5B226964225D2C227265666572656E6365645461626C65223A2273797374656D5F7265736F7572636573222C226F6E44656C657465223A2243415343414445227D2C7B226E616D65223A2273797374656D5F7265736F75726365735F76657273696F6E735F6C696E6B735F696E765F666B222C22636F6C756D6E73223A5B22696E765F73797374656D5F7265736F757263655F6964225D2C227265666572656E636564436F6C756D6E73223A5B226964225D2C227265666572656E6365645461626C65223A2273797374656D5F7265736F7572636573222C226F6E44656C657465223A2243415343414445227D5D2C22636F6C756D6E73223A5B7B226E616D65223A226964222C2274797065223A22696E6372656D656E7473222C2261726773223A5B7B227072696D617279223A747275652C227072696D6172794B6579223A747275657D5D2C2264656661756C74546F223A6E756C6C2C226E6F744E756C6C61626C65223A747275652C22756E7369676E6564223A66616C73657D2C7B226E616D65223A2273797374656D5F7265736F757263655F6964222C2274797065223A22696E7465676572222C2261726773223A5B5D2C2264656661756C74546F223A6E756C6C2C226E6F744E756C6C61626C65223A66616C73652C22756E7369676E6564223A747275657D2C7B226E616D65223A22696E765F73797374656D5F7265736F757263655F6964222C2274797065223A22696E7465676572222C2261726773223A5B5D2C2264656661756C74546F223A6E756C6C2C226E6F744E756C6C61626C65223A66616C73652C22756E7369676E6564223A747275657D2C7B226E616D65223A2273797374656D5F7265736F757263655F6F72646572222C2274797065223A22646F75626C65222C2261726773223A5B5D2C2264656661756C74546F223A6E756C6C2C226E6F744E756C6C61626C65223A66616C73652C22756E7369676E6564223A747275657D5D7D2C7B226E616D65223A2273797374656D5F7265736F75726365735F6C6F63616C697A6174696F6E735F6C696E6B73222C22696E6465786573223A5B7B226E616D65223A2273797374656D5F7265736F75726365735F6C6F63616C697A6174696F6E735F6C696E6B735F666B222C22636F6C756D6E73223A5B2273797374656D5F7265736F757263655F6964225D7D2C7B226E616D65223A2273797374656D5F7265736F75726365735F6C6F63616C697A6174696F6E735F6C696E6B735F696E765F666B222C22636F6C756D6E73223A5B22696E765F73797374656D5F7265736F757263655F6964225D7D2C7B226E616D65223A2273797374656D5F7265736F75726365735F6C6F63616C697A6174696F6E735F6C696E6B735F756E69717565222C22636F6C756D6E73223A5B2273797374656D5F7265736F757263655F6964222C22696E765F73797374656D5F7265736F757263655F6964225D2C2274797065223A22756E69717565227D2C7B226E616D65223A2273797374656D5F7265736F75726365735F6C6F63616C697A6174696F6E735F6C696E6B735F6F726465725F666B222C22636F6C756D6E73223A5B2273797374656D5F7265736F757263655F6F72646572225D7D5D2C22666F726569676E4B657973223A5B7B226E616D65223A2273797374656D5F7265736F75726365735F6C6F63616C697A6174696F6E735F6C696E6B735F666B222C22636F6C756D6E73223A5B2273797374656D5F7265736F757263655F6964225D2C227265666572656E636564436F6C756D6E73223A5B226964225D2C227265666572656E6365645461626C65223A2273797374656D5F7265736F7572636573222C226F6E44656C657465223A2243415343414445227D2C7B226E616D65223A2273797374656D5F7265736F75726365735F6C6F63616C697A6174696F6E735F6C696E6B735F696E765F666B222C22636F6C756D6E73223A5B22696E765F73797374656D5F7265736F757263655F6964225D2C227265666572656E636564436F6C756D6E73223A5B226964225D2C227265666572656E6365645461626C65223A2273797374656D5F7265736F7572636573222C226F6E44656C657465223A2243415343414445227D5D2C22636F6C756D6E73223A5B7B226E616D65223A226964222C2274797065223A22696E6372656D656E7473222C2261726773223A5B7B227072696D617279223A747275652C227072696D6172794B6579223A747275657D5D2C2264656661756C74546F223A6E756C6C2C226E6F744E756C6C61626C65223A747275652C22756E7369676E6564223A66616C73657D2C7B226E616D65223A2273797374656D5F7265736F757263655F6964222C2274797065223A22696E7465676572222C2261726773223A5B5D2C2264656661756C74546F223A6E756C6C2C226E6F744E756C6C61626C65223A66616C73652C22756E7369676E6564223A747275657D2C7B226E616D65223A22696E765F73797374656D5F7265736F757263655F6964222C2274797065223A22696E7465676572222C2261726773223A5B5D2C2264656661756C74546F223A6E756C6C2C226E6F744E756C6C61626C65223A66616C73652C22756E7369676E6564223A747275657D2C7B226E616D65223A2273797374656D5F7265736F757263655F6F72646572222C2274797065223A22646F75626C65222C2261726773223A5B5D2C2264656661756C74546F223A6E756C6C2C226E6F744E756C6C61626C65223A66616C73652C22756E7369676E6564223A747275657D5D7D2C7B226E616D65223A2274656D706C617465735F636F6D706F6E656E7473222C22696E6465786573223A5B7B226E616D65223A2274656D706C617465735F6669656C645F696E646578222C22636F6C756D6E73223A5B226669656C64225D2C2274797065223A6E756C6C7D2C7B226E616D65223A2274656D706C617465735F636F6D706F6E656E745F747970655F696E646578222C22636F6C756D6E73223A5B22636F6D706F6E656E745F74797065225D2C2274797065223A6E756C6C7D2C7B226E616D65223A2274656D706C617465735F656E746974795F666B222C22636F6C756D6E73223A5B22656E746974795F6964225D7D2C7B226E616D65223A2274656D706C617465735F756E69717565222C22636F6C756D6E73223A5B22656E746974795F6964222C22636F6D706F6E656E745F6964222C226669656C64222C22636F6D706F6E656E745F74797065225D2C2274797065223A22756E69717565227D5D2C22666F726569676E4B657973223A5B7B226E616D65223A2274656D706C617465735F656E746974795F666B222C22636F6C756D6E73223A5B22656E746974795F6964225D2C227265666572656E636564436F6C756D6E73223A5B226964225D2C227265666572656E6365645461626C65223A2274656D706C61746573222C226F6E44656C657465223A2243415343414445227D5D2C22636F6C756D6E73223A5B7B226E616D65223A226964222C2274797065223A22696E6372656D656E7473222C2261726773223A5B7B227072696D617279223A747275652C227072696D6172794B6579223A747275657D5D2C2264656661756C74546F223A6E756C6C2C226E6F744E756C6C61626C65223A747275652C22756E7369676E6564223A66616C73657D2C7B226E616D65223A22656E746974795F6964222C2274797065223A22696E7465676572222C2261726773223A5B5D2C2264656661756C74546F223A6E756C6C2C226E6F744E756C6C61626C65223A66616C73652C22756E7369676E6564223A747275657D2C7B226E616D65223A22636F6D706F6E656E745F6964222C2274797065223A22696E7465676572222C2261726773223A5B5D2C2264656661756C74546F223A6E756C6C2C226E6F744E756C6C61626C65223A66616C73652C22756E7369676E6564223A747275657D2C7B226E616D65223A22636F6D706F6E656E745F74797065222C2274797065223A22737472696E67222C2261726773223A5B5D2C2264656661756C74546F223A6E756C6C2C226E6F744E756C6C61626C65223A66616C73652C22756E7369676E6564223A66616C73657D2C7B226E616D65223A226669656C64222C2274797065223A22737472696E67222C2261726773223A5B5D2C2264656661756C74546F223A6E756C6C2C226E6F744E756C6C61626C65223A66616C73652C22756E7369676E6564223A66616C73657D2C7B226E616D65223A226F72646572222C2274797065223A22646F75626C65222C2261726773223A5B5D2C2264656661756C74546F223A6E756C6C2C226E6F744E756C6C61626C65223A66616C73652C22756E7369676E6564223A747275657D5D7D2C7B226E616D65223A2274656D706C617465735F6C6F63616C697A6174696F6E735F6C696E6B73222C22696E6465786573223A5B7B226E616D65223A2274656D706C617465735F6C6F63616C697A6174696F6E735F6C696E6B735F666B222C22636F6C756D6E73223A5B2274656D706C6174655F6964225D7D2C7B226E616D65223A2274656D706C617465735F6C6F63616C697A6174696F6E735F6C696E6B735F696E765F666B222C22636F6C756D6E73223A5B22696E765F74656D706C6174655F6964225D7D2C7B226E616D65223A2274656D706C617465735F6C6F63616C697A6174696F6E735F6C696E6B735F756E69717565222C22636F6C756D6E73223A5B2274656D706C6174655F6964222C22696E765F74656D706C6174655F6964225D2C2274797065223A22756E69717565227D2C7B226E616D65223A2274656D706C617465735F6C6F63616C697A6174696F6E735F6C696E6B735F6F726465725F666B222C22636F6C756D6E73223A5B2274656D706C6174655F6F72646572225D7D5D2C22666F726569676E4B657973223A5B7B226E616D65223A2274656D706C617465735F6C6F63616C697A6174696F6E735F6C696E6B735F666B222C22636F6C756D6E73223A5B2274656D706C6174655F6964225D2C227265666572656E636564436F6C756D6E73223A5B226964225D2C227265666572656E6365645461626C65223A2274656D706C61746573222C226F6E44656C657465223A2243415343414445227D2C7B226E616D65223A2274656D706C617465735F6C6F63616C697A6174696F6E735F6C696E6B735F696E765F666B222C22636F6C756D6E73223A5B22696E765F74656D706C6174655F6964225D2C227265666572656E636564436F6C756D6E73223A5B226964225D2C227265666572656E6365645461626C65223A2274656D706C61746573222C226F6E44656C657465223A2243415343414445227D5D2C22636F6C756D6E73223A5B7B226E616D65223A226964222C2274797065223A22696E6372656D656E7473222C2261726773223A5B7B227072696D617279223A747275652C227072696D6172794B6579223A747275657D5D2C2264656661756C74546F223A6E756C6C2C226E6F744E756C6C61626C65223A747275652C22756E7369676E6564223A66616C73657D2C7B226E616D65223A2274656D706C6174655F6964222C2274797065223A22696E7465676572222C2261726773223A5B5D2C2264656661756C74546F223A6E756C6C2C226E6F744E756C6C61626C65223A66616C73652C22756E7369676E6564223A747275657D2C7B226E616D65223A22696E765F74656D706C6174655F6964222C2274797065223A22696E7465676572222C2261726773223A5B5D2C2264656661756C74546F223A6E756C6C2C226E6F744E756C6C61626C65223A66616C73652C22756E7369676E6564223A747275657D2C7B226E616D65223A2274656D706C6174655F6F72646572222C2274797065223A22646F75626C65222C2261726773223A5B5D2C2264656661756C74546F223A6E756C6C2C226E6F744E756C6C61626C65223A66616C73652C22756E7369676E6564223A747275657D5D7D2C7B226E616D65223A227765625F73657474696E67735F636F6D706F6E656E7473222C22696E6465786573223A5B7B226E616D65223A227765625F73657474696E67735F6669656C645F696E646578222C22636F6C756D6E73223A5B226669656C64225D2C2274797065223A6E756C6C7D2C7B226E616D65223A227765625F73657474696E67735F636F6D706F6E656E745F747970655F696E646578222C22636F6C756D6E73223A5B22636F6D706F6E656E745F74797065225D2C2274797065223A6E756C6C7D2C7B226E616D65223A227765625F73657474696E67735F656E746974795F666B222C22636F6C756D6E73223A5B22656E746974795F6964225D7D2C7B226E616D65223A227765625F73657474696E67735F756E69717565222C22636F6C756D6E73223A5B22656E746974795F6964222C22636F6D706F6E656E745F6964222C226669656C64222C22636F6D706F6E656E745F74797065225D2C2274797065223A22756E69717565227D5D2C22666F726569676E4B657973223A5B7B226E616D65223A227765625F73657474696E67735F656E746974795F666B222C22636F6C756D6E73223A5B22656E746974795F6964225D2C227265666572656E636564436F6C756D6E73223A5B226964225D2C227265666572656E6365645461626C65223A227765625F73657474696E6773222C226F6E44656C657465223A2243415343414445227D5D2C22636F6C756D6E73223A5B7B226E616D65223A226964222C2274797065223A22696E6372656D656E7473222C2261726773223A5B7B227072696D617279223A747275652C227072696D6172794B6579223A747275657D5D2C2264656661756C74546F223A6E756C6C2C226E6F744E756C6C61626C65223A747275652C22756E7369676E6564223A66616C73657D2C7B226E616D65223A22656E746974795F6964222C2274797065223A22696E7465676572222C2261726773223A5B5D2C2264656661756C74546F223A6E756C6C2C226E6F744E756C6C61626C65223A66616C73652C22756E7369676E6564223A747275657D2C7B226E616D65223A22636F6D706F6E656E745F6964222C2274797065223A22696E7465676572222C2261726773223A5B5D2C2264656661756C74546F223A6E756C6C2C226E6F744E756C6C61626C65223A66616C73652C22756E7369676E6564223A747275657D2C7B226E616D65223A22636F6D706F6E656E745F74797065222C2274797065223A22737472696E67222C2261726773223A5B5D2C2264656661756C74546F223A6E756C6C2C226E6F744E756C6C61626C65223A66616C73652C22756E7369676E6564223A66616C73657D2C7B226E616D65223A226669656C64222C2274797065223A22737472696E67222C2261726773223A5B5D2C2264656661756C74546F223A6E756C6C2C226E6F744E756C6C61626C65223A66616C73652C22756E7369676E6564223A66616C73657D2C7B226E616D65223A226F72646572222C2274797065223A22646F75626C65222C2261726773223A5B5D2C2264656661756C74546F223A6E756C6C2C226E6F744E756C6C61626C65223A66616C73652C22756E7369676E6564223A747275657D5D7D2C7B226E616D65223A227765625F73657474696E67735F686F6D655F706167655F6C696E6B73222C22696E6465786573223A5B7B226E616D65223A227765625F73657474696E67735F686F6D655F706167655F6C696E6B735F666B222C22636F6C756D6E73223A5B227765625F73657474696E675F6964225D7D2C7B226E616D65223A227765625F73657474696E67735F686F6D655F706167655F6C696E6B735F696E765F666B222C22636F6C756D6E73223A5B22706167655F6964225D7D2C7B226E616D65223A227765625F73657474696E67735F686F6D655F706167655F6C696E6B735F756E69717565222C22636F6C756D6E73223A5B227765625F73657474696E675F6964222C22706167655F6964225D2C2274797065223A22756E69717565227D5D2C22666F726569676E4B657973223A5B7B226E616D65223A227765625F73657474696E67735F686F6D655F706167655F6C696E6B735F666B222C22636F6C756D6E73223A5B227765625F73657474696E675F6964225D2C227265666572656E636564436F6C756D6E73223A5B226964225D2C227265666572656E6365645461626C65223A227765625F73657474696E6773222C226F6E44656C657465223A2243415343414445227D2C7B226E616D65223A227765625F73657474696E67735F686F6D655F706167655F6C696E6B735F696E765F666B222C22636F6C756D6E73223A5B22706167655F6964225D2C227265666572656E636564436F6C756D6E73223A5B226964225D2C227265666572656E6365645461626C65223A227061676573222C226F6E44656C657465223A2243415343414445227D5D2C22636F6C756D6E73223A5B7B226E616D65223A226964222C2274797065223A22696E6372656D656E7473222C2261726773223A5B7B227072696D617279223A747275652C227072696D6172794B6579223A747275657D5D2C2264656661756C74546F223A6E756C6C2C226E6F744E756C6C61626C65223A747275652C22756E7369676E6564223A66616C73657D2C7B226E616D65223A227765625F73657474696E675F6964222C2274797065223A22696E7465676572222C2261726773223A5B5D2C2264656661756C74546F223A6E756C6C2C226E6F744E756C6C61626C65223A66616C73652C22756E7369676E6564223A747275657D2C7B226E616D65223A22706167655F6964222C2274797065223A22696E7465676572222C2261726773223A5B5D2C2264656661756C74546F223A6E756C6C2C226E6F744E756C6C61626C65223A66616C73652C22756E7369676E6564223A747275657D5D7D2C7B226E616D65223A227765625F73657474696E67735F61727469636C655F64657461696C5F706167655F6C696E6B73222C22696E6465786573223A5B7B226E616D65223A227765625F73657474696E67735F61727469636C655F64657461696C5F706167655F6C696E6B735F666B222C22636F6C756D6E73223A5B227765625F73657474696E675F6964225D7D2C7B226E616D65223A227765625F73657474696E67735F61727469636C655F64657461696C5F706167655F6C696E6B735F696E765F666B222C22636F6C756D6E73223A5B22706167655F6964225D7D2C7B226E616D65223A227765625F73657474696E67735F61727469636C655F64657461696C5F706167655F6C696E6B735F756E69717565222C22636F6C756D6E73223A5B227765625F73657474696E675F6964222C22706167655F6964225D2C2274797065223A22756E69717565227D5D2C22666F726569676E4B657973223A5B7B226E616D65223A227765625F73657474696E67735F61727469636C655F64657461696C5F706167655F6C696E6B735F666B222C22636F6C756D6E73223A5B227765625F73657474696E675F6964225D2C227265666572656E636564436F6C756D6E73223A5B226964225D2C227265666572656E6365645461626C65223A227765625F73657474696E6773222C226F6E44656C657465223A2243415343414445227D2C7B226E616D65223A227765625F73657474696E67735F61727469636C655F64657461696C5F706167655F6C696E6B735F696E765F666B222C22636F6C756D6E73223A5B22706167655F6964225D2C227265666572656E636564436F6C756D6E73223A5B226964225D2C227265666572656E6365645461626C65223A227061676573222C226F6E44656C657465223A2243415343414445227D5D2C22636F6C756D6E73223A5B7B226E616D65223A226964222C2274797065223A22696E6372656D656E7473222C2261726773223A5B7B227072696D617279223A747275652C227072696D6172794B6579223A747275657D5D2C2264656661756C74546F223A6E756C6C2C226E6F744E756C6C61626C65223A747275652C22756E7369676E6564223A66616C73657D2C7B226E616D65223A227765625F73657474696E675F6964222C2274797065223A22696E7465676572222C2261726773223A5B5D2C2264656661756C74546F223A6E756C6C2C226E6F744E756C6C61626C65223A66616C73652C22756E7369676E6564223A747275657D2C7B226E616D65223A22706167655F6964222C2274797065223A22696E7465676572222C2261726773223A5B5D2C2264656661756C74546F223A6E756C6C2C226E6F744E756C6C61626C65223A66616C73652C22756E7369676E6564223A747275657D5D7D2C7B226E616D65223A227765625F73657474696E67735F6D61696E5F6D656E755F6C696E6B73222C22696E6465786573223A5B7B226E616D65223A227765625F73657474696E67735F6D61696E5F6D656E755F6C696E6B735F666B222C22636F6C756D6E73223A5B227765625F73657474696E675F6964225D7D2C7B226E616D65223A227765625F73657474696E67735F6D61696E5F6D656E755F6C696E6B735F696E765F666B222C22636F6C756D6E73223A5B226D656E755F6964225D7D2C7B226E616D65223A227765625F73657474696E67735F6D61696E5F6D656E755F6C696E6B735F756E69717565222C22636F6C756D6E73223A5B227765625F73657474696E675F6964222C226D656E755F6964225D2C2274797065223A22756E69717565227D5D2C22666F726569676E4B657973223A5B7B226E616D65223A227765625F73657474696E67735F6D61696E5F6D656E755F6C696E6B735F666B222C22636F6C756D6E73223A5B227765625F73657474696E675F6964225D2C227265666572656E636564436F6C756D6E73223A5B226964225D2C227265666572656E6365645461626C65223A227765625F73657474696E6773222C226F6E44656C657465223A2243415343414445227D2C7B226E616D65223A227765625F73657474696E67735F6D61696E5F6D656E755F6C696E6B735F696E765F666B222C22636F6C756D6E73223A5B226D656E755F6964225D2C227265666572656E636564436F6C756D6E73223A5B226964225D2C227265666572656E6365645461626C65223A226D656E7573222C226F6E44656C657465223A2243415343414445227D5D2C22636F6C756D6E73223A5B7B226E616D65223A226964222C2274797065223A22696E6372656D656E7473222C2261726773223A5B7B227072696D617279223A747275652C227072696D6172794B6579223A747275657D5D2C2264656661756C74546F223A6E756C6C2C226E6F744E756C6C61626C65223A747275652C22756E7369676E6564223A66616C73657D2C7B226E616D65223A227765625F73657474696E675F6964222C2274797065223A22696E7465676572222C2261726773223A5B5D2C2264656661756C74546F223A6E756C6C2C226E6F744E756C6C61626C65223A66616C73652C22756E7369676E6564223A747275657D2C7B226E616D65223A226D656E755F6964222C2274797065223A22696E7465676572222C2261726773223A5B5D2C2264656661756C74546F223A6E756C6C2C226E6F744E756C6C61626C65223A66616C73652C22756E7369676E6564223A747275657D5D7D2C7B226E616D65223A227765625F73657474696E67735F61727469636C65735F706167655F6C696E6B73222C22696E6465786573223A5B7B226E616D65223A227765625F73657474696E67735F61727469636C65735F706167655F6C696E6B735F666B222C22636F6C756D6E73223A5B227765625F73657474696E675F6964225D7D2C7B226E616D65223A227765625F73657474696E67735F61727469636C65735F706167655F6C696E6B735F696E765F666B222C22636F6C756D6E73223A5B22706167655F6964225D7D2C7B226E616D65223A227765625F73657474696E67735F61727469636C65735F706167655F6C696E6B735F756E69717565222C22636F6C756D6E73223A5B227765625F73657474696E675F6964222C22706167655F6964225D2C2274797065223A22756E69717565227D5D2C22666F726569676E4B657973223A5B7B226E616D65223A227765625F73657474696E67735F61727469636C65735F706167655F6C696E6B735F666B222C22636F6C756D6E73223A5B227765625F73657474696E675F6964225D2C227265666572656E636564436F6C756D6E73223A5B226964225D2C227265666572656E6365645461626C65223A227765625F73657474696E6773222C226F6E44656C657465223A2243415343414445227D2C7B226E616D65223A227765625F73657474696E67735F61727469636C65735F706167655F6C696E6B735F696E765F666B222C22636F6C756D6E73223A5B22706167655F6964225D2C227265666572656E636564436F6C756D6E73223A5B226964225D2C227265666572656E6365645461626C65223A227061676573222C226F6E44656C657465223A2243415343414445227D5D2C22636F6C756D6E73223A5B7B226E616D65223A226964222C2274797065223A22696E6372656D656E7473222C2261726773223A5B7B227072696D617279223A747275652C227072696D6172794B6579223A747275657D5D2C2264656661756C74546F223A6E756C6C2C226E6F744E756C6C61626C65223A747275652C22756E7369676E6564223A66616C73657D2C7B226E616D65223A227765625F73657474696E675F6964222C2274797065223A22696E7465676572222C2261726773223A5B5D2C2264656661756C74546F223A6E756C6C2C226E6F744E756C6C61626C65223A66616C73652C22756E7369676E6564223A747275657D2C7B226E616D65223A22706167655F6964222C2274797065223A22696E7465676572222C2261726773223A5B5D2C2264656661756C74546F223A6E756C6C2C226E6F744E756C6C61626C65223A66616C73652C22756E7369676E6564223A747275657D5D7D2C7B226E616D65223A227765625F73657474696E67735F666F6F7465725F6D656E755F6C696E6B73222C22696E6465786573223A5B7B226E616D65223A227765625F73657474696E67735F666F6F7465725F6D656E755F6C696E6B735F666B222C22636F6C756D6E73223A5B227765625F73657474696E675F6964225D7D2C7B226E616D65223A227765625F73657474696E67735F666F6F7465725F6D656E755F6C696E6B735F696E765F666B222C22636F6C756D6E73223A5B226D656E755F6964225D7D2C7B226E616D65223A227765625F73657474696E67735F666F6F7465725F6D656E755F6C696E6B735F756E69717565222C22636F6C756D6E73223A5B227765625F73657474696E675F6964222C226D656E755F6964225D2C2274797065223A22756E69717565227D5D2C22666F726569676E4B657973223A5B7B226E616D65223A227765625F73657474696E67735F666F6F7465725F6D656E755F6C696E6B735F666B222C22636F6C756D6E73223A5B227765625F73657474696E675F6964225D2C227265666572656E636564436F6C756D6E73223A5B226964225D2C227265666572656E6365645461626C65223A227765625F73657474696E6773222C226F6E44656C657465223A2243415343414445227D2C7B226E616D65223A227765625F73657474696E67735F666F6F7465725F6D656E755F6C696E6B735F696E765F666B222C22636F6C756D6E73223A5B226D656E755F6964225D2C227265666572656E636564436F6C756D6E73223A5B226964225D2C227265666572656E6365645461626C65223A226D656E7573222C226F6E44656C657465223A2243415343414445227D5D2C22636F6C756D6E73223A5B7B226E616D65223A226964222C2274797065223A22696E6372656D656E7473222C2261726773223A5B7B227072696D617279223A747275652C227072696D6172794B6579223A747275657D5D2C2264656661756C74546F223A6E756C6C2C226E6F744E756C6C61626C65223A747275652C22756E7369676E6564223A66616C73657D2C7B226E616D65223A227765625F73657474696E675F6964222C2274797065223A22696E7465676572222C2261726773223A5B5D2C2264656661756C74546F223A6E756C6C2C226E6F744E756C6C61626C65223A66616C73652C22756E7369676E6564223A747275657D2C7B226E616D65223A226D656E755F6964222C2274797065223A22696E7465676572222C2261726773223A5B5D2C2264656661756C74546F223A6E756C6C2C226E6F744E756C6C61626C65223A66616C73652C22756E7369676E6564223A747275657D5D7D2C7B226E616D65223A227765625F73657474696E67735F76657273696F6E735F6C696E6B73222C22696E6465786573223A5B7B226E616D65223A227765625F73657474696E67735F76657273696F6E735F6C696E6B735F666B222C22636F6C756D6E73223A5B227765625F73657474696E675F6964225D7D2C7B226E616D65223A227765625F73657474696E67735F76657273696F6E735F6C696E6B735F696E765F666B222C22636F6C756D6E73223A5B22696E765F7765625F73657474696E675F6964225D7D2C7B226E616D65223A227765625F73657474696E67735F76657273696F6E735F6C696E6B735F756E69717565222C22636F6C756D6E73223A5B227765625F73657474696E675F6964222C22696E765F7765625F73657474696E675F6964225D2C2274797065223A22756E69717565227D2C7B226E616D65223A227765625F73657474696E67735F76657273696F6E735F6C696E6B735F6F726465725F666B222C22636F6C756D6E73223A5B227765625F73657474696E675F6F72646572225D7D5D2C22666F726569676E4B657973223A5B7B226E616D65223A227765625F73657474696E67735F76657273696F6E735F6C696E6B735F666B222C22636F6C756D6E73223A5B227765625F73657474696E675F6964225D2C227265666572656E636564436F6C756D6E73223A5B226964225D2C227265666572656E6365645461626C65223A227765625F73657474696E6773222C226F6E44656C657465223A2243415343414445227D2C7B226E616D65223A227765625F73657474696E67735F76657273696F6E735F6C696E6B735F696E765F666B222C22636F6C756D6E73223A5B22696E765F7765625F73657474696E675F6964225D2C227265666572656E636564436F6C756D6E73223A5B226964225D2C227265666572656E6365645461626C65223A227765625F73657474696E6773222C226F6E44656C657465223A2243415343414445227D5D2C22636F6C756D6E73223A5B7B226E616D65223A226964222C2274797065223A22696E6372656D656E7473222C2261726773223A5B7B227072696D617279223A747275652C227072696D6172794B6579223A747275657D5D2C2264656661756C74546F223A6E756C6C2C226E6F744E756C6C61626C65223A747275652C22756E7369676E6564223A66616C73657D2C7B226E616D65223A227765625F73657474696E675F6964222C2274797065223A22696E7465676572222C2261726773223A5B5D2C2264656661756C74546F223A6E756C6C2C226E6F744E756C6C61626C65223A66616C73652C22756E7369676E6564223A747275657D2C7B226E616D65223A22696E765F7765625F73657474696E675F6964222C2274797065223A22696E7465676572222C2261726773223A5B5D2C2264656661756C74546F223A6E756C6C2C226E6F744E756C6C61626C65223A66616C73652C22756E7369676E6564223A747275657D2C7B226E616D65223A227765625F73657474696E675F6F72646572222C2274797065223A22646F75626C65222C2261726773223A5B5D2C2264656661756C74546F223A6E756C6C2C226E6F744E756C6C61626C65223A66616C73652C22756E7369676E6564223A747275657D5D7D2C7B226E616D65223A227765625F73657474696E67735F6C6F63616C697A6174696F6E735F6C696E6B73222C22696E6465786573223A5B7B226E616D65223A227765625F73657474696E67735F6C6F63616C697A6174696F6E735F6C696E6B735F666B222C22636F6C756D6E73223A5B227765625F73657474696E675F6964225D7D2C7B226E616D65223A227765625F73657474696E67735F6C6F63616C697A6174696F6E735F6C696E6B735F696E765F666B222C22636F6C756D6E73223A5B22696E765F7765625F73657474696E675F6964225D7D2C7B226E616D65223A227765625F73657474696E67735F6C6F63616C697A6174696F6E735F6C696E6B735F756E69717565222C22636F6C756D6E73223A5B227765625F73657474696E675F6964222C22696E765F7765625F73657474696E675F6964225D2C2274797065223A22756E69717565227D2C7B226E616D65223A227765625F73657474696E67735F6C6F63616C697A6174696F6E735F6C696E6B735F6F726465725F666B222C22636F6C756D6E73223A5B227765625F73657474696E675F6F72646572225D7D5D2C22666F726569676E4B657973223A5B7B226E616D65223A227765625F73657474696E67735F6C6F63616C697A6174696F6E735F6C696E6B735F666B222C22636F6C756D6E73223A5B227765625F73657474696E675F6964225D2C227265666572656E636564436F6C756D6E73223A5B226964225D2C227265666572656E6365645461626C65223A227765625F73657474696E6773222C226F6E44656C657465223A2243415343414445227D2C7B226E616D65223A227765625F73657474696E67735F6C6F63616C697A6174696F6E735F6C696E6B735F696E765F666B222C22636F6C756D6E73223A5B22696E765F7765625F73657474696E675F6964225D2C227265666572656E636564436F6C756D6E73223A5B226964225D2C227265666572656E6365645461626C65223A227765625F73657474696E6773222C226F6E44656C657465223A2243415343414445227D5D2C22636F6C756D6E73223A5B7B226E616D65223A226964222C2274797065223A22696E6372656D656E7473222C2261726773223A5B7B227072696D617279223A747275652C227072696D6172794B6579223A747275657D5D2C2264656661756C74546F223A6E756C6C2C226E6F744E756C6C61626C65223A747275652C22756E7369676E6564223A66616C73657D2C7B226E616D65223A227765625F73657474696E675F6964222C2274797065223A22696E7465676572222C2261726773223A5B5D2C2264656661756C74546F223A6E756C6C2C226E6F744E756C6C61626C65223A66616C73652C22756E7369676E6564223A747275657D2C7B226E616D65223A22696E765F7765625F73657474696E675F6964222C2274797065223A22696E7465676572222C2261726773223A5B5D2C2264656661756C74546F223A6E756C6C2C226E6F744E756C6C61626C65223A66616C73652C22756E7369676E6564223A747275657D2C7B226E616D65223A227765625F73657474696E675F6F72646572222C2274797065223A22646F75626C65222C2261726773223A5B5D2C2264656661756C74546F223A6E756C6C2C226E6F744E756C6C61626C65223A66616C73652C22756E7369676E6564223A747275657D5D7D2C7B226E616D65223A22636F6D706F6E656E74735F626C6F636B5F627574746F6E5F626C6F636B735F69636F6E5F6C696E6B73222C22696E6465786573223A5B7B226E616D65223A22636F6D706F6E656E74735F626C6F636B5F627574746F6E5F626C6F636B735F69636F6E5F6C696E6B735F666B222C22636F6C756D6E73223A5B22627574746F6E5F626C6F636B5F6964225D7D2C7B226E616D65223A22636F6D706F6E656E74735F626C6F636B5F627574746F6E5F626C6F636B735F69636F6E5F6C696E6B735F696E765F666B222C22636F6C756D6E73223A5B2269636F6E5F6964225D7D2C7B226E616D65223A22636F6D706F6E656E74735F626C6F636B5F627574746F6E5F626C6F636B735F69636F6E5F6C696E6B735F756E69717565222C22636F6C756D6E73223A5B22627574746F6E5F626C6F636B5F6964222C2269636F6E5F6964225D2C2274797065223A22756E69717565227D5D2C22666F726569676E4B657973223A5B7B226E616D65223A22636F6D706F6E656E74735F626C6F636B5F627574746F6E5F626C6F636B735F69636F6E5F6C696E6B735F666B222C22636F6C756D6E73223A5B22627574746F6E5F626C6F636B5F6964225D2C227265666572656E636564436F6C756D6E73223A5B226964225D2C227265666572656E6365645461626C65223A22636F6D706F6E656E74735F626C6F636B5F627574746F6E5F626C6F636B73222C226F6E44656C657465223A2243415343414445227D2C7B226E616D65223A22636F6D706F6E656E74735F626C6F636B5F627574746F6E5F626C6F636B735F69636F6E5F6C696E6B735F696E765F666B222C22636F6C756D6E73223A5B2269636F6E5F6964225D2C227265666572656E636564436F6C756D6E73223A5B226964225D2C227265666572656E6365645461626C65223A2269636F6E73222C226F6E44656C657465223A2243415343414445227D5D2C22636F6C756D6E73223A5B7B226E616D65223A226964222C2274797065223A22696E6372656D656E7473222C2261726773223A5B7B227072696D617279223A747275652C227072696D6172794B6579223A747275657D5D2C2264656661756C74546F223A6E756C6C2C226E6F744E756C6C61626C65223A747275652C22756E7369676E6564223A66616C73657D2C7B226E616D65223A22627574746F6E5F626C6F636B5F6964222C2274797065223A22696E7465676572222C2261726773223A5B5D2C2264656661756C74546F223A6E756C6C2C226E6F744E756C6C61626C65223A66616C73652C22756E7369676E6564223A747275657D2C7B226E616D65223A2269636F6E5F6964222C2274797065223A22696E7465676572222C2261726773223A5B5D2C2264656661756C74546F223A6E756C6C2C226E6F744E756C6C61626C65223A66616C73652C22756E7369676E6564223A747275657D5D7D2C7B226E616D65223A22636F6D706F6E656E74735F626C6F636B5F627574746F6E5F626C6F636B735F706167655F6C696E6B73222C22696E6465786573223A5B7B226E616D65223A22636F6D706F6E656E74735F626C6F636B5F627574746F6E5F626C6F636B735F706167655F6C696E6B735F666B222C22636F6C756D6E73223A5B22627574746F6E5F626C6F636B5F6964225D7D2C7B226E616D65223A22636F6D706F6E656E74735F626C6F636B5F627574746F6E5F626C6F636B735F706167655F6C696E6B735F696E765F666B222C22636F6C756D6E73223A5B22706167655F6964225D7D2C7B226E616D65223A22636F6D706F6E656E74735F626C6F636B5F627574746F6E5F626C6F636B735F706167655F6C696E6B735F756E69717565222C22636F6C756D6E73223A5B22627574746F6E5F626C6F636B5F6964222C22706167655F6964225D2C2274797065223A22756E69717565227D5D2C22666F726569676E4B657973223A5B7B226E616D65223A22636F6D706F6E656E74735F626C6F636B5F627574746F6E5F626C6F636B735F706167655F6C696E6B735F666B222C22636F6C756D6E73223A5B22627574746F6E5F626C6F636B5F6964225D2C227265666572656E636564436F6C756D6E73223A5B226964225D2C227265666572656E6365645461626C65223A22636F6D706F6E656E74735F626C6F636B5F627574746F6E5F626C6F636B73222C226F6E44656C657465223A2243415343414445227D2C7B226E616D65223A22636F6D706F6E656E74735F626C6F636B5F627574746F6E5F626C6F636B735F706167655F6C696E6B735F696E765F666B222C22636F6C756D6E73223A5B22706167655F6964225D2C227265666572656E636564436F6C756D6E73223A5B226964225D2C227265666572656E6365645461626C65223A227061676573222C226F6E44656C657465223A2243415343414445227D5D2C22636F6C756D6E73223A5B7B226E616D65223A226964222C2274797065223A22696E6372656D656E7473222C2261726773223A5B7B227072696D617279223A747275652C227072696D6172794B6579223A747275657D5D2C2264656661756C74546F223A6E756C6C2C226E6F744E756C6C61626C65223A747275652C22756E7369676E6564223A66616C73657D2C7B226E616D65223A22627574746F6E5F626C6F636B5F6964222C2274797065223A22696E7465676572222C2261726773223A5B5D2C2264656661756C74546F223A6E756C6C2C226E6F744E756C6C61626C65223A66616C73652C22756E7369676E6564223A747275657D2C7B226E616D65223A22706167655F6964222C2274797065223A22696E7465676572222C2261726773223A5B5D2C2264656661756C74546F223A6E756C6C2C226E6F744E756C6C61626C65223A66616C73652C22756E7369676E6564223A747275657D5D7D2C7B226E616D65223A22636F6D706F6E656E74735F626C6F636B5F6361726F7573656C5F626C6F636B735F636F6D706F6E656E7473222C22696E6465786573223A5B7B226E616D65223A22636F6D706F6E656E74735F626C6F636B5F6361726F7573656C5F626C6F636B735F6669656C645F696E646578222C22636F6C756D6E73223A5B226669656C64225D2C2274797065223A6E756C6C7D2C7B226E616D65223A22636F6D706F6E656E74735F626C6F636B5F6361726F7573656C5F626C6F636B735F636F6D706F6E656E745F747970655F696E646578222C22636F6C756D6E73223A5B22636F6D706F6E656E745F74797065225D2C2274797065223A6E756C6C7D2C7B226E616D65223A22636F6D706F6E656E74735F626C6F636B5F6361726F7573656C5F626C6F636B735F656E746974795F666B222C22636F6C756D6E73223A5B22656E746974795F6964225D7D2C7B226E616D65223A22636F6D706F6E656E74735F626C6F636B5F6361726F7573656C5F626C6F636B735F756E69717565222C22636F6C756D6E73223A5B22656E746974795F6964222C22636F6D706F6E656E745F6964222C226669656C64222C22636F6D706F6E656E745F74797065225D2C2274797065223A22756E69717565227D5D2C22666F726569676E4B657973223A5B7B226E616D65223A22636F6D706F6E656E74735F626C6F636B5F6361726F7573656C5F626C6F636B735F656E746974795F666B222C22636F6C756D6E73223A5B22656E746974795F6964225D2C227265666572656E636564436F6C756D6E73223A5B226964225D2C227265666572656E6365645461626C65223A22636F6D706F6E656E74735F626C6F636B5F6361726F7573656C5F626C6F636B73222C226F6E44656C657465223A2243415343414445227D5D2C22636F6C756D6E73223A5B7B226E616D65223A226964222C2274797065223A22696E6372656D656E7473222C2261726773223A5B7B227072696D617279223A747275652C227072696D6172794B6579223A747275657D5D2C2264656661756C74546F223A6E756C6C2C226E6F744E756C6C61626C65223A747275652C22756E7369676E6564223A66616C73657D2C7B226E616D65223A22656E746974795F6964222C2274797065223A22696E7465676572222C2261726773223A5B5D2C2264656661756C74546F223A6E756C6C2C226E6F744E756C6C61626C65223A66616C73652C22756E7369676E6564223A747275657D2C7B226E616D65223A22636F6D706F6E656E745F6964222C2274797065223A22696E7465676572222C2261726773223A5B5D2C2264656661756C74546F223A6E756C6C2C226E6F744E756C6C61626C65223A66616C73652C22756E7369676E6564223A747275657D2C7B226E616D65223A22636F6D706F6E656E745F74797065222C2274797065223A22737472696E67222C2261726773223A5B5D2C2264656661756C74546F223A6E756C6C2C226E6F744E756C6C61626C65223A66616C73652C22756E7369676E6564223A66616C73657D2C7B226E616D65223A226669656C64222C2274797065223A22737472696E67222C2261726773223A5B5D2C2264656661756C74546F223A6E756C6C2C226E6F744E756C6C61626C65223A66616C73652C22756E7369676E6564223A66616C73657D2C7B226E616D65223A226F72646572222C2274797065223A22646F75626C65222C2261726773223A5B5D2C2264656661756C74546F223A6E756C6C2C226E6F744E756C6C61626C65223A66616C73652C22756E7369676E6564223A747275657D5D7D2C7B226E616D65223A22636F6D706F6E656E74735F626C6F636B5F6D61705F626C6F636B735F636F6D706F6E656E7473222C22696E6465786573223A5B7B226E616D65223A22636F6D706F6E656E74735F626C6F636B5F6D61705F626C6F636B735F6669656C645F696E646578222C22636F6C756D6E73223A5B226669656C64225D2C2274797065223A6E756C6C7D2C7B226E616D65223A22636F6D706F6E656E74735F626C6F636B5F6D61705F626C6F636B735F636F6D706F6E656E745F747970655F696E646578222C22636F6C756D6E73223A5B22636F6D706F6E656E745F74797065225D2C2274797065223A6E756C6C7D2C7B226E616D65223A22636F6D706F6E656E74735F626C6F636B5F6D61705F626C6F636B735F656E746974795F666B222C22636F6C756D6E73223A5B22656E746974795F6964225D7D2C7B226E616D65223A22636F6D706F6E656E74735F626C6F636B5F6D61705F626C6F636B735F756E69717565222C22636F6C756D6E73223A5B22656E746974795F6964222C22636F6D706F6E656E745F6964222C226669656C64222C22636F6D706F6E656E745F74797065225D2C2274797065223A22756E69717565227D5D2C22666F726569676E4B657973223A5B7B226E616D65223A22636F6D706F6E656E74735F626C6F636B5F6D61705F626C6F636B735F656E746974795F666B222C22636F6C756D6E73223A5B22656E746974795F6964225D2C227265666572656E636564436F6C756D6E73223A5B226964225D2C227265666572656E6365645461626C65223A22636F6D706F6E656E74735F626C6F636B5F6D61705F626C6F636B73222C226F6E44656C657465223A2243415343414445227D5D2C22636F6C756D6E73223A5B7B226E616D65223A226964222C2274797065223A22696E6372656D656E7473222C2261726773223A5B7B227072696D617279223A747275652C227072696D6172794B6579223A747275657D5D2C2264656661756C74546F223A6E756C6C2C226E6F744E756C6C61626C65223A747275652C22756E7369676E6564223A66616C73657D2C7B226E616D65223A22656E746974795F6964222C2274797065223A22696E7465676572222C2261726773223A5B5D2C2264656661756C74546F223A6E756C6C2C226E6F744E756C6C61626C65223A66616C73652C22756E7369676E6564223A747275657D2C7B226E616D65223A22636F6D706F6E656E745F6964222C2274797065223A22696E7465676572222C2261726773223A5B5D2C2264656661756C74546F223A6E756C6C2C226E6F744E756C6C61626C65223A66616C73652C22756E7369676E6564223A747275657D2C7B226E616D65223A22636F6D706F6E656E745F74797065222C2274797065223A22737472696E67222C2261726773223A5B5D2C2264656661756C74546F223A6E756C6C2C226E6F744E756C6C61626C65223A66616C73652C22756E7369676E6564223A66616C73657D2C7B226E616D65223A226669656C64222C2274797065223A22737472696E67222C2261726773223A5B5D2C2264656661756C74546F223A6E756C6C2C226E6F744E756C6C61626C65223A66616C73652C22756E7369676E6564223A66616C73657D2C7B226E616D65223A226F72646572222C2274797065223A22646F75626C65222C2261726773223A5B5D2C2264656661756C74546F223A6E756C6C2C226E6F744E756C6C61626C65223A66616C73652C22756E7369676E6564223A747275657D5D7D2C7B226E616D65223A22636F6D706F6E656E74735F626C6F636B5F74656D706C6174655F626C6F636B735F74656D706C6174655F6C696E6B73222C22696E6465786573223A5B7B226E616D65223A22636F6D706F6E656E74735F626C6F636B5F74656D706C6174655F626C6F636B735F74656D706C6174655F6C696E6B735F666B222C22636F6C756D6E73223A5B2274656D706C6174655F626C6F636B5F6964225D7D2C7B226E616D65223A22636F6D706F6E656E74735F626C6F636B5F74656D706C6174655F626C6F636B735F74656D706C6174655F6C696E6B735F696E765F666B222C22636F6C756D6E73223A5B2274656D706C6174655F6964225D7D2C7B226E616D65223A22636F6D706F6E656E74735F626C6F636B5F74656D706C6174655F626C6F636B735F74656D706C6174655F6C696E6B735F756E69717565222C22636F6C756D6E73223A5B2274656D706C6174655F626C6F636B5F6964222C2274656D706C6174655F6964225D2C2274797065223A22756E69717565227D5D2C22666F726569676E4B657973223A5B7B226E616D65223A22636F6D706F6E656E74735F626C6F636B5F74656D706C6174655F626C6F636B735F74656D706C6174655F6C696E6B735F666B222C22636F6C756D6E73223A5B2274656D706C6174655F626C6F636B5F6964225D2C227265666572656E636564436F6C756D6E73223A5B226964225D2C227265666572656E6365645461626C65223A22636F6D706F6E656E74735F626C6F636B5F74656D706C6174655F626C6F636B73222C226F6E44656C657465223A2243415343414445227D2C7B226E616D65223A22636F6D706F6E656E74735F626C6F636B5F74656D706C6174655F626C6F636B735F74656D706C6174655F6C696E6B735F696E765F666B222C22636F6C756D6E73223A5B2274656D706C6174655F6964225D2C227265666572656E636564436F6C756D6E73223A5B226964225D2C227265666572656E6365645461626C65223A2274656D706C61746573222C226F6E44656C657465223A2243415343414445227D5D2C22636F6C756D6E73223A5B7B226E616D65223A226964222C2274797065223A22696E6372656D656E7473222C2261726773223A5B7B227072696D617279223A747275652C227072696D6172794B6579223A747275657D5D2C2264656661756C74546F223A6E756C6C2C226E6F744E756C6C61626C65223A747275652C22756E7369676E6564223A66616C73657D2C7B226E616D65223A2274656D706C6174655F626C6F636B5F6964222C2274797065223A22696E7465676572222C2261726773223A5B5D2C2264656661756C74546F223A6E756C6C2C226E6F744E756C6C61626C65223A66616C73652C22756E7369676E6564223A747275657D2C7B226E616D65223A2274656D706C6174655F6964222C2274797065223A22696E7465676572222C2261726773223A5B5D2C2264656661756C74546F223A6E756C6C2C226E6F744E756C6C61626C65223A66616C73652C22756E7369676E6564223A747275657D5D7D2C7B226E616D65223A22636F6D706F6E656E74735F626C6F636B5F746573745F626C6F636B735F636F6D706F6E656E7473222C22696E6465786573223A5B7B226E616D65223A22636F6D706F6E656E74735F626C6F636B5F746573745F626C6F636B735F6669656C645F696E646578222C22636F6C756D6E73223A5B226669656C64225D2C2274797065223A6E756C6C7D2C7B226E616D65223A22636F6D706F6E656E74735F626C6F636B5F746573745F626C6F636B735F636F6D706F6E656E745F747970655F696E646578222C22636F6C756D6E73223A5B22636F6D706F6E656E745F74797065225D2C2274797065223A6E756C6C7D2C7B226E616D65223A22636F6D706F6E656E74735F626C6F636B5F746573745F626C6F636B735F656E746974795F666B222C22636F6C756D6E73223A5B22656E746974795F6964225D7D2C7B226E616D65223A22636F6D706F6E656E74735F626C6F636B5F746573745F626C6F636B735F756E69717565222C22636F6C756D6E73223A5B22656E746974795F6964222C22636F6D706F6E656E745F6964222C226669656C64222C22636F6D706F6E656E745F74797065225D2C2274797065223A22756E69717565227D5D2C22666F726569676E4B657973223A5B7B226E616D65223A22636F6D706F6E656E74735F626C6F636B5F746573745F626C6F636B735F656E746974795F666B222C22636F6C756D6E73223A5B22656E746974795F6964225D2C227265666572656E636564436F6C756D6E73223A5B226964225D2C227265666572656E6365645461626C65223A22636F6D706F6E656E74735F626C6F636B5F746573745F626C6F636B73222C226F6E44656C657465223A2243415343414445227D5D2C22636F6C756D6E73223A5B7B226E616D65223A226964222C2274797065223A22696E6372656D656E7473222C2261726773223A5B7B227072696D617279223A747275652C227072696D6172794B6579223A747275657D5D2C2264656661756C74546F223A6E756C6C2C226E6F744E756C6C61626C65223A747275652C22756E7369676E6564223A66616C73657D2C7B226E616D65223A22656E746974795F6964222C2274797065223A22696E7465676572222C2261726773223A5B5D2C2264656661756C74546F223A6E756C6C2C226E6F744E756C6C61626C65223A66616C73652C22756E7369676E6564223A747275657D2C7B226E616D65223A22636F6D706F6E656E745F6964222C2274797065223A22696E7465676572222C2261726773223A5B5D2C2264656661756C74546F223A6E756C6C2C226E6F744E756C6C61626C65223A66616C73652C22756E7369676E6564223A747275657D2C7B226E616D65223A22636F6D706F6E656E745F74797065222C2274797065223A22737472696E67222C2261726773223A5B5D2C2264656661756C74546F223A6E756C6C2C226E6F744E756C6C61626C65223A66616C73652C22756E7369676E6564223A66616C73657D2C7B226E616D65223A226669656C64222C2274797065223A22737472696E67222C2261726773223A5B5D2C2264656661756C74546F223A6E756C6C2C226E6F744E756C6C61626C65223A66616C73652C22756E7369676E6564223A66616C73657D2C7B226E616D65223A226F72646572222C2274797065223A22646F75626C65222C2261726773223A5B5D2C2264656661756C74546F223A6E756C6C2C226E6F744E756C6C61626C65223A66616C73652C22756E7369676E6564223A747275657D5D7D2C7B226E616D65223A22636F6D706F6E656E74735F626C6F636B5F746573745F626C6F636B735F61727469636C655F6C696E6B73222C22696E6465786573223A5B7B226E616D65223A22636F6D706F6E656E74735F626C6F636B5F746573745F626C6F636B735F61727469636C655F6C696E6B735F666B222C22636F6C756D6E73223A5B22746573745F626C6F636B5F6964225D7D2C7B226E616D65223A22636F6D706F6E656E74735F626C6F636B5F746573745F626C6F636B735F61727469636C655F6C696E6B735F696E765F666B222C22636F6C756D6E73223A5B2261727469636C655F6964225D7D2C7B226E616D65223A22636F6D706F6E656E74735F626C6F636B5F746573745F626C6F636B735F61727469636C655F6C696E6B735F756E69717565222C22636F6C756D6E73223A5B22746573745F626C6F636B5F6964222C2261727469636C655F6964225D2C2274797065223A22756E69717565227D5D2C22666F726569676E4B657973223A5B7B226E616D65223A22636F6D706F6E656E74735F626C6F636B5F746573745F626C6F636B735F61727469636C655F6C696E6B735F666B222C22636F6C756D6E73223A5B22746573745F626C6F636B5F6964225D2C227265666572656E636564436F6C756D6E73223A5B226964225D2C227265666572656E6365645461626C65223A22636F6D706F6E656E74735F626C6F636B5F746573745F626C6F636B73222C226F6E44656C657465223A2243415343414445227D2C7B226E616D65223A22636F6D706F6E656E74735F626C6F636B5F746573745F626C6F636B735F61727469636C655F6C696E6B735F696E765F666B222C22636F6C756D6E73223A5B2261727469636C655F6964225D2C227265666572656E636564436F6C756D6E73223A5B226964225D2C227265666572656E6365645461626C65223A2261727469636C6573222C226F6E44656C657465223A2243415343414445227D5D2C22636F6C756D6E73223A5B7B226E616D65223A226964222C2274797065223A22696E6372656D656E7473222C2261726773223A5B7B227072696D617279223A747275652C227072696D6172794B6579223A747275657D5D2C2264656661756C74546F223A6E756C6C2C226E6F744E756C6C61626C65223A747275652C22756E7369676E6564223A66616C73657D2C7B226E616D65223A22746573745F626C6F636B5F6964222C2274797065223A22696E7465676572222C2261726773223A5B5D2C2264656661756C74546F223A6E756C6C2C226E6F744E756C6C61626C65223A66616C73652C22756E7369676E6564223A747275657D2C7B226E616D65223A2261727469636C655F6964222C2274797065223A22696E7465676572222C2261726773223A5B5D2C2264656661756C74546F223A6E756C6C2C226E6F744E756C6C61626C65223A66616C73652C22756E7369676E6564223A747275657D5D7D2C7B226E616D65223A22636F6D706F6E656E74735F636F6D706C656D656E746172795F627574746F6E735F706167655F6C696E6B73222C22696E6465786573223A5B7B226E616D65223A22636F6D706F6E656E74735F636F6D706C656D656E746172795F627574746F6E735F706167655F6C696E6B735F666B222C22636F6C756D6E73223A5B22627574746F6E5F6964225D7D2C7B226E616D65223A22636F6D706F6E656E74735F636F6D706C656D656E746172795F627574746F6E735F706167655F6C696E6B735F696E765F666B222C22636F6C756D6E73223A5B22706167655F6964225D7D2C7B226E616D65223A22636F6D706F6E656E74735F636F6D706C656D656E746172795F627574746F6E735F706167655F6C696E6B735F756E69717565222C22636F6C756D6E73223A5B22627574746F6E5F6964222C22706167655F6964225D2C2274797065223A22756E69717565227D5D2C22666F726569676E4B657973223A5B7B226E616D65223A22636F6D706F6E656E74735F636F6D706C656D656E746172795F627574746F6E735F706167655F6C696E6B735F666B222C22636F6C756D6E73223A5B22627574746F6E5F6964225D2C227265666572656E636564436F6C756D6E73223A5B226964225D2C227265666572656E6365645461626C65223A22636F6D706F6E656E74735F636F6D706C656D656E746172795F627574746F6E73222C226F6E44656C657465223A2243415343414445227D2C7B226E616D65223A22636F6D706F6E656E74735F636F6D706C656D656E746172795F627574746F6E735F706167655F6C696E6B735F696E765F666B222C22636F6C756D6E73223A5B22706167655F6964225D2C227265666572656E636564436F6C756D6E73223A5B226964225D2C227265666572656E6365645461626C65223A227061676573222C226F6E44656C657465223A2243415343414445227D5D2C22636F6C756D6E73223A5B7B226E616D65223A226964222C2274797065223A22696E6372656D656E7473222C2261726773223A5B7B227072696D617279223A747275652C227072696D6172794B6579223A747275657D5D2C2264656661756C74546F223A6E756C6C2C226E6F744E756C6C61626C65223A747275652C22756E7369676E6564223A66616C73657D2C7B226E616D65223A22627574746F6E5F6964222C2274797065223A22696E7465676572222C2261726773223A5B5D2C2264656661756C74546F223A6E756C6C2C226E6F744E756C6C61626C65223A66616C73652C22756E7369676E6564223A747275657D2C7B226E616D65223A22706167655F6964222C2274797065223A22696E7465676572222C2261726773223A5B5D2C2264656661756C74546F223A6E756C6C2C226E6F744E756C6C61626C65223A66616C73652C22756E7369676E6564223A747275657D5D7D2C7B226E616D65223A22636F6D706F6E656E74735F636F6D706C656D656E746172795F6C696E6B735F706167655F6C696E6B73222C22696E6465786573223A5B7B226E616D65223A22636F6D706F6E656E74735F636F6D706C656D656E746172795F6C696E6B735F706167655F6C696E6B735F666B222C22636F6C756D6E73223A5B226C696E6B5F6964225D7D2C7B226E616D65223A22636F6D706F6E656E74735F636F6D706C656D656E746172795F6C696E6B735F706167655F6C696E6B735F696E765F666B222C22636F6C756D6E73223A5B22706167655F6964225D7D2C7B226E616D65223A22636F6D706F6E656E74735F636F6D706C656D656E746172795F6C696E6B735F706167655F6C696E6B735F756E69717565222C22636F6C756D6E73223A5B226C696E6B5F6964222C22706167655F6964225D2C2274797065223A22756E69717565227D5D2C22666F726569676E4B657973223A5B7B226E616D65223A22636F6D706F6E656E74735F636F6D706C656D656E746172795F6C696E6B735F706167655F6C696E6B735F666B222C22636F6C756D6E73223A5B226C696E6B5F6964225D2C227265666572656E636564436F6C756D6E73223A5B226964225D2C227265666572656E6365645461626C65223A22636F6D706F6E656E74735F636F6D706C656D656E746172795F6C696E6B73222C226F6E44656C657465223A2243415343414445227D2C7B226E616D65223A22636F6D706F6E656E74735F636F6D706C656D656E746172795F6C696E6B735F706167655F6C696E6B735F696E765F666B222C22636F6C756D6E73223A5B22706167655F6964225D2C227265666572656E636564436F6C756D6E73223A5B226964225D2C227265666572656E6365645461626C65223A227061676573222C226F6E44656C657465223A2243415343414445227D5D2C22636F6C756D6E73223A5B7B226E616D65223A226964222C2274797065223A22696E6372656D656E7473222C2261726773223A5B7B227072696D617279223A747275652C227072696D6172794B6579223A747275657D5D2C2264656661756C74546F223A6E756C6C2C226E6F744E756C6C61626C65223A747275652C22756E7369676E6564223A66616C73657D2C7B226E616D65223A226C696E6B5F6964222C2274797065223A22696E7465676572222C2261726773223A5B5D2C2264656661756C74546F223A6E756C6C2C226E6F744E756C6C61626C65223A66616C73652C22756E7369676E6564223A747275657D2C7B226E616D65223A22706167655F6964222C2274797065223A22696E7465676572222C2261726773223A5B5D2C2264656661756C74546F223A6E756C6C2C226E6F744E756C6C61626C65223A66616C73652C22756E7369676E6564223A747275657D5D7D2C7B226E616D65223A22636F6D706F6E656E74735F636F6D706C656D656E746172795F746573745F636F6D706F6E656E74735F69636F6E5F6C696E6B73222C22696E6465786573223A5B7B226E616D65223A22636F6D706F6E656E74735F636F6D706C656D656E746172795F746573745F636F6D706F6E656E74735F69636F6E5F6C696E6B735F666B222C22636F6C756D6E73223A5B22746573745F636F6D706F6E656E745F6964225D7D2C7B226E616D65223A22636F6D706F6E656E74735F636F6D706C656D656E746172795F746573745F636F6D706F6E656E74735F69636F6E5F6C696E6B735F696E765F666B222C22636F6C756D6E73223A5B2269636F6E5F6964225D7D2C7B226E616D65223A22636F6D706F6E656E74735F636F6D706C656D656E746172795F746573745F636F6D706F6E656E74735F69636F6E5F6C696E6B735F756E69717565222C22636F6C756D6E73223A5B22746573745F636F6D706F6E656E745F6964222C2269636F6E5F6964225D2C2274797065223A22756E69717565227D5D2C22666F726569676E4B657973223A5B7B226E616D65223A22636F6D706F6E656E74735F636F6D706C656D656E746172795F746573745F636F6D706F6E656E74735F69636F6E5F6C696E6B735F666B222C22636F6C756D6E73223A5B22746573745F636F6D706F6E656E745F6964225D2C227265666572656E636564436F6C756D6E73223A5B226964225D2C227265666572656E6365645461626C65223A22636F6D706F6E656E74735F636F6D706C656D656E746172795F746573745F636F6D706F6E656E7473222C226F6E44656C657465223A2243415343414445227D2C7B226E616D65223A22636F6D706F6E656E74735F636F6D706C656D656E746172795F746573745F636F6D706F6E656E74735F69636F6E5F6C696E6B735F696E765F666B222C22636F6C756D6E73223A5B2269636F6E5F6964225D2C227265666572656E636564436F6C756D6E73223A5B226964225D2C227265666572656E6365645461626C65223A2269636F6E73222C226F6E44656C657465223A2243415343414445227D5D2C22636F6C756D6E73223A5B7B226E616D65223A226964222C2274797065223A22696E6372656D656E7473222C2261726773223A5B7B227072696D617279223A747275652C227072696D6172794B6579223A747275657D5D2C2264656661756C74546F223A6E756C6C2C226E6F744E756C6C61626C65223A747275652C22756E7369676E6564223A66616C73657D2C7B226E616D65223A22746573745F636F6D706F6E656E745F6964222C2274797065223A22696E7465676572222C2261726773223A5B5D2C2264656661756C74546F223A6E756C6C2C226E6F744E756C6C61626C65223A66616C73652C22756E7369676E6564223A747275657D2C7B226E616D65223A2269636F6E5F6964222C2274797065223A22696E7465676572222C2261726773223A5B5D2C2264656661756C74546F223A6E756C6C2C226E6F744E756C6C61626C65223A66616C73652C22756E7369676E6564223A747275657D5D7D2C7B226E616D65223A22636F6D706F6E656E74735F6D656E755F6D656E755F6974656D735F706167655F6C696E6B73222C22696E6465786573223A5B7B226E616D65223A22636F6D706F6E656E74735F6D656E755F6D656E755F6974656D735F706167655F6C696E6B735F666B222C22636F6C756D6E73223A5B226D656E755F6974656D5F6964225D7D2C7B226E616D65223A22636F6D706F6E656E74735F6D656E755F6D656E755F6974656D735F706167655F6C696E6B735F696E765F666B222C22636F6C756D6E73223A5B22706167655F6964225D7D2C7B226E616D65223A22636F6D706F6E656E74735F6D656E755F6D656E755F6974656D735F706167655F6C696E6B735F756E69717565222C22636F6C756D6E73223A5B226D656E755F6974656D5F6964222C22706167655F6964225D2C2274797065223A22756E69717565227D5D2C22666F726569676E4B657973223A5B7B226E616D65223A22636F6D706F6E656E74735F6D656E755F6D656E755F6974656D735F706167655F6C696E6B735F666B222C22636F6C756D6E73223A5B226D656E755F6974656D5F6964225D2C227265666572656E636564436F6C756D6E73223A5B226964225D2C227265666572656E6365645461626C65223A22636F6D706F6E656E74735F6D656E755F6D656E755F6974656D73222C226F6E44656C657465223A2243415343414445227D2C7B226E616D65223A22636F6D706F6E656E74735F6D656E755F6D656E755F6974656D735F706167655F6C696E6B735F696E765F666B222C22636F6C756D6E73223A5B22706167655F6964225D2C227265666572656E636564436F6C756D6E73223A5B226964225D2C227265666572656E6365645461626C65223A227061676573222C226F6E44656C657465223A2243415343414445227D5D2C22636F6C756D6E73223A5B7B226E616D65223A226964222C2274797065223A22696E6372656D656E7473222C2261726773223A5B7B227072696D617279223A747275652C227072696D6172794B6579223A747275657D5D2C2264656661756C74546F223A6E756C6C2C226E6F744E756C6C61626C65223A747275652C22756E7369676E6564223A66616C73657D2C7B226E616D65223A226D656E755F6974656D5F6964222C2274797065223A22696E7465676572222C2261726773223A5B5D2C2264656661756C74546F223A6E756C6C2C226E6F744E756C6C61626C65223A66616C73652C22756E7369676E6564223A747275657D2C7B226E616D65223A22706167655F6964222C2274797065223A22696E7465676572222C2261726773223A5B5D2C2264656661756C74546F223A6E756C6C2C226E6F744E756C6C61626C65223A66616C73652C22756E7369676E6564223A747275657D5D7D2C7B226E616D65223A22636F6D706F6E656E74735F7368617265645F676C6F62616C5F73656F735F636F6D706F6E656E7473222C22696E6465786573223A5B7B226E616D65223A22636F6D706F6E656E74735F7368617265645F676C6F62616C5F73656F735F6669656C645F696E646578222C22636F6C756D6E73223A5B226669656C64225D2C2274797065223A6E756C6C7D2C7B226E616D65223A22636F6D706F6E656E74735F7368617265645F676C6F62616C5F73656F735F636F6D706F6E656E745F747970655F696E646578222C22636F6C756D6E73223A5B22636F6D706F6E656E745F74797065225D2C2274797065223A6E756C6C7D2C7B226E616D65223A22636F6D706F6E656E74735F7368617265645F676C6F62616C5F73656F735F656E746974795F666B222C22636F6C756D6E73223A5B22656E746974795F6964225D7D2C7B226E616D65223A22636F6D706F6E656E74735F7368617265645F676C6F62616C5F73656F735F756E69717565222C22636F6C756D6E73223A5B22656E746974795F6964222C22636F6D706F6E656E745F6964222C226669656C64222C22636F6D706F6E656E745F74797065225D2C2274797065223A22756E69717565227D5D2C22666F726569676E4B657973223A5B7B226E616D65223A22636F6D706F6E656E74735F7368617265645F676C6F62616C5F73656F735F656E746974795F666B222C22636F6C756D6E73223A5B22656E746974795F6964225D2C227265666572656E636564436F6C756D6E73223A5B226964225D2C227265666572656E6365645461626C65223A22636F6D706F6E656E74735F7368617265645F676C6F62616C5F73656F73222C226F6E44656C657465223A2243415343414445227D5D2C22636F6C756D6E73223A5B7B226E616D65223A226964222C2274797065223A22696E6372656D656E7473222C2261726773223A5B7B227072696D617279223A747275652C227072696D6172794B6579223A747275657D5D2C2264656661756C74546F223A6E756C6C2C226E6F744E756C6C61626C65223A747275652C22756E7369676E6564223A66616C73657D2C7B226E616D65223A22656E746974795F6964222C2274797065223A22696E7465676572222C2261726773223A5B5D2C2264656661756C74546F223A6E756C6C2C226E6F744E756C6C61626C65223A66616C73652C22756E7369676E6564223A747275657D2C7B226E616D65223A22636F6D706F6E656E745F6964222C2274797065223A22696E7465676572222C2261726773223A5B5D2C2264656661756C74546F223A6E756C6C2C226E6F744E756C6C61626C65223A66616C73652C22756E7369676E6564223A747275657D2C7B226E616D65223A22636F6D706F6E656E745F74797065222C2274797065223A22737472696E67222C2261726773223A5B5D2C2264656661756C74546F223A6E756C6C2C226E6F744E756C6C61626C65223A66616C73652C22756E7369676E6564223A66616C73657D2C7B226E616D65223A226669656C64222C2274797065223A22737472696E67222C2261726773223A5B5D2C2264656661756C74546F223A6E756C6C2C226E6F744E756C6C61626C65223A66616C73652C22756E7369676E6564223A66616C73657D2C7B226E616D65223A226F72646572222C2274797065223A22646F75626C65222C2261726773223A5B5D2C2264656661756C74546F223A6E756C6C2C226E6F744E756C6C61626C65223A66616C73652C22756E7369676E6564223A747275657D5D7D2C7B226E616D65223A22636F6D706F6E656E74735F7368617265645F73656F735F636F6D706F6E656E7473222C22696E6465786573223A5B7B226E616D65223A22636F6D706F6E656E74735F7368617265645F73656F735F6669656C645F696E646578222C22636F6C756D6E73223A5B226669656C64225D2C2274797065223A6E756C6C7D2C7B226E616D65223A22636F6D706F6E656E74735F7368617265645F73656F735F636F6D706F6E656E745F747970655F696E646578222C22636F6C756D6E73223A5B22636F6D706F6E656E745F74797065225D2C2274797065223A6E756C6C7D2C7B226E616D65223A22636F6D706F6E656E74735F7368617265645F73656F735F656E746974795F666B222C22636F6C756D6E73223A5B22656E746974795F6964225D7D2C7B226E616D65223A22636F6D706F6E656E74735F7368617265645F73656F735F756E69717565222C22636F6C756D6E73223A5B22656E746974795F6964222C22636F6D706F6E656E745F6964222C226669656C64222C22636F6D706F6E656E745F74797065225D2C2274797065223A22756E69717565227D5D2C22666F726569676E4B657973223A5B7B226E616D65223A22636F6D706F6E656E74735F7368617265645F73656F735F656E746974795F666B222C22636F6C756D6E73223A5B22656E746974795F6964225D2C227265666572656E636564436F6C756D6E73223A5B226964225D2C227265666572656E6365645461626C65223A22636F6D706F6E656E74735F7368617265645F73656F73222C226F6E44656C657465223A2243415343414445227D5D2C22636F6C756D6E73223A5B7B226E616D65223A226964222C2274797065223A22696E6372656D656E7473222C2261726773223A5B7B227072696D617279223A747275652C227072696D6172794B6579223A747275657D5D2C2264656661756C74546F223A6E756C6C2C226E6F744E756C6C61626C65223A747275652C22756E7369676E6564223A66616C73657D2C7B226E616D65223A22656E746974795F6964222C2274797065223A22696E7465676572222C2261726773223A5B5D2C2264656661756C74546F223A6E756C6C2C226E6F744E756C6C61626C65223A66616C73652C22756E7369676E6564223A747275657D2C7B226E616D65223A22636F6D706F6E656E745F6964222C2274797065223A22696E7465676572222C2261726773223A5B5D2C2264656661756C74546F223A6E756C6C2C226E6F744E756C6C61626C65223A66616C73652C22756E7369676E6564223A747275657D2C7B226E616D65223A22636F6D706F6E656E745F74797065222C2274797065223A22737472696E67222C2261726773223A5B5D2C2264656661756C74546F223A6E756C6C2C226E6F744E756C6C61626C65223A66616C73652C22756E7369676E6564223A66616C73657D2C7B226E616D65223A226669656C64222C2274797065223A22737472696E67222C2261726773223A5B5D2C2264656661756C74546F223A6E756C6C2C226E6F744E756C6C61626C65223A66616C73652C22756E7369676E6564223A66616C73657D2C7B226E616D65223A226F72646572222C2274797065223A22646F75626C65222C2261726773223A5B5D2C2264656661756C74546F223A6E756C6C2C226E6F744E756C6C61626C65223A66616C73652C22756E7369676E6564223A747275657D5D7D5D7D','2023-04-15 16:53:02','86202132fc68de0c0c81a092db440511');

/*!40000 ALTER TABLE `strapi_database_schema` ENABLE KEYS */;
UNLOCK TABLES;


# Dump of table strapi_migrations
# ------------------------------------------------------------

DROP TABLE IF EXISTS `strapi_migrations`;

CREATE TABLE `strapi_migrations` (
  `id` int(10) unsigned NOT NULL AUTO_INCREMENT,
  `name` varchar(255) DEFAULT NULL,
  `time` datetime DEFAULT NULL,
  PRIMARY KEY (`id`)
) ENGINE=InnoDB DEFAULT CHARSET=utf8mb4;



# Dump of table strapi_transfer_token_permissions
# ------------------------------------------------------------

DROP TABLE IF EXISTS `strapi_transfer_token_permissions`;

CREATE TABLE `strapi_transfer_token_permissions` (
  `id` int(10) unsigned NOT NULL AUTO_INCREMENT,
  `action` varchar(255) DEFAULT NULL,
  `created_at` datetime(6) DEFAULT NULL,
  `updated_at` datetime(6) DEFAULT NULL,
  `created_by_id` int(10) unsigned DEFAULT NULL,
  `updated_by_id` int(10) unsigned DEFAULT NULL,
  PRIMARY KEY (`id`),
  KEY `strapi_transfer_token_permissions_created_by_id_fk` (`created_by_id`),
  KEY `strapi_transfer_token_permissions_updated_by_id_fk` (`updated_by_id`),
  CONSTRAINT `strapi_transfer_token_permissions_created_by_id_fk` FOREIGN KEY (`created_by_id`) REFERENCES `admin_users` (`id`) ON DELETE SET NULL,
  CONSTRAINT `strapi_transfer_token_permissions_updated_by_id_fk` FOREIGN KEY (`updated_by_id`) REFERENCES `admin_users` (`id`) ON DELETE SET NULL
) ENGINE=InnoDB DEFAULT CHARSET=utf8mb4;



# Dump of table strapi_transfer_token_permissions_token_links
# ------------------------------------------------------------

DROP TABLE IF EXISTS `strapi_transfer_token_permissions_token_links`;

CREATE TABLE `strapi_transfer_token_permissions_token_links` (
  `id` int(10) unsigned NOT NULL AUTO_INCREMENT,
  `transfer_token_permission_id` int(10) unsigned DEFAULT NULL,
  `transfer_token_id` int(10) unsigned DEFAULT NULL,
  `transfer_token_permission_order` double unsigned DEFAULT NULL,
  PRIMARY KEY (`id`),
  UNIQUE KEY `strapi_transfer_token_permissions_token_links_unique` (`transfer_token_permission_id`,`transfer_token_id`),
  KEY `strapi_transfer_token_permissions_token_links_fk` (`transfer_token_permission_id`),
  KEY `strapi_transfer_token_permissions_token_links_inv_fk` (`transfer_token_id`),
  KEY `strapi_transfer_token_permissions_token_links_order_inv_fk` (`transfer_token_permission_order`),
  CONSTRAINT `strapi_transfer_token_permissions_token_links_fk` FOREIGN KEY (`transfer_token_permission_id`) REFERENCES `strapi_transfer_token_permissions` (`id`) ON DELETE CASCADE,
  CONSTRAINT `strapi_transfer_token_permissions_token_links_inv_fk` FOREIGN KEY (`transfer_token_id`) REFERENCES `strapi_transfer_tokens` (`id`) ON DELETE CASCADE
) ENGINE=InnoDB DEFAULT CHARSET=utf8mb4;



# Dump of table strapi_transfer_tokens
# ------------------------------------------------------------

DROP TABLE IF EXISTS `strapi_transfer_tokens`;

CREATE TABLE `strapi_transfer_tokens` (
  `id` int(10) unsigned NOT NULL AUTO_INCREMENT,
  `name` varchar(255) DEFAULT NULL,
  `description` varchar(255) DEFAULT NULL,
  `access_key` varchar(255) DEFAULT NULL,
  `last_used_at` datetime(6) DEFAULT NULL,
  `expires_at` datetime(6) DEFAULT NULL,
  `lifespan` bigint(20) DEFAULT NULL,
  `created_at` datetime(6) DEFAULT NULL,
  `updated_at` datetime(6) DEFAULT NULL,
  `created_by_id` int(10) unsigned DEFAULT NULL,
  `updated_by_id` int(10) unsigned DEFAULT NULL,
  PRIMARY KEY (`id`),
  KEY `strapi_transfer_tokens_created_by_id_fk` (`created_by_id`),
  KEY `strapi_transfer_tokens_updated_by_id_fk` (`updated_by_id`),
  CONSTRAINT `strapi_transfer_tokens_created_by_id_fk` FOREIGN KEY (`created_by_id`) REFERENCES `admin_users` (`id`) ON DELETE SET NULL,
  CONSTRAINT `strapi_transfer_tokens_updated_by_id_fk` FOREIGN KEY (`updated_by_id`) REFERENCES `admin_users` (`id`) ON DELETE SET NULL
) ENGINE=InnoDB DEFAULT CHARSET=utf8mb4;



# Dump of table strapi_webhooks
# ------------------------------------------------------------

DROP TABLE IF EXISTS `strapi_webhooks`;

CREATE TABLE `strapi_webhooks` (
  `id` int(10) unsigned NOT NULL AUTO_INCREMENT,
  `name` varchar(255) DEFAULT NULL,
  `url` longtext DEFAULT NULL,
  `headers` longtext CHARACTER SET utf8mb4 COLLATE utf8mb4_bin DEFAULT NULL CHECK (json_valid(`headers`)),
  `events` longtext CHARACTER SET utf8mb4 COLLATE utf8mb4_bin DEFAULT NULL CHECK (json_valid(`events`)),
  `enabled` tinyint(1) DEFAULT NULL,
  PRIMARY KEY (`id`)
) ENGINE=InnoDB DEFAULT CHARSET=utf8mb4;



# Dump of table system_resources
# ------------------------------------------------------------

DROP TABLE IF EXISTS `system_resources`;

CREATE TABLE `system_resources` (
  `id` int(10) unsigned NOT NULL AUTO_INCREMENT,
  `name` varchar(255) DEFAULT NULL,
  `codename` varchar(255) DEFAULT NULL,
  `value` longtext DEFAULT NULL,
  `created_at` datetime(6) DEFAULT NULL,
  `updated_at` datetime(6) DEFAULT NULL,
  `published_at` datetime(6) DEFAULT NULL,
  `created_by_id` int(10) unsigned DEFAULT NULL,
  `updated_by_id` int(10) unsigned DEFAULT NULL,
  `vuid` varchar(255) DEFAULT NULL,
  `version_number` int(11) DEFAULT NULL,
  `is_visible_in_list_view` tinyint(1) DEFAULT NULL,
  `locale` varchar(255) DEFAULT NULL,
  PRIMARY KEY (`id`),
  KEY `system_resources_created_by_id_fk` (`created_by_id`),
  KEY `system_resources_updated_by_id_fk` (`updated_by_id`),
  CONSTRAINT `system_resources_created_by_id_fk` FOREIGN KEY (`created_by_id`) REFERENCES `admin_users` (`id`) ON DELETE SET NULL,
  CONSTRAINT `system_resources_updated_by_id_fk` FOREIGN KEY (`updated_by_id`) REFERENCES `admin_users` (`id`) ON DELETE SET NULL
) ENGINE=InnoDB DEFAULT CHARSET=utf8mb4;



# Dump of table system_resources_localizations_links
# ------------------------------------------------------------

DROP TABLE IF EXISTS `system_resources_localizations_links`;

CREATE TABLE `system_resources_localizations_links` (
  `id` int(10) unsigned NOT NULL AUTO_INCREMENT,
  `system_resource_id` int(10) unsigned DEFAULT NULL,
  `inv_system_resource_id` int(10) unsigned DEFAULT NULL,
  `system_resource_order` double unsigned DEFAULT NULL,
  PRIMARY KEY (`id`),
  UNIQUE KEY `system_resources_localizations_links_unique` (`system_resource_id`,`inv_system_resource_id`),
  KEY `system_resources_localizations_links_fk` (`system_resource_id`),
  KEY `system_resources_localizations_links_inv_fk` (`inv_system_resource_id`),
  KEY `system_resources_localizations_links_order_fk` (`system_resource_order`),
  CONSTRAINT `system_resources_localizations_links_fk` FOREIGN KEY (`system_resource_id`) REFERENCES `system_resources` (`id`) ON DELETE CASCADE,
  CONSTRAINT `system_resources_localizations_links_inv_fk` FOREIGN KEY (`inv_system_resource_id`) REFERENCES `system_resources` (`id`) ON DELETE CASCADE
) ENGINE=InnoDB DEFAULT CHARSET=utf8mb4;



# Dump of table system_resources_versions_links
# ------------------------------------------------------------

DROP TABLE IF EXISTS `system_resources_versions_links`;

CREATE TABLE `system_resources_versions_links` (
  `id` int(10) unsigned NOT NULL AUTO_INCREMENT,
  `system_resource_id` int(10) unsigned DEFAULT NULL,
  `inv_system_resource_id` int(10) unsigned DEFAULT NULL,
  `system_resource_order` double unsigned DEFAULT NULL,
  PRIMARY KEY (`id`),
  UNIQUE KEY `system_resources_versions_links_unique` (`system_resource_id`,`inv_system_resource_id`),
  KEY `system_resources_versions_links_fk` (`system_resource_id`),
  KEY `system_resources_versions_links_inv_fk` (`inv_system_resource_id`),
  KEY `system_resources_versions_links_order_fk` (`system_resource_order`),
  CONSTRAINT `system_resources_versions_links_fk` FOREIGN KEY (`system_resource_id`) REFERENCES `system_resources` (`id`) ON DELETE CASCADE,
  CONSTRAINT `system_resources_versions_links_inv_fk` FOREIGN KEY (`inv_system_resource_id`) REFERENCES `system_resources` (`id`) ON DELETE CASCADE
) ENGINE=InnoDB DEFAULT CHARSET=utf8mb4;



# Dump of table templates
# ------------------------------------------------------------

DROP TABLE IF EXISTS `templates`;

CREATE TABLE `templates` (
  `id` int(10) unsigned NOT NULL AUTO_INCREMENT,
  `title` varchar(255) DEFAULT NULL,
  `created_at` datetime(6) DEFAULT NULL,
  `updated_at` datetime(6) DEFAULT NULL,
  `published_at` datetime(6) DEFAULT NULL,
  `created_by_id` int(10) unsigned DEFAULT NULL,
  `updated_by_id` int(10) unsigned DEFAULT NULL,
  `locale` varchar(255) DEFAULT NULL,
  PRIMARY KEY (`id`),
  KEY `templates_created_by_id_fk` (`created_by_id`),
  KEY `templates_updated_by_id_fk` (`updated_by_id`),
  CONSTRAINT `templates_created_by_id_fk` FOREIGN KEY (`created_by_id`) REFERENCES `admin_users` (`id`) ON DELETE SET NULL,
  CONSTRAINT `templates_updated_by_id_fk` FOREIGN KEY (`updated_by_id`) REFERENCES `admin_users` (`id`) ON DELETE SET NULL
) ENGINE=InnoDB DEFAULT CHARSET=utf8mb4;



# Dump of table templates_components
# ------------------------------------------------------------

DROP TABLE IF EXISTS `templates_components`;

CREATE TABLE `templates_components` (
  `id` int(10) unsigned NOT NULL AUTO_INCREMENT,
  `entity_id` int(10) unsigned DEFAULT NULL,
  `component_id` int(10) unsigned DEFAULT NULL,
  `component_type` varchar(255) DEFAULT NULL,
  `field` varchar(255) DEFAULT NULL,
  `order` double unsigned DEFAULT NULL,
  PRIMARY KEY (`id`),
  UNIQUE KEY `templates_unique` (`entity_id`,`component_id`,`field`,`component_type`),
  KEY `templates_field_index` (`field`),
  KEY `templates_component_type_index` (`component_type`),
  KEY `templates_entity_fk` (`entity_id`),
  CONSTRAINT `templates_entity_fk` FOREIGN KEY (`entity_id`) REFERENCES `templates` (`id`) ON DELETE CASCADE
) ENGINE=InnoDB DEFAULT CHARSET=utf8mb4;



# Dump of table templates_localizations_links
# ------------------------------------------------------------

DROP TABLE IF EXISTS `templates_localizations_links`;

CREATE TABLE `templates_localizations_links` (
  `id` int(10) unsigned NOT NULL AUTO_INCREMENT,
  `template_id` int(10) unsigned DEFAULT NULL,
  `inv_template_id` int(10) unsigned DEFAULT NULL,
  `template_order` double unsigned DEFAULT NULL,
  PRIMARY KEY (`id`),
  UNIQUE KEY `templates_localizations_links_unique` (`template_id`,`inv_template_id`),
  KEY `templates_localizations_links_fk` (`template_id`),
  KEY `templates_localizations_links_inv_fk` (`inv_template_id`),
  KEY `templates_localizations_links_order_fk` (`template_order`),
  CONSTRAINT `templates_localizations_links_fk` FOREIGN KEY (`template_id`) REFERENCES `templates` (`id`) ON DELETE CASCADE,
  CONSTRAINT `templates_localizations_links_inv_fk` FOREIGN KEY (`inv_template_id`) REFERENCES `templates` (`id`) ON DELETE CASCADE
) ENGINE=InnoDB DEFAULT CHARSET=utf8mb4;



# Dump of table up_permissions
# ------------------------------------------------------------

DROP TABLE IF EXISTS `up_permissions`;

CREATE TABLE `up_permissions` (
  `id` int(10) unsigned NOT NULL AUTO_INCREMENT,
  `action` varchar(255) DEFAULT NULL,
  `created_at` datetime(6) DEFAULT NULL,
  `updated_at` datetime(6) DEFAULT NULL,
  `created_by_id` int(10) unsigned DEFAULT NULL,
  `updated_by_id` int(10) unsigned DEFAULT NULL,
  PRIMARY KEY (`id`),
  KEY `up_permissions_created_by_id_fk` (`created_by_id`),
  KEY `up_permissions_updated_by_id_fk` (`updated_by_id`),
  CONSTRAINT `up_permissions_created_by_id_fk` FOREIGN KEY (`created_by_id`) REFERENCES `admin_users` (`id`) ON DELETE SET NULL,
  CONSTRAINT `up_permissions_updated_by_id_fk` FOREIGN KEY (`updated_by_id`) REFERENCES `admin_users` (`id`) ON DELETE SET NULL
) ENGINE=InnoDB DEFAULT CHARSET=utf8mb4;

LOCK TABLES `up_permissions` WRITE;
/*!40000 ALTER TABLE `up_permissions` DISABLE KEYS */;

INSERT INTO `up_permissions` (`id`, `action`, `created_at`, `updated_at`, `created_by_id`, `updated_by_id`)
VALUES
	(1,'plugin::users-permissions.user.me','2023-04-15 16:42:12.729000','2023-04-15 16:42:12.729000',NULL,NULL),
	(2,'plugin::users-permissions.auth.changePassword','2023-04-15 16:42:12.729000','2023-04-15 16:42:12.729000',NULL,NULL),
	(3,'plugin::users-permissions.auth.callback','2023-04-15 16:42:12.744000','2023-04-15 16:42:12.744000',NULL,NULL),
	(4,'plugin::users-permissions.auth.connect','2023-04-15 16:42:12.744000','2023-04-15 16:42:12.744000',NULL,NULL),
	(5,'plugin::users-permissions.auth.forgotPassword','2023-04-15 16:42:12.744000','2023-04-15 16:42:12.744000',NULL,NULL),
	(6,'plugin::users-permissions.auth.resetPassword','2023-04-15 16:42:12.744000','2023-04-15 16:42:12.744000',NULL,NULL),
	(7,'plugin::users-permissions.auth.register','2023-04-15 16:42:12.744000','2023-04-15 16:42:12.744000',NULL,NULL),
	(8,'plugin::users-permissions.auth.emailConfirmation','2023-04-15 16:42:12.744000','2023-04-15 16:42:12.744000',NULL,NULL),
	(9,'plugin::users-permissions.auth.sendEmailConfirmation','2023-04-15 16:42:12.744000','2023-04-15 16:42:12.744000',NULL,NULL),
	(10,'api::article.article.find','2023-04-15 16:57:53.226000','2023-04-15 16:57:53.226000',NULL,NULL),
	(11,'api::article.article.findOne','2023-04-15 16:57:53.227000','2023-04-15 16:57:53.227000',NULL,NULL),
	(12,'api::menu.menu.find','2023-04-15 16:57:53.227000','2023-04-15 16:57:53.227000',NULL,NULL),
	(13,'api::menu.menu.findOne','2023-04-15 16:57:53.227000','2023-04-15 16:57:53.227000',NULL,NULL),
	(14,'api::message.message.create','2023-04-15 16:57:53.227000','2023-04-15 16:57:53.227000',NULL,NULL),
	(15,'api::newsletter-subscriber.newsletter-subscriber.create','2023-04-15 16:57:53.227000','2023-04-15 16:57:53.227000',NULL,NULL),
	(16,'api::page.page.find','2023-04-15 16:57:53.227000','2023-04-15 16:57:53.227000',NULL,NULL),
	(17,'api::page.page.findOne','2023-04-15 16:57:53.227000','2023-04-15 16:57:53.227000',NULL,NULL),
	(18,'api::redirect.redirect.find','2023-04-15 16:57:53.227000','2023-04-15 16:57:53.227000',NULL,NULL),
	(19,'api::redirect.redirect.findOne','2023-04-15 16:57:53.227000','2023-04-15 16:57:53.227000',NULL,NULL),
	(20,'api::system-resource.system-resource.find','2023-04-15 16:57:53.227000','2023-04-15 16:57:53.227000',NULL,NULL),
	(21,'api::system-resource.system-resource.findOne','2023-04-15 16:57:53.227000','2023-04-15 16:57:53.227000',NULL,NULL),
	(22,'api::template.template.find','2023-04-15 16:57:53.227000','2023-04-15 16:57:53.227000',NULL,NULL),
	(23,'api::template.template.findOne','2023-04-15 16:57:53.227000','2023-04-15 16:57:53.227000',NULL,NULL),
	(24,'api::web-setting.web-setting.find','2023-04-15 16:57:53.227000','2023-04-15 16:57:53.227000',NULL,NULL),
	(25,'plugin::slugify.slugController.findSlug','2023-04-15 16:57:53.227000','2023-04-15 16:57:53.227000',NULL,NULL);

/*!40000 ALTER TABLE `up_permissions` ENABLE KEYS */;
UNLOCK TABLES;


# Dump of table up_permissions_role_links
# ------------------------------------------------------------

DROP TABLE IF EXISTS `up_permissions_role_links`;

CREATE TABLE `up_permissions_role_links` (
  `id` int(10) unsigned NOT NULL AUTO_INCREMENT,
  `permission_id` int(10) unsigned DEFAULT NULL,
  `role_id` int(10) unsigned DEFAULT NULL,
  `permission_order` double unsigned DEFAULT NULL,
  PRIMARY KEY (`id`),
  UNIQUE KEY `up_permissions_role_links_unique` (`permission_id`,`role_id`),
  KEY `up_permissions_role_links_fk` (`permission_id`),
  KEY `up_permissions_role_links_inv_fk` (`role_id`),
  KEY `up_permissions_role_links_order_inv_fk` (`permission_order`),
  CONSTRAINT `up_permissions_role_links_fk` FOREIGN KEY (`permission_id`) REFERENCES `up_permissions` (`id`) ON DELETE CASCADE,
  CONSTRAINT `up_permissions_role_links_inv_fk` FOREIGN KEY (`role_id`) REFERENCES `up_roles` (`id`) ON DELETE CASCADE
) ENGINE=InnoDB DEFAULT CHARSET=utf8mb4;

LOCK TABLES `up_permissions_role_links` WRITE;
/*!40000 ALTER TABLE `up_permissions_role_links` DISABLE KEYS */;

INSERT INTO `up_permissions_role_links` (`id`, `permission_id`, `role_id`, `permission_order`)
VALUES
	(1,2,1,1),
	(2,1,1,1),
	(3,5,2,1),
	(4,4,2,1),
	(5,6,2,1),
	(6,7,2,1),
	(7,8,2,1),
	(8,3,2,1),
	(9,9,2,1),
	(10,11,2,2),
	(11,13,2,2),
	(12,18,2,2),
	(13,14,2,2),
	(14,15,2,2),
	(15,17,2,2),
	(16,12,2,2),
	(17,16,2,2),
	(18,10,2,2),
	(19,21,2,3),
	(20,22,2,3),
	(21,24,2,3),
	(22,23,2,3),
	(23,19,2,3),
	(24,20,2,3),
	(25,25,2,4);

/*!40000 ALTER TABLE `up_permissions_role_links` ENABLE KEYS */;
UNLOCK TABLES;


# Dump of table up_roles
# ------------------------------------------------------------

DROP TABLE IF EXISTS `up_roles`;

CREATE TABLE `up_roles` (
  `id` int(10) unsigned NOT NULL AUTO_INCREMENT,
  `name` varchar(255) DEFAULT NULL,
  `description` varchar(255) DEFAULT NULL,
  `type` varchar(255) DEFAULT NULL,
  `created_at` datetime(6) DEFAULT NULL,
  `updated_at` datetime(6) DEFAULT NULL,
  `created_by_id` int(10) unsigned DEFAULT NULL,
  `updated_by_id` int(10) unsigned DEFAULT NULL,
  PRIMARY KEY (`id`),
  KEY `up_roles_created_by_id_fk` (`created_by_id`),
  KEY `up_roles_updated_by_id_fk` (`updated_by_id`),
  CONSTRAINT `up_roles_created_by_id_fk` FOREIGN KEY (`created_by_id`) REFERENCES `admin_users` (`id`) ON DELETE SET NULL,
  CONSTRAINT `up_roles_updated_by_id_fk` FOREIGN KEY (`updated_by_id`) REFERENCES `admin_users` (`id`) ON DELETE SET NULL
) ENGINE=InnoDB DEFAULT CHARSET=utf8mb4;

LOCK TABLES `up_roles` WRITE;
/*!40000 ALTER TABLE `up_roles` DISABLE KEYS */;

INSERT INTO `up_roles` (`id`, `name`, `description`, `type`, `created_at`, `updated_at`, `created_by_id`, `updated_by_id`)
VALUES
	(1,'Authenticated','Default role given to authenticated user.','authenticated','2023-04-15 16:42:12.717000','2023-04-15 16:42:12.717000',NULL,NULL),
	(2,'Public','Default role given to unauthenticated user.','public','2023-04-15 16:42:12.719000','2023-04-15 16:57:53.212000',NULL,NULL);

/*!40000 ALTER TABLE `up_roles` ENABLE KEYS */;
UNLOCK TABLES;


# Dump of table up_users
# ------------------------------------------------------------

DROP TABLE IF EXISTS `up_users`;

CREATE TABLE `up_users` (
  `id` int(10) unsigned NOT NULL AUTO_INCREMENT,
  `username` varchar(255) DEFAULT NULL,
  `email` varchar(255) DEFAULT NULL,
  `provider` varchar(255) DEFAULT NULL,
  `password` varchar(255) DEFAULT NULL,
  `reset_password_token` varchar(255) DEFAULT NULL,
  `confirmation_token` varchar(255) DEFAULT NULL,
  `confirmed` tinyint(1) DEFAULT NULL,
  `blocked` tinyint(1) DEFAULT NULL,
  `created_at` datetime(6) DEFAULT NULL,
  `updated_at` datetime(6) DEFAULT NULL,
  `created_by_id` int(10) unsigned DEFAULT NULL,
  `updated_by_id` int(10) unsigned DEFAULT NULL,
  PRIMARY KEY (`id`),
  KEY `up_users_created_by_id_fk` (`created_by_id`),
  KEY `up_users_updated_by_id_fk` (`updated_by_id`),
  CONSTRAINT `up_users_created_by_id_fk` FOREIGN KEY (`created_by_id`) REFERENCES `admin_users` (`id`) ON DELETE SET NULL,
  CONSTRAINT `up_users_updated_by_id_fk` FOREIGN KEY (`updated_by_id`) REFERENCES `admin_users` (`id`) ON DELETE SET NULL
) ENGINE=InnoDB DEFAULT CHARSET=utf8mb4;



# Dump of table up_users_role_links
# ------------------------------------------------------------

DROP TABLE IF EXISTS `up_users_role_links`;

CREATE TABLE `up_users_role_links` (
  `id` int(10) unsigned NOT NULL AUTO_INCREMENT,
  `user_id` int(10) unsigned DEFAULT NULL,
  `role_id` int(10) unsigned DEFAULT NULL,
  `user_order` double unsigned DEFAULT NULL,
  PRIMARY KEY (`id`),
  UNIQUE KEY `up_users_role_links_unique` (`user_id`,`role_id`),
  KEY `up_users_role_links_fk` (`user_id`),
  KEY `up_users_role_links_inv_fk` (`role_id`),
  KEY `up_users_role_links_order_inv_fk` (`user_order`),
  CONSTRAINT `up_users_role_links_fk` FOREIGN KEY (`user_id`) REFERENCES `up_users` (`id`) ON DELETE CASCADE,
  CONSTRAINT `up_users_role_links_inv_fk` FOREIGN KEY (`role_id`) REFERENCES `up_roles` (`id`) ON DELETE CASCADE
) ENGINE=InnoDB DEFAULT CHARSET=utf8mb4;



# Dump of table upload_folders
# ------------------------------------------------------------

DROP TABLE IF EXISTS `upload_folders`;

CREATE TABLE `upload_folders` (
  `id` int(10) unsigned NOT NULL AUTO_INCREMENT,
  `name` varchar(255) DEFAULT NULL,
  `path_id` int(11) DEFAULT NULL,
  `path` varchar(255) DEFAULT NULL,
  `created_at` datetime(6) DEFAULT NULL,
  `updated_at` datetime(6) DEFAULT NULL,
  `created_by_id` int(10) unsigned DEFAULT NULL,
  `updated_by_id` int(10) unsigned DEFAULT NULL,
  PRIMARY KEY (`id`),
  UNIQUE KEY `upload_folders_path_id_index` (`path_id`),
  UNIQUE KEY `upload_folders_path_index` (`path`),
  KEY `upload_folders_created_by_id_fk` (`created_by_id`),
  KEY `upload_folders_updated_by_id_fk` (`updated_by_id`),
  CONSTRAINT `upload_folders_created_by_id_fk` FOREIGN KEY (`created_by_id`) REFERENCES `admin_users` (`id`) ON DELETE SET NULL,
  CONSTRAINT `upload_folders_updated_by_id_fk` FOREIGN KEY (`updated_by_id`) REFERENCES `admin_users` (`id`) ON DELETE SET NULL
) ENGINE=InnoDB DEFAULT CHARSET=utf8mb4;



# Dump of table upload_folders_parent_links
# ------------------------------------------------------------

DROP TABLE IF EXISTS `upload_folders_parent_links`;

CREATE TABLE `upload_folders_parent_links` (
  `id` int(10) unsigned NOT NULL AUTO_INCREMENT,
  `folder_id` int(10) unsigned DEFAULT NULL,
  `inv_folder_id` int(10) unsigned DEFAULT NULL,
  `folder_order` double unsigned DEFAULT NULL,
  PRIMARY KEY (`id`),
  UNIQUE KEY `upload_folders_parent_links_unique` (`folder_id`,`inv_folder_id`),
  KEY `upload_folders_parent_links_fk` (`folder_id`),
  KEY `upload_folders_parent_links_inv_fk` (`inv_folder_id`),
  KEY `upload_folders_parent_links_order_inv_fk` (`folder_order`),
  CONSTRAINT `upload_folders_parent_links_fk` FOREIGN KEY (`folder_id`) REFERENCES `upload_folders` (`id`) ON DELETE CASCADE,
  CONSTRAINT `upload_folders_parent_links_inv_fk` FOREIGN KEY (`inv_folder_id`) REFERENCES `upload_folders` (`id`) ON DELETE CASCADE
) ENGINE=InnoDB DEFAULT CHARSET=utf8mb4;



# Dump of table web_settings
# ------------------------------------------------------------

DROP TABLE IF EXISTS `web_settings`;

CREATE TABLE `web_settings` (
  `id` int(10) unsigned NOT NULL AUTO_INCREMENT,
  `gtm_code` varchar(255) DEFAULT NULL,
  `facebook` varchar(255) DEFAULT NULL,
  `twitter` varchar(255) DEFAULT NULL,
  `instagram` varchar(255) DEFAULT NULL,
  `pinterest` varchar(255) DEFAULT NULL,
  `youtube` varchar(255) DEFAULT NULL,
  `mail_from` varchar(255) DEFAULT NULL,
  `mail_to` varchar(255) DEFAULT NULL,
  `mail_subject` varchar(255) DEFAULT NULL,
  `created_at` datetime(6) DEFAULT NULL,
  `updated_at` datetime(6) DEFAULT NULL,
  `published_at` datetime(6) DEFAULT NULL,
  `created_by_id` int(10) unsigned DEFAULT NULL,
  `updated_by_id` int(10) unsigned DEFAULT NULL,
  `vuid` varchar(255) DEFAULT NULL,
  `version_number` int(11) DEFAULT NULL,
  `is_visible_in_list_view` tinyint(1) DEFAULT NULL,
  `locale` varchar(255) DEFAULT NULL,
  PRIMARY KEY (`id`),
  KEY `web_settings_created_by_id_fk` (`created_by_id`),
  KEY `web_settings_updated_by_id_fk` (`updated_by_id`),
  CONSTRAINT `web_settings_created_by_id_fk` FOREIGN KEY (`created_by_id`) REFERENCES `admin_users` (`id`) ON DELETE SET NULL,
  CONSTRAINT `web_settings_updated_by_id_fk` FOREIGN KEY (`updated_by_id`) REFERENCES `admin_users` (`id`) ON DELETE SET NULL
) ENGINE=InnoDB DEFAULT CHARSET=utf8mb4;

LOCK TABLES `web_settings` WRITE;
/*!40000 ALTER TABLE `web_settings` DISABLE KEYS */;

INSERT INTO `web_settings` (`id`, `gtm_code`, `facebook`, `twitter`, `instagram`, `pinterest`, `youtube`, `mail_from`, `mail_to`, `mail_subject`, `created_at`, `updated_at`, `published_at`, `created_by_id`, `updated_by_id`, `vuid`, `version_number`, `is_visible_in_list_view`, `locale`)
VALUES
	(1,NULL,NULL,NULL,NULL,NULL,NULL,NULL,NULL,NULL,'2023-04-15 16:47:56.374000','2023-04-15 16:52:15.372000','2023-04-15 16:52:15.360000',1,1,'7f36c773-9ae6-492f-96da-db2ce5d9cef5',1,1,'cs');

/*!40000 ALTER TABLE `web_settings` ENABLE KEYS */;
UNLOCK TABLES;


# Dump of table web_settings_article_detail_page_links
# ------------------------------------------------------------

DROP TABLE IF EXISTS `web_settings_article_detail_page_links`;

CREATE TABLE `web_settings_article_detail_page_links` (
  `id` int(10) unsigned NOT NULL AUTO_INCREMENT,
  `web_setting_id` int(10) unsigned DEFAULT NULL,
  `page_id` int(10) unsigned DEFAULT NULL,
  PRIMARY KEY (`id`),
  UNIQUE KEY `web_settings_article_detail_page_links_unique` (`web_setting_id`,`page_id`),
  KEY `web_settings_article_detail_page_links_fk` (`web_setting_id`),
  KEY `web_settings_article_detail_page_links_inv_fk` (`page_id`),
  CONSTRAINT `web_settings_article_detail_page_links_fk` FOREIGN KEY (`web_setting_id`) REFERENCES `web_settings` (`id`) ON DELETE CASCADE,
  CONSTRAINT `web_settings_article_detail_page_links_inv_fk` FOREIGN KEY (`page_id`) REFERENCES `pages` (`id`) ON DELETE CASCADE
) ENGINE=InnoDB DEFAULT CHARSET=utf8mb4;

LOCK TABLES `web_settings_article_detail_page_links` WRITE;
/*!40000 ALTER TABLE `web_settings_article_detail_page_links` DISABLE KEYS */;

INSERT INTO `web_settings_article_detail_page_links` (`id`, `web_setting_id`, `page_id`)
VALUES
	(1,1,4);

/*!40000 ALTER TABLE `web_settings_article_detail_page_links` ENABLE KEYS */;
UNLOCK TABLES;


# Dump of table web_settings_articles_page_links
# ------------------------------------------------------------

DROP TABLE IF EXISTS `web_settings_articles_page_links`;

CREATE TABLE `web_settings_articles_page_links` (
  `id` int(10) unsigned NOT NULL AUTO_INCREMENT,
  `web_setting_id` int(10) unsigned DEFAULT NULL,
  `page_id` int(10) unsigned DEFAULT NULL,
  PRIMARY KEY (`id`),
  UNIQUE KEY `web_settings_articles_page_links_unique` (`web_setting_id`,`page_id`),
  KEY `web_settings_articles_page_links_fk` (`web_setting_id`),
  KEY `web_settings_articles_page_links_inv_fk` (`page_id`),
  CONSTRAINT `web_settings_articles_page_links_fk` FOREIGN KEY (`web_setting_id`) REFERENCES `web_settings` (`id`) ON DELETE CASCADE,
  CONSTRAINT `web_settings_articles_page_links_inv_fk` FOREIGN KEY (`page_id`) REFERENCES `pages` (`id`) ON DELETE CASCADE
) ENGINE=InnoDB DEFAULT CHARSET=utf8mb4;

LOCK TABLES `web_settings_articles_page_links` WRITE;
/*!40000 ALTER TABLE `web_settings_articles_page_links` DISABLE KEYS */;

INSERT INTO `web_settings_articles_page_links` (`id`, `web_setting_id`, `page_id`)
VALUES
	(1,1,3);

/*!40000 ALTER TABLE `web_settings_articles_page_links` ENABLE KEYS */;
UNLOCK TABLES;


# Dump of table web_settings_components
# ------------------------------------------------------------

DROP TABLE IF EXISTS `web_settings_components`;

CREATE TABLE `web_settings_components` (
  `id` int(10) unsigned NOT NULL AUTO_INCREMENT,
  `entity_id` int(10) unsigned DEFAULT NULL,
  `component_id` int(10) unsigned DEFAULT NULL,
  `component_type` varchar(255) DEFAULT NULL,
  `field` varchar(255) DEFAULT NULL,
  `order` double unsigned DEFAULT NULL,
  PRIMARY KEY (`id`),
  UNIQUE KEY `web_settings_unique` (`entity_id`,`component_id`,`field`,`component_type`),
  KEY `web_settings_field_index` (`field`),
  KEY `web_settings_component_type_index` (`component_type`),
  KEY `web_settings_entity_fk` (`entity_id`),
  CONSTRAINT `web_settings_entity_fk` FOREIGN KEY (`entity_id`) REFERENCES `web_settings` (`id`) ON DELETE CASCADE
) ENGINE=InnoDB DEFAULT CHARSET=utf8mb4;

LOCK TABLES `web_settings_components` WRITE;
/*!40000 ALTER TABLE `web_settings_components` DISABLE KEYS */;

INSERT INTO `web_settings_components` (`id`, `entity_id`, `component_id`, `component_type`, `field`, `order`)
VALUES
	(1,1,1,'shared.seo','seo',NULL);

/*!40000 ALTER TABLE `web_settings_components` ENABLE KEYS */;
UNLOCK TABLES;


# Dump of table web_settings_footer_menu_links
# ------------------------------------------------------------

DROP TABLE IF EXISTS `web_settings_footer_menu_links`;

CREATE TABLE `web_settings_footer_menu_links` (
  `id` int(10) unsigned NOT NULL AUTO_INCREMENT,
  `web_setting_id` int(10) unsigned DEFAULT NULL,
  `menu_id` int(10) unsigned DEFAULT NULL,
  PRIMARY KEY (`id`),
  UNIQUE KEY `web_settings_footer_menu_links_unique` (`web_setting_id`,`menu_id`),
  KEY `web_settings_footer_menu_links_fk` (`web_setting_id`),
  KEY `web_settings_footer_menu_links_inv_fk` (`menu_id`),
  CONSTRAINT `web_settings_footer_menu_links_fk` FOREIGN KEY (`web_setting_id`) REFERENCES `web_settings` (`id`) ON DELETE CASCADE,
  CONSTRAINT `web_settings_footer_menu_links_inv_fk` FOREIGN KEY (`menu_id`) REFERENCES `menus` (`id`) ON DELETE CASCADE
) ENGINE=InnoDB DEFAULT CHARSET=utf8mb4;

LOCK TABLES `web_settings_footer_menu_links` WRITE;
/*!40000 ALTER TABLE `web_settings_footer_menu_links` DISABLE KEYS */;

INSERT INTO `web_settings_footer_menu_links` (`id`, `web_setting_id`, `menu_id`)
VALUES
	(1,1,2);

/*!40000 ALTER TABLE `web_settings_footer_menu_links` ENABLE KEYS */;
UNLOCK TABLES;


# Dump of table web_settings_home_page_links
# ------------------------------------------------------------

DROP TABLE IF EXISTS `web_settings_home_page_links`;

CREATE TABLE `web_settings_home_page_links` (
  `id` int(10) unsigned NOT NULL AUTO_INCREMENT,
  `web_setting_id` int(10) unsigned DEFAULT NULL,
  `page_id` int(10) unsigned DEFAULT NULL,
  PRIMARY KEY (`id`),
  UNIQUE KEY `web_settings_home_page_links_unique` (`web_setting_id`,`page_id`),
  KEY `web_settings_home_page_links_fk` (`web_setting_id`),
  KEY `web_settings_home_page_links_inv_fk` (`page_id`),
  CONSTRAINT `web_settings_home_page_links_fk` FOREIGN KEY (`web_setting_id`) REFERENCES `web_settings` (`id`) ON DELETE CASCADE,
  CONSTRAINT `web_settings_home_page_links_inv_fk` FOREIGN KEY (`page_id`) REFERENCES `pages` (`id`) ON DELETE CASCADE
) ENGINE=InnoDB DEFAULT CHARSET=utf8mb4;

LOCK TABLES `web_settings_home_page_links` WRITE;
/*!40000 ALTER TABLE `web_settings_home_page_links` DISABLE KEYS */;

INSERT INTO `web_settings_home_page_links` (`id`, `web_setting_id`, `page_id`)
VALUES
	(1,1,1);

/*!40000 ALTER TABLE `web_settings_home_page_links` ENABLE KEYS */;
UNLOCK TABLES;


# Dump of table web_settings_localizations_links
# ------------------------------------------------------------

DROP TABLE IF EXISTS `web_settings_localizations_links`;

CREATE TABLE `web_settings_localizations_links` (
  `id` int(10) unsigned NOT NULL AUTO_INCREMENT,
  `web_setting_id` int(10) unsigned DEFAULT NULL,
  `inv_web_setting_id` int(10) unsigned DEFAULT NULL,
  `web_setting_order` double unsigned DEFAULT NULL,
  PRIMARY KEY (`id`),
  UNIQUE KEY `web_settings_localizations_links_unique` (`web_setting_id`,`inv_web_setting_id`),
  KEY `web_settings_localizations_links_fk` (`web_setting_id`),
  KEY `web_settings_localizations_links_inv_fk` (`inv_web_setting_id`),
  KEY `web_settings_localizations_links_order_fk` (`web_setting_order`),
  CONSTRAINT `web_settings_localizations_links_fk` FOREIGN KEY (`web_setting_id`) REFERENCES `web_settings` (`id`) ON DELETE CASCADE,
  CONSTRAINT `web_settings_localizations_links_inv_fk` FOREIGN KEY (`inv_web_setting_id`) REFERENCES `web_settings` (`id`) ON DELETE CASCADE
) ENGINE=InnoDB DEFAULT CHARSET=utf8mb4;



# Dump of table web_settings_main_menu_links
# ------------------------------------------------------------

DROP TABLE IF EXISTS `web_settings_main_menu_links`;

CREATE TABLE `web_settings_main_menu_links` (
  `id` int(10) unsigned NOT NULL AUTO_INCREMENT,
  `web_setting_id` int(10) unsigned DEFAULT NULL,
  `menu_id` int(10) unsigned DEFAULT NULL,
  PRIMARY KEY (`id`),
  UNIQUE KEY `web_settings_main_menu_links_unique` (`web_setting_id`,`menu_id`),
  KEY `web_settings_main_menu_links_fk` (`web_setting_id`),
  KEY `web_settings_main_menu_links_inv_fk` (`menu_id`),
  CONSTRAINT `web_settings_main_menu_links_fk` FOREIGN KEY (`web_setting_id`) REFERENCES `web_settings` (`id`) ON DELETE CASCADE,
  CONSTRAINT `web_settings_main_menu_links_inv_fk` FOREIGN KEY (`menu_id`) REFERENCES `menus` (`id`) ON DELETE CASCADE
) ENGINE=InnoDB DEFAULT CHARSET=utf8mb4;

LOCK TABLES `web_settings_main_menu_links` WRITE;
/*!40000 ALTER TABLE `web_settings_main_menu_links` DISABLE KEYS */;

INSERT INTO `web_settings_main_menu_links` (`id`, `web_setting_id`, `menu_id`)
VALUES
	(1,1,1);

/*!40000 ALTER TABLE `web_settings_main_menu_links` ENABLE KEYS */;
UNLOCK TABLES;


# Dump of table web_settings_versions_links
# ------------------------------------------------------------

DROP TABLE IF EXISTS `web_settings_versions_links`;

CREATE TABLE `web_settings_versions_links` (
  `id` int(10) unsigned NOT NULL AUTO_INCREMENT,
  `web_setting_id` int(10) unsigned DEFAULT NULL,
  `inv_web_setting_id` int(10) unsigned DEFAULT NULL,
  `web_setting_order` double unsigned DEFAULT NULL,
  PRIMARY KEY (`id`),
  UNIQUE KEY `web_settings_versions_links_unique` (`web_setting_id`,`inv_web_setting_id`),
  KEY `web_settings_versions_links_fk` (`web_setting_id`),
  KEY `web_settings_versions_links_inv_fk` (`inv_web_setting_id`),
  KEY `web_settings_versions_links_order_fk` (`web_setting_order`),
  CONSTRAINT `web_settings_versions_links_fk` FOREIGN KEY (`web_setting_id`) REFERENCES `web_settings` (`id`) ON DELETE CASCADE,
  CONSTRAINT `web_settings_versions_links_inv_fk` FOREIGN KEY (`inv_web_setting_id`) REFERENCES `web_settings` (`id`) ON DELETE CASCADE
) ENGINE=InnoDB DEFAULT CHARSET=utf8mb4;




/*!40111 SET SQL_NOTES=@OLD_SQL_NOTES */;
/*!40101 SET SQL_MODE=@OLD_SQL_MODE */;
/*!40014 SET FOREIGN_KEY_CHECKS=@OLD_FOREIGN_KEY_CHECKS */;
/*!40101 SET CHARACTER_SET_CLIENT=@OLD_CHARACTER_SET_CLIENT */;
/*!40101 SET CHARACTER_SET_RESULTS=@OLD_CHARACTER_SET_RESULTS */;
/*!40101 SET COLLATION_CONNECTION=@OLD_COLLATION_CONNECTION */;
